Record_ID,Voltage,Current,Frequency,Fault_Type,Asset_Type,Asset_ID,Severity,Confidence,Fault_Label
1,184.98,24.26,49.73,Voltage Sag,Transmission Line,TL-22A,Critical,94.79,0
2,176.24,12.34,49.06,Voltage Sag,Transmission Line,TL-22A,Critical,96.93,0
3,194.04,20.62,49.02,Voltage Sag,Transmission Line,TL-22A,Critical,97.76,0
4,203.3,13.19,49.18,Voltage Sag,Transmission Line,TL-22A,Critical,91.47,0
5,182.17,17.87,49.43,Voltage Sag,Transmission Line,TL-22A,Critical,92.33,0
6,194.47,12.09,49.29,Voltage Sag,Transmission Line,TL-22A,Critical,92.93,0
7,188.24,21.78,49.2,Voltage Sag,Transmission Line,TL-22A,Critical,94.11,0
8,193.7,10.7,49.61,Voltage Sag,Transmission Line,TL-22A,Critical,91.36,0
9,172.6,24.23,49.97,Voltage Sag,Transmission Line,TL-22A,Critical,96.47,0
10,182.18,11.47,49.68,Voltage Sag,Transmission Line,TL-22A,Critical,93.52,0
11,174.88,17.43,49.03,Voltage Sag,Transmission Line,TL-22A,Critical,97.27,0
12,180.35,19.94,49.31,Voltage Sag,Transmission Line,TL-22A,Critical,94.16,0
13,191.87,12.77,49.97,Voltage Sag,Transmission Line,TL-22A,Critical,96.2,0
14,207.58,23.42,49.6,Voltage Sag,Transmission Line,TL-22A,Critical,97.37,0
15,173.54,12.94,49.05,Voltage Sag,Transmission Line,TL-22A,Critical,92.6,0
16,185.55,14.07,49.83,Voltage Sag,Transmission Line,TL-22A,Critical,92.85,0
17,181.24,18.14,49.14,Voltage Sag,Transmission Line,TL-22A,Critical,96.42,0
18,172.98,24.8,49.77,Voltage Sag,Transmission Line,TL-22A,Critical,91.59,0
19,170.22,22.23,49.71,Voltage Sag,Transmission Line,TL-22A,Critical,95.83,0
20,200.85,11.11,49.36,Voltage Sag,Transmission Line,TL-22A,Critical,90.93,0
21,204.52,19.35,49.33,Voltage Sag,Transmission Line,TL-22A,Critical,90.51,0
22,182.44,14.88,49.73,Voltage Sag,Transmission Line,TL-22A,Critical,95.1,0
23,205.49,17.08,49.12,Voltage Sag,Transmission Line,TL-22A,Critical,95.71,0
24,200.43,18.42,49.77,Voltage Sag,Transmission Line,TL-22A,Critical,93.95,0
25,190.91,16.41,49.03,Voltage Sag,Transmission Line,TL-22A,Critical,90.86,0
26,171.26,19.55,49.31,Voltage Sag,Transmission Line,TL-22A,Critical,94.07,0
27,206.3,13.74,49.41,Voltage Sag,Transmission Line,TL-22A,Critical,96.04,0
28,179.15,11.15,49.29,Voltage Sag,Transmission Line,TL-22A,Critical,91.29,0
29,207.19,22.12,49.63,Voltage Sag,Transmission Line,TL-22A,Critical,96.97,0
30,202.15,12.8,49.89,Voltage Sag,Transmission Line,TL-22A,Critical,94.31,0
31,202.3,23.44,49.32,Voltage Sag,Transmission Line,TL-22A,Critical,90.88,0
32,179.12,16.41,49.82,Voltage Sag,Transmission Line,TL-22A,Critical,96.89,0
33,170.28,17.66,49.42,Voltage Sag,Transmission Line,TL-22A,Critical,91.78,0
34,174.79,15.06,49.94,Voltage Sag,Transmission Line,TL-22A,Critical,92.59,0
35,190.75,20.55,49.36,Voltage Sag,Transmission Line,TL-22A,Critical,97.77,0
36,208.5,13.78,49.5,Voltage Sag,Transmission Line,TL-22A,Critical,92.41,0
37,181.39,10.55,49.61,Voltage Sag,Transmission Line,TL-22A,Critical,94.02,0
38,172.06,14.18,49.91,Voltage Sag,Transmission Line,TL-22A,Critical,91.92,0
39,175.8,17.34,49.99,Voltage Sag,Transmission Line,TL-22A,Critical,91.94,0
40,196.89,21.42,49.24,Voltage Sag,Transmission Line,TL-22A,Critical,95.83,0
41,184.71,19.48,49.63,Voltage Sag,Transmission Line,TL-22A,Critical,94.29,0
42,173.61,22.53,49.32,Voltage Sag,Transmission Line,TL-22A,Critical,91.49,0
43,171.63,18.86,49.68,Voltage Sag,Transmission Line,TL-22A,Critical,90.13,0
44,190.48,13.4,49.65,Voltage Sag,Transmission Line,TL-22A,Critical,91.39,0
45,197.64,15.8,49.94,Voltage Sag,Transmission Line,TL-22A,Critical,91.1,0
46,183.64,11.7,49.92,Voltage Sag,Transmission Line,TL-22A,Critical,97.02,0
47,180.32,19.9,49.82,Voltage Sag,Transmission Line,TL-22A,Critical,94.44,0
48,191.19,13.63,49.09,Voltage Sag,Transmission Line,TL-22A,Critical,97.18,0
49,206.02,19.5,49.34,Voltage Sag,Transmission Line,TL-22A,Critical,92.79,0
50,199.04,23.46,49.89,Voltage Sag,Transmission Line,TL-22A,Critical,96.24,0
51,195.68,11.26,49.16,Voltage Sag,Transmission Line,TL-22A,Critical,97.19,0
52,194.26,10.14,49.1,Voltage Sag,Transmission Line,TL-22A,Critical,95.31,0
53,170.2,12.41,49.55,Voltage Sag,Transmission Line,TL-22A,Critical,95.54,0
54,196.08,13.36,49.71,Voltage Sag,Transmission Line,TL-22A,Critical,91.9,0
55,183.02,21.2,49.65,Voltage Sag,Transmission Line,TL-22A,Critical,96.79,0
56,196.3,18.52,49.09,Voltage Sag,Transmission Line,TL-22A,Critical,92.94,0
57,180.61,13.66,49.97,Voltage Sag,Transmission Line,TL-22A,Critical,93.14,0
58,205.68,19.47,49.79,Voltage Sag,Transmission Line,TL-22A,Critical,94.02,0
59,193.08,17.39,49.2,Voltage Sag,Transmission Line,TL-22A,Critical,95.78,0
60,181.23,10.36,49.65,Voltage Sag,Transmission Line,TL-22A,Critical,91.42,0
61,207.62,24.31,49.91,Voltage Sag,Transmission Line,TL-22A,Critical,92.96,0
62,170.62,23.92,49.43,Voltage Sag,Transmission Line,TL-22A,Critical,97.73,0
63,208.54,22.8,49.29,Voltage Sag,Transmission Line,TL-22A,Critical,93.08,0
64,204.05,14.75,49.17,Voltage Sag,Transmission Line,TL-22A,Critical,94.45,0
65,207.45,20.44,49.57,Voltage Sag,Transmission Line,TL-22A,Critical,90.78,0
66,194.6,24.85,49.14,Voltage Sag,Transmission Line,TL-22A,Critical,94.15,0
67,205.09,21.11,49.7,Voltage Sag,Transmission Line,TL-22A,Critical,95.62,0
68,184.38,14.4,49.81,Voltage Sag,Transmission Line,TL-22A,Critical,96.48,0
69,204.68,23.7,49.51,Voltage Sag,Transmission Line,TL-22A,Critical,94.01,0
70,201.93,19.75,49.7,Voltage Sag,Transmission Line,TL-22A,Critical,96.37,0
71,205.6,15.07,49.38,Voltage Sag,Transmission Line,TL-22A,Critical,90.75,0
72,193.13,10.54,49.47,Voltage Sag,Transmission Line,TL-22A,Critical,94.34,0
73,181.46,18.86,49.03,Voltage Sag,Transmission Line,TL-22A,Critical,90.3,0
74,202.9,15.4,49.13,Voltage Sag,Transmission Line,TL-22A,Critical,94.18,0
75,200.8,13.24,49.62,Voltage Sag,Transmission Line,TL-22A,Critical,90.68,0
76,172.07,17.97,49.54,Voltage Sag,Transmission Line,TL-22A,Critical,95.1,0
77,199.04,24.64,49.52,Voltage Sag,Transmission Line,TL-22A,Critical,92.58,0
78,201.81,14.06,49.44,Voltage Sag,Transmission Line,TL-22A,Critical,90.63,0
79,171.01,24.44,49.84,Voltage Sag,Transmission Line,TL-22A,Critical,95.57,0
80,186.36,12.6,49.16,Voltage Sag,Transmission Line,TL-22A,Critical,92.0,0
81,191.97,20.72,49.66,Voltage Sag,Transmission Line,TL-22A,Critical,92.24,0
82,208.19,21.07,49.55,Voltage Sag,Transmission Line,TL-22A,Critical,94.89,0
83,186.78,13.72,49.36,Voltage Sag,Transmission Line,TL-22A,Critical,96.06,0
84,170.58,11.74,49.05,Voltage Sag,Transmission Line,TL-22A,Critical,90.33,0
85,204.22,20.55,49.47,Voltage Sag,Transmission Line,TL-22A,Critical,90.78,0
86,189.66,17.1,49.17,Voltage Sag,Transmission Line,TL-22A,Critical,93.47,0
87,185.94,19.24,49.64,Voltage Sag,Transmission Line,TL-22A,Critical,90.36,0
88,184.98,19.39,49.5,Voltage Sag,Transmission Line,TL-22A,Critical,96.85,0
89,196.35,12.44,49.07,Voltage Sag,Transmission Line,TL-22A,Critical,95.14,0
90,171.06,18.79,49.94,Voltage Sag,Transmission Line,TL-22A,Critical,94.6,0
91,185.53,19.65,49.46,Voltage Sag,Transmission Line,TL-22A,Critical,94.36,0
92,207.66,15.79,49.96,Voltage Sag,Transmission Line,TL-22A,Critical,97.24,0
93,177.83,11.04,49.1,Voltage Sag,Transmission Line,TL-22A,Critical,90.15,0
94,173.78,20.25,49.07,Voltage Sag,Transmission Line,TL-22A,Critical,92.55,0
95,203.8,10.35,49.81,Voltage Sag,Transmission Line,TL-22A,Critical,92.25,0
96,174.73,20.45,49.63,Voltage Sag,Transmission Line,TL-22A,Critical,97.02,0
97,199.4,22.05,49.28,Voltage Sag,Transmission Line,TL-22A,Critical,91.42,0
98,200.02,22.1,49.99,Voltage Sag,Transmission Line,TL-22A,Critical,93.3,0
99,184.88,21.65,49.34,Voltage Sag,Transmission Line,TL-22A,Critical,97.45,0
100,204.34,16.43,49.75,Voltage Sag,Transmission Line,TL-22A,Critical,96.04,0
101,174.12,23.54,49.51,Voltage Sag,Transmission Line,TL-22A,Critical,96.61,0
102,182.8,23.43,49.39,Voltage Sag,Transmission Line,TL-22A,Critical,90.09,0
103,206.22,11.37,49.32,Voltage Sag,Transmission Line,TL-22A,Critical,97.6,0
104,208.02,18.6,49.63,Voltage Sag,Transmission Line,TL-22A,Critical,93.59,0
105,181.73,14.93,49.67,Voltage Sag,Transmission Line,TL-22A,Critical,96.02,0
106,201.66,21.84,49.09,Voltage Sag,Transmission Line,TL-22A,Critical,93.96,0
107,172.3,18.24,49.44,Voltage Sag,Transmission Line,TL-22A,Critical,97.1,0
108,184.04,11.76,49.14,Voltage Sag,Transmission Line,TL-22A,Critical,96.09,0
109,194.73,11.52,49.08,Voltage Sag,Transmission Line,TL-22A,Critical,95.61,0
110,172.91,22.33,49.71,Voltage Sag,Transmission Line,TL-22A,Critical,90.65,0
111,173.39,24.8,49.37,Voltage Sag,Transmission Line,TL-22A,Critical,92.97,0
112,202.51,24.21,49.99,Voltage Sag,Transmission Line,TL-22A,Critical,96.03,0
113,185.05,11.25,49.78,Voltage Sag,Transmission Line,TL-22A,Critical,94.47,0
114,186.97,23.6,49.11,Voltage Sag,Transmission Line,TL-22A,Critical,93.94,0
115,170.45,17.03,49.06,Voltage Sag,Transmission Line,TL-22A,Critical,90.95,0
116,174.7,19.74,49.75,Voltage Sag,Transmission Line,TL-22A,Critical,94.67,0
117,208.49,15.62,49.29,Voltage Sag,Transmission Line,TL-22A,Critical,96.95,0
118,178.94,24.45,49.01,Voltage Sag,Transmission Line,TL-22A,Critical,97.76,0
119,171.73,23.37,49.53,Voltage Sag,Transmission Line,TL-22A,Critical,97.94,0
120,172.95,18.31,49.97,Voltage Sag,Transmission Line,TL-22A,Critical,94.18,0
121,195.18,20.44,49.45,Voltage Sag,Transmission Line,TL-22A,Critical,95.02,0
122,193.37,23.52,49.05,Voltage Sag,Transmission Line,TL-22A,Critical,92.25,0
123,208.02,23.35,49.46,Voltage Sag,Transmission Line,TL-22A,Critical,94.96,0
124,181.1,12.82,49.46,Voltage Sag,Transmission Line,TL-22A,Critical,92.83,0
125,193.35,11.17,49.97,Voltage Sag,Transmission Line,TL-22A,Critical,97.89,0
126,197.93,18.04,49.31,Voltage Sag,Transmission Line,TL-22A,Critical,96.51,0
127,197.39,12.44,49.91,Voltage Sag,Transmission Line,TL-22A,Critical,96.58,0
128,207.99,20.89,49.61,Voltage Sag,Transmission Line,TL-22A,Critical,93.35,0
129,207.31,22.99,49.05,Voltage Sag,Transmission Line,TL-22A,Critical,90.21,0
130,185.06,22.16,49.99,Voltage Sag,Transmission Line,TL-22A,Critical,91.2,0
131,193.77,15.71,49.97,Voltage Sag,Transmission Line,TL-22A,Critical,96.74,0
132,203.53,17.03,49.41,Voltage Sag,Transmission Line,TL-22A,Critical,92.19,0
133,172.26,22.97,49.81,Voltage Sag,Transmission Line,TL-22A,Critical,98.0,0
134,209.87,18.33,49.77,Voltage Sag,Transmission Line,TL-22A,Critical,97.56,0
135,203.99,13.71,49.45,Voltage Sag,Transmission Line,TL-22A,Critical,91.03,0
136,208.16,19.09,49.23,Voltage Sag,Transmission Line,TL-22A,Critical,95.37,0
137,194.73,15.37,49.11,Voltage Sag,Transmission Line,TL-22A,Critical,95.37,0
138,190.81,21.58,49.52,Voltage Sag,Transmission Line,TL-22A,Critical,96.82,0
139,192.08,18.41,49.88,Voltage Sag,Transmission Line,TL-22A,Critical,93.23,0
140,175.36,10.43,49.76,Voltage Sag,Transmission Line,TL-22A,Critical,94.96,0
141,198.16,13.19,49.14,Voltage Sag,Transmission Line,TL-22A,Critical,90.12,0
142,184.02,18.85,49.39,Voltage Sag,Transmission Line,TL-22A,Critical,93.5,0
143,206.17,15.22,49.51,Voltage Sag,Transmission Line,TL-22A,Critical,96.27,0
144,185.86,19.33,49.86,Voltage Sag,Transmission Line,TL-22A,Critical,97.6,0
145,175.88,23.9,49.49,Voltage Sag,Transmission Line,TL-22A,Critical,92.07,0
146,188.37,24.7,49.49,Voltage Sag,Transmission Line,TL-22A,Critical,92.63,0
147,195.34,13.6,49.08,Voltage Sag,Transmission Line,TL-22A,Critical,91.03,0
148,175.12,12.28,49.14,Voltage Sag,Transmission Line,TL-22A,Critical,95.13,0
149,177.28,15.19,49.9,Voltage Sag,Transmission Line,TL-22A,Critical,93.79,0
150,196.7,12.58,49.19,Voltage Sag,Transmission Line,TL-22A,Critical,90.33,0
151,176.76,14.18,49.18,Voltage Sag,Transmission Line,TL-22A,Critical,90.71,0
152,174.83,16.91,49.21,Voltage Sag,Transmission Line,TL-22A,Critical,92.91,0
153,190.14,20.36,49.04,Voltage Sag,Transmission Line,TL-22A,Critical,96.4,0
154,195.12,11.23,49.87,Voltage Sag,Transmission Line,TL-22A,Critical,97.37,0
155,172.44,14.15,49.81,Voltage Sag,Transmission Line,TL-22A,Critical,95.99,0
156,177.38,13.14,49.37,Voltage Sag,Transmission Line,TL-22A,Critical,93.88,0
157,194.73,15.53,49.46,Voltage Sag,Transmission Line,TL-22A,Critical,95.98,0
158,171.47,13.79,49.71,Voltage Sag,Transmission Line,TL-22A,Critical,97.16,0
159,190.47,17.98,49.11,Voltage Sag,Transmission Line,TL-22A,Critical,93.58,0
160,191.3,13.64,49.27,Voltage Sag,Transmission Line,TL-22A,Critical,93.02,0
161,170.8,14.83,49.21,Voltage Sag,Transmission Line,TL-22A,Critical,92.62,0
162,174.79,23.36,49.59,Voltage Sag,Transmission Line,TL-22A,Critical,95.43,0
163,201.57,17.48,49.09,Voltage Sag,Transmission Line,TL-22A,Critical,94.3,0
164,193.47,21.18,49.43,Voltage Sag,Transmission Line,TL-22A,Critical,91.02,0
165,181.35,15.45,49.65,Voltage Sag,Transmission Line,TL-22A,Critical,94.57,0
166,184.24,24.8,49.61,Voltage Sag,Transmission Line,TL-22A,Critical,91.9,0
167,174.07,12.29,49.25,Voltage Sag,Transmission Line,TL-22A,Critical,91.29,0
168,177.46,14.28,49.17,Voltage Sag,Transmission Line,TL-22A,Critical,97.17,0
169,173.21,17.87,49.41,Voltage Sag,Transmission Line,TL-22A,Critical,97.86,0
170,174.48,15.97,49.97,Voltage Sag,Transmission Line,TL-22A,Critical,96.92,0
171,202.68,13.87,49.17,Voltage Sag,Transmission Line,TL-22A,Critical,95.35,0
172,207.18,18.35,49.57,Voltage Sag,Transmission Line,TL-22A,Critical,92.24,0
173,200.78,12.81,49.32,Voltage Sag,Transmission Line,TL-22A,Critical,93.4,0
174,190.3,13.64,49.11,Voltage Sag,Transmission Line,TL-22A,Critical,94.88,0
175,181.55,18.72,49.15,Voltage Sag,Transmission Line,TL-22A,Critical,93.85,0
176,191.3,10.78,49.34,Voltage Sag,Transmission Line,TL-22A,Critical,91.08,0
177,172.53,24.85,49.32,Voltage Sag,Transmission Line,TL-22A,Critical,96.48,0
178,180.19,20.22,49.76,Voltage Sag,Transmission Line,TL-22A,Critical,94.77,0
179,188.86,16.18,49.35,Voltage Sag,Transmission Line,TL-22A,Critical,97.44,0
180,203.22,24.48,49.12,Voltage Sag,Transmission Line,TL-22A,Critical,95.85,0
181,207.53,12.72,49.07,Voltage Sag,Transmission Line,TL-22A,Critical,95.93,0
182,192.98,22.63,49.14,Voltage Sag,Transmission Line,TL-22A,Critical,96.36,0
183,178.07,12.45,49.16,Voltage Sag,Transmission Line,TL-22A,Critical,96.52,0
184,196.61,17.85,49.36,Voltage Sag,Transmission Line,TL-22A,Critical,97.02,0
185,185.7,22.25,49.44,Voltage Sag,Transmission Line,TL-22A,Critical,93.02,0
186,188.51,14.52,49.75,Voltage Sag,Transmission Line,TL-22A,Critical,94.02,0
187,179.29,23.49,49.38,Voltage Sag,Transmission Line,TL-22A,Critical,94.35,0
188,206.26,19.36,49.12,Voltage Sag,Transmission Line,TL-22A,Critical,97.52,0
189,195.11,15.02,49.14,Voltage Sag,Transmission Line,TL-22A,Critical,96.35,0
190,194.8,18.0,49.89,Voltage Sag,Transmission Line,TL-22A,Critical,96.31,0
191,176.07,14.68,49.25,Voltage Sag,Transmission Line,TL-22A,Critical,95.95,0
192,171.34,18.55,49.76,Voltage Sag,Transmission Line,TL-22A,Critical,97.01,0
193,183.68,22.32,49.11,Voltage Sag,Transmission Line,TL-22A,Critical,96.77,0
194,175.1,15.96,49.8,Voltage Sag,Transmission Line,TL-22A,Critical,91.2,0
195,179.17,20.83,49.72,Voltage Sag,Transmission Line,TL-22A,Critical,95.13,0
196,197.76,18.14,49.25,Voltage Sag,Transmission Line,TL-22A,Critical,92.77,0
197,177.26,23.63,49.58,Voltage Sag,Transmission Line,TL-22A,Critical,93.21,0
198,188.48,24.21,49.15,Voltage Sag,Transmission Line,TL-22A,Critical,94.69,0
199,190.24,19.17,49.02,Voltage Sag,Transmission Line,TL-22A,Critical,96.98,0
200,207.28,18.48,49.7,Voltage Sag,Transmission Line,TL-22A,Critical,97.38,0
201,198.29,12.29,49.58,Voltage Sag,Transmission Line,TL-22A,Critical,94.85,0
202,186.97,21.05,49.93,Voltage Sag,Transmission Line,TL-22A,Critical,97.4,0
203,188.03,11.7,49.98,Voltage Sag,Transmission Line,TL-22A,Critical,96.71,0
204,174.99,23.81,49.87,Voltage Sag,Transmission Line,TL-22A,Critical,94.15,0
205,193.65,15.99,49.05,Voltage Sag,Transmission Line,TL-22A,Critical,92.68,0
206,202.11,10.07,49.33,Voltage Sag,Transmission Line,TL-22A,Critical,93.19,0
207,191.5,23.8,49.35,Voltage Sag,Transmission Line,TL-22A,Critical,92.78,0
208,199.5,16.78,49.22,Voltage Sag,Transmission Line,TL-22A,Critical,93.62,0
209,175.63,12.65,49.5,Voltage Sag,Transmission Line,TL-22A,Critical,93.35,0
210,206.59,15.44,49.58,Voltage Sag,Transmission Line,TL-22A,Critical,95.06,0
211,170.52,19.95,49.18,Voltage Sag,Transmission Line,TL-22A,Critical,97.69,0
212,175.95,16.22,49.09,Voltage Sag,Transmission Line,TL-22A,Critical,97.97,0
213,190.09,18.93,49.07,Voltage Sag,Transmission Line,TL-22A,Critical,96.0,0
214,178.4,23.47,49.21,Voltage Sag,Transmission Line,TL-22A,Critical,91.53,0
215,171.46,17.08,49.56,Voltage Sag,Transmission Line,TL-22A,Critical,90.53,0
216,201.02,16.8,49.52,Voltage Sag,Transmission Line,TL-22A,Critical,93.53,0
217,186.03,18.39,49.16,Voltage Sag,Transmission Line,TL-22A,Critical,91.46,0
218,204.47,24.19,49.37,Voltage Sag,Transmission Line,TL-22A,Critical,92.17,0
219,195.76,16.13,49.03,Voltage Sag,Transmission Line,TL-22A,Critical,91.25,0
220,198.64,19.88,49.03,Voltage Sag,Transmission Line,TL-22A,Critical,91.78,0
221,179.24,20.08,49.02,Voltage Sag,Transmission Line,TL-22A,Critical,90.83,0
222,202.0,12.68,49.65,Voltage Sag,Transmission Line,TL-22A,Critical,91.91,0
223,173.98,13.65,49.72,Voltage Sag,Transmission Line,TL-22A,Critical,96.85,0
224,203.21,15.96,49.67,Voltage Sag,Transmission Line,TL-22A,Critical,91.64,0
225,181.73,23.45,49.01,Voltage Sag,Transmission Line,TL-22A,Critical,90.68,0
226,178.32,10.4,49.18,Voltage Sag,Transmission Line,TL-22A,Critical,94.66,0
227,186.86,23.39,49.82,Voltage Sag,Transmission Line,TL-22A,Critical,92.73,0
228,180.38,15.7,49.59,Voltage Sag,Transmission Line,TL-22A,Critical,92.14,0
229,194.97,16.14,49.55,Voltage Sag,Transmission Line,TL-22A,Critical,93.49,0
230,181.78,24.23,49.76,Voltage Sag,Transmission Line,TL-22A,Critical,91.12,0
231,204.74,17.31,49.89,Voltage Sag,Transmission Line,TL-22A,Critical,96.4,0
232,187.01,10.34,49.27,Voltage Sag,Transmission Line,TL-22A,Critical,94.33,0
233,195.34,13.87,49.14,Voltage Sag,Transmission Line,TL-22A,Critical,96.68,0
234,209.38,17.89,49.17,Voltage Sag,Transmission Line,TL-22A,Critical,92.18,0
235,170.74,23.71,49.12,Voltage Sag,Transmission Line,TL-22A,Critical,94.61,0
236,180.96,18.31,49.65,Voltage Sag,Transmission Line,TL-22A,Critical,96.64,0
237,178.26,10.16,49.14,Voltage Sag,Transmission Line,TL-22A,Critical,97.2,0
238,204.96,18.96,49.6,Voltage Sag,Transmission Line,TL-22A,Critical,95.32,0
239,177.01,23.72,49.42,Voltage Sag,Transmission Line,TL-22A,Critical,93.07,0
240,190.76,10.7,49.17,Voltage Sag,Transmission Line,TL-22A,Critical,95.9,0
241,173.31,19.05,49.25,Voltage Sag,Transmission Line,TL-22A,Critical,93.11,0
242,181.55,15.34,49.72,Voltage Sag,Transmission Line,TL-22A,Critical,92.38,0
243,192.66,17.14,49.66,Voltage Sag,Transmission Line,TL-22A,Critical,97.49,0
244,199.3,13.22,49.03,Voltage Sag,Transmission Line,TL-22A,Critical,92.1,0
245,193.8,10.77,49.5,Voltage Sag,Transmission Line,TL-22A,Critical,94.77,0
246,183.37,21.56,49.11,Voltage Sag,Transmission Line,TL-22A,Critical,90.6,0
247,199.13,17.43,49.69,Voltage Sag,Transmission Line,TL-22A,Critical,93.48,0
248,179.86,22.29,49.8,Voltage Sag,Transmission Line,TL-22A,Critical,95.56,0
249,180.89,18.85,49.36,Voltage Sag,Transmission Line,TL-22A,Critical,90.73,0
250,206.69,12.05,49.95,Voltage Sag,Transmission Line,TL-22A,Critical,93.57,0
251,177.41,18.13,49.87,Voltage Sag,Transmission Line,TL-22A,Critical,95.86,0
252,202.26,19.88,49.69,Voltage Sag,Transmission Line,TL-22A,Critical,96.79,0
253,179.99,17.34,49.22,Voltage Sag,Transmission Line,TL-22A,Critical,97.9,0
254,207.76,10.59,49.71,Voltage Sag,Transmission Line,TL-22A,Critical,97.4,0
255,177.22,18.52,49.92,Voltage Sag,Transmission Line,TL-22A,Critical,90.27,0
256,197.9,14.46,49.92,Voltage Sag,Transmission Line,TL-22A,Critical,97.77,0
257,207.77,17.11,49.86,Voltage Sag,Transmission Line,TL-22A,Critical,96.76,0
258,182.76,22.43,49.04,Voltage Sag,Transmission Line,TL-22A,Critical,94.77,0
259,179.2,11.81,49.08,Voltage Sag,Transmission Line,TL-22A,Critical,95.57,0
260,183.59,20.87,49.07,Voltage Sag,Transmission Line,TL-22A,Critical,92.52,0
261,191.58,21.86,49.32,Voltage Sag,Transmission Line,TL-22A,Critical,95.01,0
262,205.44,19.24,49.23,Voltage Sag,Transmission Line,TL-22A,Critical,90.2,0
263,204.8,10.32,49.87,Voltage Sag,Transmission Line,TL-22A,Critical,94.23,0
264,207.56,21.98,50.0,Voltage Sag,Transmission Line,TL-22A,Critical,92.81,0
265,200.69,16.03,49.48,Voltage Sag,Transmission Line,TL-22A,Critical,95.02,0
266,204.95,24.76,49.77,Voltage Sag,Transmission Line,TL-22A,Critical,93.34,0
267,186.85,21.06,49.24,Voltage Sag,Transmission Line,TL-22A,Critical,90.88,0
268,184.18,14.31,49.3,Voltage Sag,Transmission Line,TL-22A,Critical,91.87,0
269,171.68,10.27,49.99,Voltage Sag,Transmission Line,TL-22A,Critical,93.42,0
270,185.37,20.19,49.22,Voltage Sag,Transmission Line,TL-22A,Critical,97.6,0
271,201.45,11.34,49.42,Voltage Sag,Transmission Line,TL-22A,Critical,97.03,0
272,207.79,17.01,49.61,Voltage Sag,Transmission Line,TL-22A,Critical,91.34,0
273,209.65,13.48,49.94,Voltage Sag,Transmission Line,TL-22A,Critical,95.2,0
274,194.31,17.69,49.23,Voltage Sag,Transmission Line,TL-22A,Critical,91.41,0
275,178.82,12.8,49.78,Voltage Sag,Transmission Line,TL-22A,Critical,92.8,0
276,172.31,24.54,49.88,Voltage Sag,Transmission Line,TL-22A,Critical,97.42,0
277,209.8,12.61,49.4,Voltage Sag,Transmission Line,TL-22A,Critical,96.07,0
278,197.84,12.31,49.82,Voltage Sag,Transmission Line,TL-22A,Critical,91.8,0
279,178.95,18.05,49.59,Voltage Sag,Transmission Line,TL-22A,Critical,94.64,0
280,173.66,23.16,49.27,Voltage Sag,Transmission Line,TL-22A,Critical,91.04,0
281,205.55,24.33,49.86,Voltage Sag,Transmission Line,TL-22A,Critical,96.48,0
282,196.21,18.26,49.09,Voltage Sag,Transmission Line,TL-22A,Critical,93.27,0
283,184.91,13.9,49.72,Voltage Sag,Transmission Line,TL-22A,Critical,93.97,0
284,173.24,13.3,49.68,Voltage Sag,Transmission Line,TL-22A,Critical,90.61,0
285,204.05,17.43,49.48,Voltage Sag,Transmission Line,TL-22A,Critical,94.74,0
286,202.99,15.22,49.68,Voltage Sag,Transmission Line,TL-22A,Critical,94.53,0
287,180.68,23.18,49.8,Voltage Sag,Transmission Line,TL-22A,Critical,95.27,0
288,204.02,23.01,49.71,Voltage Sag,Transmission Line,TL-22A,Critical,96.7,0
289,197.9,20.2,49.62,Voltage Sag,Transmission Line,TL-22A,Critical,96.02,0
290,176.34,23.21,49.87,Voltage Sag,Transmission Line,TL-22A,Critical,90.23,0
291,203.03,11.93,49.34,Voltage Sag,Transmission Line,TL-22A,Critical,95.95,0
292,176.43,22.27,49.83,Voltage Sag,Transmission Line,TL-22A,Critical,94.06,0
293,170.26,14.31,49.62,Voltage Sag,Transmission Line,TL-22A,Critical,97.85,0
294,195.27,13.9,49.63,Voltage Sag,Transmission Line,TL-22A,Critical,94.32,0
295,201.19,11.6,49.76,Voltage Sag,Transmission Line,TL-22A,Critical,94.33,0
296,208.52,15.13,49.63,Voltage Sag,Transmission Line,TL-22A,Critical,97.46,0
297,174.1,24.06,49.69,Voltage Sag,Transmission Line,TL-22A,Critical,90.54,0
298,182.04,20.62,49.07,Voltage Sag,Transmission Line,TL-22A,Critical,94.66,0
299,183.84,19.31,49.05,Voltage Sag,Transmission Line,TL-22A,Critical,96.97,0
300,208.94,24.53,49.75,Voltage Sag,Transmission Line,TL-22A,Critical,91.04,0
301,200.33,10.37,49.02,Voltage Sag,Transmission Line,TL-22A,Critical,92.59,0
302,189.55,21.56,49.68,Voltage Sag,Transmission Line,TL-22A,Critical,93.57,0
303,180.95,24.96,49.43,Voltage Sag,Transmission Line,TL-22A,Critical,93.61,0
304,176.54,21.92,49.69,Voltage Sag,Transmission Line,TL-22A,Critical,91.77,0
305,173.3,20.21,49.65,Voltage Sag,Transmission Line,TL-22A,Critical,92.19,0
306,208.03,12.27,49.43,Voltage Sag,Transmission Line,TL-22A,Critical,97.55,0
307,186.79,19.58,49.4,Voltage Sag,Transmission Line,TL-22A,Critical,92.19,0
308,209.36,16.14,49.89,Voltage Sag,Transmission Line,TL-22A,Critical,91.84,0
309,178.52,10.47,49.65,Voltage Sag,Transmission Line,TL-22A,Critical,92.95,0
310,204.57,17.1,49.97,Voltage Sag,Transmission Line,TL-22A,Critical,91.48,0
311,204.74,21.65,49.77,Voltage Sag,Transmission Line,TL-22A,Critical,96.76,0
312,200.44,19.39,49.13,Voltage Sag,Transmission Line,TL-22A,Critical,90.26,0
313,206.83,19.25,49.8,Voltage Sag,Transmission Line,TL-22A,Critical,93.85,0
314,174.69,11.88,49.69,Voltage Sag,Transmission Line,TL-22A,Critical,93.44,0
315,178.02,17.37,49.06,Voltage Sag,Transmission Line,TL-22A,Critical,94.66,0
316,180.76,21.96,49.31,Voltage Sag,Transmission Line,TL-22A,Critical,93.64,0
317,170.46,11.09,49.39,Voltage Sag,Transmission Line,TL-22A,Critical,93.84,0
318,194.0,14.37,49.69,Voltage Sag,Transmission Line,TL-22A,Critical,96.88,0
319,201.19,10.59,49.48,Voltage Sag,Transmission Line,TL-22A,Critical,90.84,0
320,179.68,24.8,49.14,Voltage Sag,Transmission Line,TL-22A,Critical,93.99,0
321,194.73,20.54,49.56,Voltage Sag,Transmission Line,TL-22A,Critical,90.08,0
322,183.06,17.77,49.09,Voltage Sag,Transmission Line,TL-22A,Critical,92.81,0
323,171.33,11.18,49.4,Voltage Sag,Transmission Line,TL-22A,Critical,91.06,0
324,192.7,20.34,49.8,Voltage Sag,Transmission Line,TL-22A,Critical,91.6,0
325,176.7,11.57,49.64,Voltage Sag,Transmission Line,TL-22A,Critical,95.65,0
326,171.26,24.04,49.05,Voltage Sag,Transmission Line,TL-22A,Critical,94.33,0
327,198.36,23.06,49.71,Voltage Sag,Transmission Line,TL-22A,Critical,96.41,0
328,183.58,22.22,49.08,Voltage Sag,Transmission Line,TL-22A,Critical,97.16,0
329,191.9,22.26,49.45,Voltage Sag,Transmission Line,TL-22A,Critical,95.15,0
330,191.06,20.97,49.08,Voltage Sag,Transmission Line,TL-22A,Critical,90.48,0
331,179.88,12.39,49.87,Voltage Sag,Transmission Line,TL-22A,Critical,91.75,0
332,209.03,15.05,49.18,Voltage Sag,Transmission Line,TL-22A,Critical,96.32,0
333,196.35,17.47,49.56,Voltage Sag,Transmission Line,TL-22A,Critical,95.75,0
334,179.14,24.95,49.97,Voltage Sag,Transmission Line,TL-22A,Critical,95.2,0
335,177.98,20.2,49.07,Voltage Sag,Transmission Line,TL-22A,Critical,90.25,0
336,180.31,16.94,49.87,Voltage Sag,Transmission Line,TL-22A,Critical,95.82,0
337,199.71,16.38,49.35,Voltage Sag,Transmission Line,TL-22A,Critical,92.97,0
338,209.51,10.6,49.87,Voltage Sag,Transmission Line,TL-22A,Critical,94.63,0
339,187.54,20.88,49.49,Voltage Sag,Transmission Line,TL-22A,Critical,96.99,0
340,206.03,16.33,49.28,Voltage Sag,Transmission Line,TL-22A,Critical,94.74,0
341,206.49,13.16,49.62,Voltage Sag,Transmission Line,TL-22A,Critical,95.05,0
342,199.32,11.97,49.72,Voltage Sag,Transmission Line,TL-22A,Critical,97.27,0
343,177.19,13.56,49.97,Voltage Sag,Transmission Line,TL-22A,Critical,91.45,0
344,204.18,17.38,49.25,Voltage Sag,Transmission Line,TL-22A,Critical,96.97,0
345,187.81,17.72,49.36,Voltage Sag,Transmission Line,TL-22A,Critical,94.74,0
346,176.54,15.87,49.97,Voltage Sag,Transmission Line,TL-22A,Critical,92.07,0
347,196.27,14.88,49.77,Voltage Sag,Transmission Line,TL-22A,Critical,91.05,0
348,208.79,16.81,49.24,Voltage Sag,Transmission Line,TL-22A,Critical,90.59,0
349,176.79,17.8,49.34,Voltage Sag,Transmission Line,TL-22A,Critical,96.63,0
350,187.24,13.73,49.62,Voltage Sag,Transmission Line,TL-22A,Critical,95.65,0
351,176.68,12.51,49.04,Voltage Sag,Transmission Line,TL-22A,Critical,95.89,0
352,196.55,17.12,49.84,Voltage Sag,Transmission Line,TL-22A,Critical,96.45,0
353,193.41,23.02,49.21,Voltage Sag,Transmission Line,TL-22A,Critical,90.9,0
354,180.79,10.86,49.53,Voltage Sag,Transmission Line,TL-22A,Critical,97.49,0
355,171.57,11.83,49.45,Voltage Sag,Transmission Line,TL-22A,Critical,97.47,0
356,182.65,17.61,49.04,Voltage Sag,Transmission Line,TL-22A,Critical,91.19,0
357,209.47,24.48,49.0,Voltage Sag,Transmission Line,TL-22A,Critical,97.61,0
358,195.56,23.02,49.45,Voltage Sag,Transmission Line,TL-22A,Critical,94.12,0
359,189.55,20.0,49.14,Voltage Sag,Transmission Line,TL-22A,Critical,90.24,0
360,182.32,20.57,49.2,Voltage Sag,Transmission Line,TL-22A,Critical,95.39,0
361,208.8,11.41,49.67,Voltage Sag,Transmission Line,TL-22A,Critical,93.55,0
362,204.73,12.66,49.69,Voltage Sag,Transmission Line,TL-22A,Critical,96.7,0
363,207.78,20.25,49.5,Voltage Sag,Transmission Line,TL-22A,Critical,94.94,0
364,204.76,18.56,49.03,Voltage Sag,Transmission Line,TL-22A,Critical,97.45,0
365,197.58,20.15,49.22,Voltage Sag,Transmission Line,TL-22A,Critical,95.27,0
366,185.75,19.77,49.11,Voltage Sag,Transmission Line,TL-22A,Critical,95.26,0
367,209.98,10.72,49.98,Voltage Sag,Transmission Line,TL-22A,Critical,93.26,0
368,204.83,21.74,49.57,Voltage Sag,Transmission Line,TL-22A,Critical,95.91,0
369,205.14,16.06,49.33,Voltage Sag,Transmission Line,TL-22A,Critical,95.34,0
370,202.31,21.43,49.8,Voltage Sag,Transmission Line,TL-22A,Critical,93.48,0
371,202.71,11.8,49.54,Voltage Sag,Transmission Line,TL-22A,Critical,90.05,0
372,182.98,15.5,49.4,Voltage Sag,Transmission Line,TL-22A,Critical,95.56,0
373,185.54,16.73,49.24,Voltage Sag,Transmission Line,TL-22A,Critical,92.99,0
374,179.09,11.1,49.6,Voltage Sag,Transmission Line,TL-22A,Critical,95.35,0
375,194.78,16.95,49.38,Voltage Sag,Transmission Line,TL-22A,Critical,96.91,0
376,190.76,17.19,49.03,Voltage Sag,Transmission Line,TL-22A,Critical,92.73,0
377,185.21,15.98,49.58,Voltage Sag,Transmission Line,TL-22A,Critical,94.27,0
378,194.32,21.47,49.81,Voltage Sag,Transmission Line,TL-22A,Critical,95.74,0
379,208.22,10.27,49.2,Voltage Sag,Transmission Line,TL-22A,Critical,90.06,0
380,195.9,23.47,49.24,Voltage Sag,Transmission Line,TL-22A,Critical,97.42,0
381,172.41,24.02,49.35,Voltage Sag,Transmission Line,TL-22A,Critical,90.81,0
382,189.43,13.85,49.28,Voltage Sag,Transmission Line,TL-22A,Critical,92.46,0
383,202.12,18.09,49.31,Voltage Sag,Transmission Line,TL-22A,Critical,94.88,0
384,198.65,14.09,49.41,Voltage Sag,Transmission Line,TL-22A,Critical,90.98,0
385,177.25,20.22,49.18,Voltage Sag,Transmission Line,TL-22A,Critical,94.2,0
386,198.36,11.6,49.57,Voltage Sag,Transmission Line,TL-22A,Critical,92.05,0
387,208.52,17.25,49.81,Voltage Sag,Transmission Line,TL-22A,Critical,94.4,0
388,171.74,19.5,49.95,Voltage Sag,Transmission Line,TL-22A,Critical,94.81,0
389,202.77,23.26,49.23,Voltage Sag,Transmission Line,TL-22A,Critical,91.7,0
390,194.44,16.17,49.84,Voltage Sag,Transmission Line,TL-22A,Critical,97.2,0
391,184.14,13.55,49.78,Voltage Sag,Transmission Line,TL-22A,Critical,92.2,0
392,202.9,16.36,49.67,Voltage Sag,Transmission Line,TL-22A,Critical,90.76,0
393,194.95,16.78,49.59,Voltage Sag,Transmission Line,TL-22A,Critical,91.34,0
394,199.47,22.94,49.22,Voltage Sag,Transmission Line,TL-22A,Critical,90.77,0
395,170.95,19.63,49.61,Voltage Sag,Transmission Line,TL-22A,Critical,94.37,0
396,179.28,15.86,49.59,Voltage Sag,Transmission Line,TL-22A,Critical,93.97,0
397,209.51,12.05,49.7,Voltage Sag,Transmission Line,TL-22A,Critical,93.23,0
398,187.13,20.76,49.69,Voltage Sag,Transmission Line,TL-22A,Critical,97.93,0
399,175.14,11.56,49.72,Voltage Sag,Transmission Line,TL-22A,Critical,94.63,0
400,180.97,11.19,49.09,Voltage Sag,Transmission Line,TL-22A,Critical,97.15,0
401,177.67,14.85,49.23,Voltage Sag,Transmission Line,TL-22A,Critical,92.84,0
402,172.78,17.79,49.07,Voltage Sag,Transmission Line,TL-22A,Critical,96.4,0
403,179.35,18.1,49.88,Voltage Sag,Transmission Line,TL-22A,Critical,95.21,0
404,191.32,14.87,49.33,Voltage Sag,Transmission Line,TL-22A,Critical,95.36,0
405,209.77,19.93,49.56,Voltage Sag,Transmission Line,TL-22A,Critical,95.85,0
406,188.61,10.9,49.56,Voltage Sag,Transmission Line,TL-22A,Critical,97.66,0
407,177.01,20.35,49.2,Voltage Sag,Transmission Line,TL-22A,Critical,94.29,0
408,173.87,16.76,49.76,Voltage Sag,Transmission Line,TL-22A,Critical,92.78,0
409,196.6,21.93,49.93,Voltage Sag,Transmission Line,TL-22A,Critical,91.88,0
410,185.97,12.29,49.99,Voltage Sag,Transmission Line,TL-22A,Critical,97.42,0
411,191.6,22.63,49.52,Voltage Sag,Transmission Line,TL-22A,Critical,94.99,0
412,173.56,21.33,49.13,Voltage Sag,Transmission Line,TL-22A,Critical,96.61,0
413,201.28,20.63,49.04,Voltage Sag,Transmission Line,TL-22A,Critical,92.43,0
414,180.52,15.4,49.09,Voltage Sag,Transmission Line,TL-22A,Critical,97.5,0
415,192.15,14.58,49.4,Voltage Sag,Transmission Line,TL-22A,Critical,93.58,0
416,194.02,17.74,49.92,Voltage Sag,Transmission Line,TL-22A,Critical,93.98,0
417,209.69,22.77,49.21,Voltage Sag,Transmission Line,TL-22A,Critical,97.44,0
418,174.65,22.26,49.38,Voltage Sag,Transmission Line,TL-22A,Critical,97.02,0
419,204.72,22.09,49.79,Voltage Sag,Transmission Line,TL-22A,Critical,92.44,0
420,173.24,16.04,49.17,Voltage Sag,Transmission Line,TL-22A,Critical,95.56,0
421,183.84,24.63,49.64,Voltage Sag,Transmission Line,TL-22A,Critical,96.58,0
422,175.3,22.93,49.92,Voltage Sag,Transmission Line,TL-22A,Critical,93.9,0
423,194.25,21.47,49.17,Voltage Sag,Transmission Line,TL-22A,Critical,94.02,0
424,185.95,12.2,49.37,Voltage Sag,Transmission Line,TL-22A,Critical,90.55,0
425,171.03,12.03,49.96,Voltage Sag,Transmission Line,TL-22A,Critical,94.4,0
426,208.63,16.49,49.31,Voltage Sag,Transmission Line,TL-22A,Critical,94.05,0
427,187.58,11.58,49.64,Voltage Sag,Transmission Line,TL-22A,Critical,91.73,0
428,194.78,19.75,49.15,Voltage Sag,Transmission Line,TL-22A,Critical,90.49,0
429,201.23,16.9,49.06,Voltage Sag,Transmission Line,TL-22A,Critical,97.96,0
430,172.31,20.43,49.98,Voltage Sag,Transmission Line,TL-22A,Critical,91.91,0
431,175.69,11.82,49.3,Voltage Sag,Transmission Line,TL-22A,Critical,90.81,0
432,197.69,10.93,49.51,Voltage Sag,Transmission Line,TL-22A,Critical,97.97,0
433,202.56,19.23,49.31,Voltage Sag,Transmission Line,TL-22A,Critical,94.99,0
434,191.08,16.39,49.13,Voltage Sag,Transmission Line,TL-22A,Critical,97.09,0
435,187.99,12.92,49.37,Voltage Sag,Transmission Line,TL-22A,Critical,93.31,0
436,203.1,21.0,49.77,Voltage Sag,Transmission Line,TL-22A,Critical,90.09,0
437,186.65,17.22,49.02,Voltage Sag,Transmission Line,TL-22A,Critical,92.08,0
438,200.41,12.06,49.54,Voltage Sag,Transmission Line,TL-22A,Critical,91.72,0
439,170.48,13.62,49.98,Voltage Sag,Transmission Line,TL-22A,Critical,96.41,0
440,208.38,17.32,49.11,Voltage Sag,Transmission Line,TL-22A,Critical,94.38,0
441,188.18,22.67,49.1,Voltage Sag,Transmission Line,TL-22A,Critical,93.91,0
442,176.0,14.87,49.74,Voltage Sag,Transmission Line,TL-22A,Critical,93.81,0
443,185.04,15.92,49.46,Voltage Sag,Transmission Line,TL-22A,Critical,96.28,0
444,205.68,24.33,49.79,Voltage Sag,Transmission Line,TL-22A,Critical,92.52,0
445,197.53,16.56,49.25,Voltage Sag,Transmission Line,TL-22A,Critical,96.73,0
446,171.54,23.53,49.46,Voltage Sag,Transmission Line,TL-22A,Critical,95.1,0
447,196.37,23.43,49.64,Voltage Sag,Transmission Line,TL-22A,Critical,94.91,0
448,172.67,17.78,49.15,Voltage Sag,Transmission Line,TL-22A,Critical,95.9,0
449,190.49,20.2,49.04,Voltage Sag,Transmission Line,TL-22A,Critical,90.68,0
450,198.65,11.08,49.07,Voltage Sag,Transmission Line,TL-22A,Critical,90.1,0
451,208.26,21.06,49.35,Voltage Sag,Transmission Line,TL-22A,Critical,92.37,0
452,183.99,21.62,49.66,Voltage Sag,Transmission Line,TL-22A,Critical,91.48,0
453,176.96,11.48,49.66,Voltage Sag,Transmission Line,TL-22A,Critical,96.11,0
454,180.6,10.31,49.08,Voltage Sag,Transmission Line,TL-22A,Critical,97.74,0
455,181.82,21.54,49.62,Voltage Sag,Transmission Line,TL-22A,Critical,93.06,0
456,178.23,11.82,49.62,Voltage Sag,Transmission Line,TL-22A,Critical,96.2,0
457,195.76,17.95,49.04,Voltage Sag,Transmission Line,TL-22A,Critical,97.75,0
458,201.95,14.39,49.98,Voltage Sag,Transmission Line,TL-22A,Critical,94.82,0
459,193.3,21.22,49.81,Voltage Sag,Transmission Line,TL-22A,Critical,95.25,0
460,175.12,15.07,49.93,Voltage Sag,Transmission Line,TL-22A,Critical,91.8,0
461,184.89,16.48,49.44,Voltage Sag,Transmission Line,TL-22A,Critical,94.9,0
462,207.72,13.61,49.12,Voltage Sag,Transmission Line,TL-22A,Critical,91.58,0
463,205.48,19.69,49.29,Voltage Sag,Transmission Line,TL-22A,Critical,96.53,0
464,204.45,22.7,49.92,Voltage Sag,Transmission Line,TL-22A,Critical,92.02,0
465,200.2,16.91,49.84,Voltage Sag,Transmission Line,TL-22A,Critical,95.83,0
466,201.06,19.84,49.18,Voltage Sag,Transmission Line,TL-22A,Critical,94.36,0
467,209.39,24.06,49.04,Voltage Sag,Transmission Line,TL-22A,Critical,91.32,0
468,175.27,20.89,49.82,Voltage Sag,Transmission Line,TL-22A,Critical,91.71,0
469,190.23,22.61,49.73,Voltage Sag,Transmission Line,TL-22A,Critical,94.34,0
470,193.61,17.63,49.3,Voltage Sag,Transmission Line,TL-22A,Critical,94.52,0
471,197.56,23.1,49.64,Voltage Sag,Transmission Line,TL-22A,Critical,96.09,0
472,176.4,16.92,49.01,Voltage Sag,Transmission Line,TL-22A,Critical,91.97,0
473,199.06,24.88,49.1,Voltage Sag,Transmission Line,TL-22A,Critical,93.21,0
474,202.0,13.06,49.56,Voltage Sag,Transmission Line,TL-22A,Critical,95.86,0
475,194.64,12.82,49.36,Voltage Sag,Transmission Line,TL-22A,Critical,96.27,0
476,192.17,10.08,49.76,Voltage Sag,Transmission Line,TL-22A,Critical,90.28,0
477,199.83,13.04,49.96,Voltage Sag,Transmission Line,TL-22A,Critical,92.94,0
478,183.08,12.23,49.31,Voltage Sag,Transmission Line,TL-22A,Critical,97.01,0
479,209.85,15.52,49.45,Voltage Sag,Transmission Line,TL-22A,Critical,95.78,0
480,205.45,18.9,49.39,Voltage Sag,Transmission Line,TL-22A,Critical,93.3,0
481,197.82,10.05,49.62,Voltage Sag,Transmission Line,TL-22A,Critical,92.84,0
482,201.77,11.39,49.59,Voltage Sag,Transmission Line,TL-22A,Critical,93.85,0
483,195.69,10.97,49.58,Voltage Sag,Transmission Line,TL-22A,Critical,94.49,0
484,192.43,19.05,49.68,Voltage Sag,Transmission Line,TL-22A,Critical,96.44,0
485,180.79,22.38,49.5,Voltage Sag,Transmission Line,TL-22A,Critical,90.62,0
486,172.34,15.01,49.78,Voltage Sag,Transmission Line,TL-22A,Critical,95.66,0
487,201.54,17.76,49.44,Voltage Sag,Transmission Line,TL-22A,Critical,91.18,0
488,183.13,16.51,49.09,Voltage Sag,Transmission Line,TL-22A,Critical,91.76,0
489,193.93,21.03,50.0,Voltage Sag,Transmission Line,TL-22A,Critical,97.46,0
490,195.7,16.32,49.64,Voltage Sag,Transmission Line,TL-22A,Critical,96.29,0
491,174.73,16.15,49.84,Voltage Sag,Transmission Line,TL-22A,Critical,93.07,0
492,192.87,18.82,49.18,Voltage Sag,Transmission Line,TL-22A,Critical,92.9,0
493,183.38,10.39,49.02,Voltage Sag,Transmission Line,TL-22A,Critical,96.65,0
494,180.92,17.77,49.3,Voltage Sag,Transmission Line,TL-22A,Critical,97.53,0
495,180.37,16.44,49.87,Voltage Sag,Transmission Line,TL-22A,Critical,96.74,0
496,177.44,22.04,49.46,Voltage Sag,Transmission Line,TL-22A,Critical,93.86,0
497,175.34,11.21,49.73,Voltage Sag,Transmission Line,TL-22A,Critical,93.97,0
498,187.47,20.94,49.77,Voltage Sag,Transmission Line,TL-22A,Critical,91.27,0
499,194.41,12.03,49.75,Voltage Sag,Transmission Line,TL-22A,Critical,95.26,0
500,208.26,11.03,49.06,Voltage Sag,Transmission Line,TL-22A,Critical,92.26,0
501,180.47,13.7,49.91,Voltage Sag,Transmission Line,TL-22A,Critical,92.0,0
502,180.88,21.39,49.45,Voltage Sag,Transmission Line,TL-22A,Critical,96.21,0
503,172.61,17.31,49.03,Voltage Sag,Transmission Line,TL-22A,Critical,90.5,0
504,206.26,12.09,49.53,Voltage Sag,Transmission Line,TL-22A,Critical,93.29,0
505,183.89,23.5,49.02,Voltage Sag,Transmission Line,TL-22A,Critical,95.31,0
506,208.54,18.4,49.94,Voltage Sag,Transmission Line,TL-22A,Critical,90.42,0
507,186.75,13.9,49.73,Voltage Sag,Transmission Line,TL-22A,Critical,97.85,0
508,180.26,19.81,49.2,Voltage Sag,Transmission Line,TL-22A,Critical,94.52,0
509,188.56,24.58,49.61,Voltage Sag,Transmission Line,TL-22A,Critical,92.8,0
510,174.56,12.27,49.23,Voltage Sag,Transmission Line,TL-22A,Critical,92.01,0
511,204.02,18.42,49.52,Voltage Sag,Transmission Line,TL-22A,Critical,90.92,0
512,204.41,20.84,49.07,Voltage Sag,Transmission Line,TL-22A,Critical,95.66,0
513,191.74,11.23,49.46,Voltage Sag,Transmission Line,TL-22A,Critical,93.88,0
514,176.63,24.19,49.85,Voltage Sag,Transmission Line,TL-22A,Critical,95.35,0
515,188.49,16.18,49.65,Voltage Sag,Transmission Line,TL-22A,Critical,94.36,0
516,172.49,17.69,49.81,Voltage Sag,Transmission Line,TL-22A,Critical,93.67,0
517,172.08,21.79,49.2,Voltage Sag,Transmission Line,TL-22A,Critical,92.07,0
518,176.59,14.95,49.76,Voltage Sag,Transmission Line,TL-22A,Critical,94.16,0
519,178.2,23.17,49.88,Voltage Sag,Transmission Line,TL-22A,Critical,96.96,0
520,179.55,16.77,49.98,Voltage Sag,Transmission Line,TL-22A,Critical,96.18,0
521,171.09,10.98,49.46,Voltage Sag,Transmission Line,TL-22A,Critical,97.27,0
522,191.55,17.47,49.11,Voltage Sag,Transmission Line,TL-22A,Critical,95.25,0
523,202.88,15.71,49.78,Voltage Sag,Transmission Line,TL-22A,Critical,97.72,0
524,178.15,17.85,49.29,Voltage Sag,Transmission Line,TL-22A,Critical,96.34,0
525,193.1,19.52,49.8,Voltage Sag,Transmission Line,TL-22A,Critical,93.17,0
526,206.6,18.0,49.16,Voltage Sag,Transmission Line,TL-22A,Critical,95.57,0
527,201.73,14.75,49.86,Voltage Sag,Transmission Line,TL-22A,Critical,97.25,0
528,181.08,24.75,49.14,Voltage Sag,Transmission Line,TL-22A,Critical,91.62,0
529,177.37,23.41,49.65,Voltage Sag,Transmission Line,TL-22A,Critical,91.22,0
530,187.61,19.23,49.08,Voltage Sag,Transmission Line,TL-22A,Critical,97.06,0
531,202.14,17.58,49.97,Voltage Sag,Transmission Line,TL-22A,Critical,93.34,0
532,209.36,20.02,49.63,Voltage Sag,Transmission Line,TL-22A,Critical,91.33,0
533,205.28,16.41,49.16,Voltage Sag,Transmission Line,TL-22A,Critical,90.1,0
534,192.39,17.91,49.72,Voltage Sag,Transmission Line,TL-22A,Critical,97.12,0
535,173.18,20.97,49.19,Voltage Sag,Transmission Line,TL-22A,Critical,96.87,0
536,202.76,18.11,49.71,Voltage Sag,Transmission Line,TL-22A,Critical,92.51,0
537,188.85,22.32,49.46,Voltage Sag,Transmission Line,TL-22A,Critical,92.86,0
538,189.77,22.42,49.34,Voltage Sag,Transmission Line,TL-22A,Critical,91.39,0
539,198.48,22.39,49.1,Voltage Sag,Transmission Line,TL-22A,Critical,91.92,0
540,175.68,15.22,49.45,Voltage Sag,Transmission Line,TL-22A,Critical,95.99,0
541,196.05,19.31,49.35,Voltage Sag,Transmission Line,TL-22A,Critical,96.73,0
542,188.85,24.69,49.63,Voltage Sag,Transmission Line,TL-22A,Critical,91.01,0
543,197.05,14.88,49.69,Voltage Sag,Transmission Line,TL-22A,Critical,90.56,0
544,177.0,22.84,49.23,Voltage Sag,Transmission Line,TL-22A,Critical,96.7,0
545,181.17,19.64,49.69,Voltage Sag,Transmission Line,TL-22A,Critical,94.1,0
546,182.21,13.19,49.03,Voltage Sag,Transmission Line,TL-22A,Critical,92.43,0
547,196.13,24.07,49.87,Voltage Sag,Transmission Line,TL-22A,Critical,96.13,0
548,201.54,19.97,49.26,Voltage Sag,Transmission Line,TL-22A,Critical,97.26,0
549,196.83,18.41,49.11,Voltage Sag,Transmission Line,TL-22A,Critical,93.58,0
550,188.41,22.97,49.55,Voltage Sag,Transmission Line,TL-22A,Critical,93.04,0
551,209.07,11.66,49.42,Voltage Sag,Transmission Line,TL-22A,Critical,90.34,0
552,199.6,23.77,49.28,Voltage Sag,Transmission Line,TL-22A,Critical,96.87,0
553,181.69,23.66,49.75,Voltage Sag,Transmission Line,TL-22A,Critical,96.44,0
554,170.72,24.44,49.73,Voltage Sag,Transmission Line,TL-22A,Critical,92.44,0
555,203.18,14.22,49.87,Voltage Sag,Transmission Line,TL-22A,Critical,90.9,0
556,198.15,18.11,49.1,Voltage Sag,Transmission Line,TL-22A,Critical,91.94,0
557,170.5,17.03,49.3,Voltage Sag,Transmission Line,TL-22A,Critical,94.79,0
558,181.89,14.5,49.74,Voltage Sag,Transmission Line,TL-22A,Critical,90.39,0
559,206.12,22.78,49.67,Voltage Sag,Transmission Line,TL-22A,Critical,94.75,0
560,205.69,12.78,49.08,Voltage Sag,Transmission Line,TL-22A,Critical,91.92,0
561,201.78,10.52,49.58,Voltage Sag,Transmission Line,TL-22A,Critical,97.96,0
562,204.23,17.82,49.06,Voltage Sag,Transmission Line,TL-22A,Critical,96.65,0
563,193.96,11.72,49.09,Voltage Sag,Transmission Line,TL-22A,Critical,97.28,0
564,196.77,22.44,49.88,Voltage Sag,Transmission Line,TL-22A,Critical,94.57,0
565,190.7,16.46,49.32,Voltage Sag,Transmission Line,TL-22A,Critical,93.48,0
566,200.96,19.03,49.89,Voltage Sag,Transmission Line,TL-22A,Critical,93.55,0
567,194.28,19.47,49.59,Voltage Sag,Transmission Line,TL-22A,Critical,95.62,0
568,179.5,17.69,49.1,Voltage Sag,Transmission Line,TL-22A,Critical,93.08,0
569,189.51,19.78,49.95,Voltage Sag,Transmission Line,TL-22A,Critical,94.81,0
570,199.74,17.59,49.63,Voltage Sag,Transmission Line,TL-22A,Critical,90.57,0
571,180.18,15.43,49.47,Voltage Sag,Transmission Line,TL-22A,Critical,90.37,0
572,175.6,14.15,49.97,Voltage Sag,Transmission Line,TL-22A,Critical,92.65,0
573,189.28,12.94,49.61,Voltage Sag,Transmission Line,TL-22A,Critical,92.25,0
574,178.28,17.75,49.01,Voltage Sag,Transmission Line,TL-22A,Critical,90.06,0
575,178.76,10.55,49.11,Voltage Sag,Transmission Line,TL-22A,Critical,92.71,0
576,202.1,18.58,49.51,Voltage Sag,Transmission Line,TL-22A,Critical,92.35,0
577,207.27,15.96,49.09,Voltage Sag,Transmission Line,TL-22A,Critical,94.94,0
578,174.55,15.18,49.51,Voltage Sag,Transmission Line,TL-22A,Critical,96.99,0
579,189.74,20.53,49.99,Voltage Sag,Transmission Line,TL-22A,Critical,91.05,0
580,180.99,15.92,49.42,Voltage Sag,Transmission Line,TL-22A,Critical,93.29,0
581,206.3,20.71,49.61,Voltage Sag,Transmission Line,TL-22A,Critical,92.47,0
582,202.95,24.33,49.82,Voltage Sag,Transmission Line,TL-22A,Critical,90.01,0
583,195.46,10.77,49.26,Voltage Sag,Transmission Line,TL-22A,Critical,90.48,0
584,194.15,20.3,49.11,Voltage Sag,Transmission Line,TL-22A,Critical,93.07,0
585,188.25,15.54,49.12,Voltage Sag,Transmission Line,TL-22A,Critical,93.35,0
586,200.05,11.07,49.08,Voltage Sag,Transmission Line,TL-22A,Critical,92.84,0
587,207.67,20.03,49.68,Voltage Sag,Transmission Line,TL-22A,Critical,92.9,0
588,193.75,10.15,49.64,Voltage Sag,Transmission Line,TL-22A,Critical,97.31,0
589,194.5,23.11,49.72,Voltage Sag,Transmission Line,TL-22A,Critical,90.96,0
590,206.1,11.0,49.53,Voltage Sag,Transmission Line,TL-22A,Critical,91.14,0
591,170.47,16.33,49.3,Voltage Sag,Transmission Line,TL-22A,Critical,93.89,0
592,193.09,10.66,49.12,Voltage Sag,Transmission Line,TL-22A,Critical,94.47,0
593,183.73,20.94,49.65,Voltage Sag,Transmission Line,TL-22A,Critical,96.76,0
594,197.7,16.45,49.67,Voltage Sag,Transmission Line,TL-22A,Critical,92.2,0
595,182.25,21.83,49.45,Voltage Sag,Transmission Line,TL-22A,Critical,96.39,0
596,202.9,22.86,49.92,Voltage Sag,Transmission Line,TL-22A,Critical,93.45,0
597,182.75,18.73,49.37,Voltage Sag,Transmission Line,TL-22A,Critical,94.81,0
598,198.22,20.33,49.37,Voltage Sag,Transmission Line,TL-22A,Critical,91.33,0
599,187.22,12.14,49.89,Voltage Sag,Transmission Line,TL-22A,Critical,92.77,0
600,176.18,10.38,49.65,Voltage Sag,Transmission Line,TL-22A,Critical,95.1,0
601,183.62,11.08,49.41,Voltage Sag,Transmission Line,TL-22A,Critical,92.49,0
602,197.08,19.09,49.36,Voltage Sag,Transmission Line,TL-22A,Critical,91.74,0
603,209.52,16.81,49.69,Voltage Sag,Transmission Line,TL-22A,Critical,91.12,0
604,189.42,10.41,49.51,Voltage Sag,Transmission Line,TL-22A,Critical,97.71,0
605,185.37,10.58,49.03,Voltage Sag,Transmission Line,TL-22A,Critical,93.1,0
606,176.4,10.35,49.76,Voltage Sag,Transmission Line,TL-22A,Critical,93.67,0
607,181.57,23.5,49.12,Voltage Sag,Transmission Line,TL-22A,Critical,97.65,0
608,182.56,23.33,49.6,Voltage Sag,Transmission Line,TL-22A,Critical,96.61,0
609,209.36,14.33,49.96,Voltage Sag,Transmission Line,TL-22A,Critical,93.12,0
610,185.42,15.11,49.54,Voltage Sag,Transmission Line,TL-22A,Critical,91.23,0
611,192.15,18.13,49.76,Voltage Sag,Transmission Line,TL-22A,Critical,96.67,0
612,187.62,14.53,49.26,Voltage Sag,Transmission Line,TL-22A,Critical,91.56,0
613,172.31,15.14,49.27,Voltage Sag,Transmission Line,TL-22A,Critical,97.73,0
614,192.31,15.21,49.58,Voltage Sag,Transmission Line,TL-22A,Critical,91.11,0
615,187.76,19.39,49.49,Voltage Sag,Transmission Line,TL-22A,Critical,93.21,0
616,209.75,23.2,49.62,Voltage Sag,Transmission Line,TL-22A,Critical,94.56,0
617,194.83,13.02,49.4,Voltage Sag,Transmission Line,TL-22A,Critical,90.32,0
618,189.02,18.15,49.23,Voltage Sag,Transmission Line,TL-22A,Critical,97.71,0
619,206.38,20.83,49.53,Voltage Sag,Transmission Line,TL-22A,Critical,96.96,0
620,175.23,21.86,49.12,Voltage Sag,Transmission Line,TL-22A,Critical,96.35,0
621,181.03,23.16,49.94,Voltage Sag,Transmission Line,TL-22A,Critical,91.19,0
622,188.51,24.71,49.48,Voltage Sag,Transmission Line,TL-22A,Critical,96.91,0
623,193.55,15.63,49.29,Voltage Sag,Transmission Line,TL-22A,Critical,91.63,0
624,200.47,15.8,49.51,Voltage Sag,Transmission Line,TL-22A,Critical,93.94,0
625,193.09,22.98,49.98,Voltage Sag,Transmission Line,TL-22A,Critical,93.26,0
626,203.1,21.47,49.57,Voltage Sag,Transmission Line,TL-22A,Critical,97.65,0
627,178.02,11.64,49.85,Voltage Sag,Transmission Line,TL-22A,Critical,93.51,0
628,203.88,23.4,49.06,Voltage Sag,Transmission Line,TL-22A,Critical,97.07,0
629,187.93,17.66,49.63,Voltage Sag,Transmission Line,TL-22A,Critical,97.41,0
630,170.76,17.15,49.69,Voltage Sag,Transmission Line,TL-22A,Critical,95.78,0
631,197.7,12.02,49.3,Voltage Sag,Transmission Line,TL-22A,Critical,92.87,0
632,202.18,14.18,49.21,Voltage Sag,Transmission Line,TL-22A,Critical,97.66,0
633,170.35,24.97,49.68,Voltage Sag,Transmission Line,TL-22A,Critical,96.63,0
634,181.78,10.21,49.74,Voltage Sag,Transmission Line,TL-22A,Critical,96.67,0
635,199.62,12.14,49.75,Voltage Sag,Transmission Line,TL-22A,Critical,96.15,0
636,196.34,21.49,49.85,Voltage Sag,Transmission Line,TL-22A,Critical,94.91,0
637,173.54,17.31,49.08,Voltage Sag,Transmission Line,TL-22A,Critical,93.26,0
638,186.28,10.99,49.35,Voltage Sag,Transmission Line,TL-22A,Critical,90.89,0
639,202.33,24.22,49.07,Voltage Sag,Transmission Line,TL-22A,Critical,97.64,0
640,190.9,14.49,49.08,Voltage Sag,Transmission Line,TL-22A,Critical,94.0,0
641,201.78,20.61,49.05,Voltage Sag,Transmission Line,TL-22A,Critical,90.58,0
642,186.11,14.43,49.23,Voltage Sag,Transmission Line,TL-22A,Critical,92.25,0
643,202.14,23.94,49.41,Voltage Sag,Transmission Line,TL-22A,Critical,97.25,0
644,182.86,17.15,49.23,Voltage Sag,Transmission Line,TL-22A,Critical,95.12,0
645,209.16,19.05,49.36,Voltage Sag,Transmission Line,TL-22A,Critical,95.18,0
646,174.92,23.33,49.5,Voltage Sag,Transmission Line,TL-22A,Critical,93.59,0
647,193.43,19.37,49.07,Voltage Sag,Transmission Line,TL-22A,Critical,95.46,0
648,179.68,20.71,49.82,Voltage Sag,Transmission Line,TL-22A,Critical,96.43,0
649,192.1,17.8,49.14,Voltage Sag,Transmission Line,TL-22A,Critical,96.2,0
650,180.86,17.45,49.28,Voltage Sag,Transmission Line,TL-22A,Critical,91.07,0
651,195.18,10.81,49.75,Voltage Sag,Transmission Line,TL-22A,Critical,92.54,0
652,170.01,17.67,49.05,Voltage Sag,Transmission Line,TL-22A,Critical,92.21,0
653,198.28,10.94,49.84,Voltage Sag,Transmission Line,TL-22A,Critical,90.03,0
654,179.87,21.11,49.32,Voltage Sag,Transmission Line,TL-22A,Critical,90.82,0
655,184.41,14.06,49.84,Voltage Sag,Transmission Line,TL-22A,Critical,92.51,0
656,201.56,23.38,49.43,Voltage Sag,Transmission Line,TL-22A,Critical,97.28,0
657,185.09,24.46,49.09,Voltage Sag,Transmission Line,TL-22A,Critical,95.5,0
658,189.75,15.81,49.63,Voltage Sag,Transmission Line,TL-22A,Critical,95.63,0
659,170.17,12.5,49.71,Voltage Sag,Transmission Line,TL-22A,Critical,95.33,0
660,208.64,21.42,49.95,Voltage Sag,Transmission Line,TL-22A,Critical,95.62,0
661,181.92,11.58,49.78,Voltage Sag,Transmission Line,TL-22A,Critical,95.15,0
662,171.93,15.4,49.96,Voltage Sag,Transmission Line,TL-22A,Critical,94.0,0
663,187.31,16.87,49.21,Voltage Sag,Transmission Line,TL-22A,Critical,92.95,0
664,184.79,10.79,49.77,Voltage Sag,Transmission Line,TL-22A,Critical,93.33,0
665,202.89,22.76,49.21,Voltage Sag,Transmission Line,TL-22A,Critical,95.26,0
666,188.89,23.2,49.22,Voltage Sag,Transmission Line,TL-22A,Critical,95.42,0
667,194.31,14.43,49.14,Voltage Sag,Transmission Line,TL-22A,Critical,95.21,0
668,199.54,14.73,49.64,Voltage Sag,Transmission Line,TL-22A,Critical,93.16,0
669,198.53,12.99,49.89,Voltage Sag,Transmission Line,TL-22A,Critical,92.3,0
670,184.71,10.87,49.11,Voltage Sag,Transmission Line,TL-22A,Critical,94.13,0
671,180.7,22.53,49.01,Voltage Sag,Transmission Line,TL-22A,Critical,93.03,0
672,183.49,10.29,49.12,Voltage Sag,Transmission Line,TL-22A,Critical,93.31,0
673,189.71,16.06,49.53,Voltage Sag,Transmission Line,TL-22A,Critical,94.76,0
674,170.4,16.96,49.96,Voltage Sag,Transmission Line,TL-22A,Critical,94.15,0
675,197.1,14.68,49.77,Voltage Sag,Transmission Line,TL-22A,Critical,96.18,0
676,190.85,24.64,49.13,Voltage Sag,Transmission Line,TL-22A,Critical,90.14,0
677,200.81,22.11,49.12,Voltage Sag,Transmission Line,TL-22A,Critical,92.12,0
678,170.7,14.4,49.77,Voltage Sag,Transmission Line,TL-22A,Critical,94.14,0
679,183.92,15.58,49.0,Voltage Sag,Transmission Line,TL-22A,Critical,92.4,0
680,195.86,24.61,49.85,Voltage Sag,Transmission Line,TL-22A,Critical,90.19,0
681,205.94,21.75,49.78,Voltage Sag,Transmission Line,TL-22A,Critical,93.66,0
682,185.92,14.54,49.07,Voltage Sag,Transmission Line,TL-22A,Critical,91.83,0
683,179.86,17.26,49.75,Voltage Sag,Transmission Line,TL-22A,Critical,93.79,0
684,172.31,24.37,49.94,Voltage Sag,Transmission Line,TL-22A,Critical,96.28,0
685,209.65,18.17,49.96,Voltage Sag,Transmission Line,TL-22A,Critical,90.6,0
686,184.63,13.38,49.2,Voltage Sag,Transmission Line,TL-22A,Critical,91.13,0
687,194.9,21.72,49.58,Voltage Sag,Transmission Line,TL-22A,Critical,91.18,0
688,202.44,19.54,49.39,Voltage Sag,Transmission Line,TL-22A,Critical,95.39,0
689,180.4,15.18,49.92,Voltage Sag,Transmission Line,TL-22A,Critical,92.32,0
690,188.8,23.35,49.71,Voltage Sag,Transmission Line,TL-22A,Critical,90.5,0
691,175.89,10.12,49.63,Voltage Sag,Transmission Line,TL-22A,Critical,93.58,0
692,175.37,24.37,49.53,Voltage Sag,Transmission Line,TL-22A,Critical,91.94,0
693,190.02,20.19,49.08,Voltage Sag,Transmission Line,TL-22A,Critical,92.2,0
694,202.28,16.89,49.55,Voltage Sag,Transmission Line,TL-22A,Critical,93.46,0
695,171.76,12.49,49.45,Voltage Sag,Transmission Line,TL-22A,Critical,91.67,0
696,172.0,22.65,49.98,Voltage Sag,Transmission Line,TL-22A,Critical,96.35,0
697,204.15,13.63,49.96,Voltage Sag,Transmission Line,TL-22A,Critical,91.58,0
698,208.06,24.92,49.71,Voltage Sag,Transmission Line,TL-22A,Critical,97.85,0
699,192.78,13.89,49.44,Voltage Sag,Transmission Line,TL-22A,Critical,94.75,0
700,172.92,19.34,49.98,Voltage Sag,Transmission Line,TL-22A,Critical,91.52,0
701,201.7,23.62,49.94,Voltage Sag,Transmission Line,TL-22A,Critical,97.68,0
702,190.86,24.66,49.76,Voltage Sag,Transmission Line,TL-22A,Critical,91.29,0
703,189.08,20.77,49.25,Voltage Sag,Transmission Line,TL-22A,Critical,95.12,0
704,196.66,12.44,49.57,Voltage Sag,Transmission Line,TL-22A,Critical,96.17,0
705,189.96,10.18,49.01,Voltage Sag,Transmission Line,TL-22A,Critical,92.86,0
706,207.05,13.43,49.63,Voltage Sag,Transmission Line,TL-22A,Critical,91.78,0
707,182.87,22.72,49.73,Voltage Sag,Transmission Line,TL-22A,Critical,90.76,0
708,187.15,10.44,49.48,Voltage Sag,Transmission Line,TL-22A,Critical,95.3,0
709,174.74,14.33,49.4,Voltage Sag,Transmission Line,TL-22A,Critical,97.36,0
710,209.73,10.67,49.76,Voltage Sag,Transmission Line,TL-22A,Critical,92.97,0
711,185.7,21.31,49.92,Voltage Sag,Transmission Line,TL-22A,Critical,97.61,0
712,193.08,15.36,49.79,Voltage Sag,Transmission Line,TL-22A,Critical,92.01,0
713,192.56,15.38,49.66,Voltage Sag,Transmission Line,TL-22A,Critical,91.92,0
714,177.66,23.77,49.1,Voltage Sag,Transmission Line,TL-22A,Critical,94.05,0
715,178.83,10.58,49.04,Voltage Sag,Transmission Line,TL-22A,Critical,91.4,0
716,204.67,14.24,49.95,Voltage Sag,Transmission Line,TL-22A,Critical,94.65,0
717,187.46,18.7,49.52,Voltage Sag,Transmission Line,TL-22A,Critical,96.07,0
718,181.3,15.3,49.89,Voltage Sag,Transmission Line,TL-22A,Critical,97.57,0
719,205.7,16.29,49.78,Voltage Sag,Transmission Line,TL-22A,Critical,93.81,0
720,189.9,13.07,49.59,Voltage Sag,Transmission Line,TL-22A,Critical,91.49,0
721,183.26,22.83,49.21,Voltage Sag,Transmission Line,TL-22A,Critical,90.57,0
722,172.76,24.11,49.51,Voltage Sag,Transmission Line,TL-22A,Critical,93.28,0
723,202.44,22.54,49.33,Voltage Sag,Transmission Line,TL-22A,Critical,95.55,0
724,200.84,19.82,49.15,Voltage Sag,Transmission Line,TL-22A,Critical,97.01,0
725,191.56,14.24,49.43,Voltage Sag,Transmission Line,TL-22A,Critical,90.3,0
726,175.11,21.48,49.0,Voltage Sag,Transmission Line,TL-22A,Critical,93.33,0
727,190.9,10.82,49.97,Voltage Sag,Transmission Line,TL-22A,Critical,91.81,0
728,182.17,14.56,49.23,Voltage Sag,Transmission Line,TL-22A,Critical,90.01,0
729,199.17,24.5,49.22,Voltage Sag,Transmission Line,TL-22A,Critical,95.3,0
730,199.68,22.73,49.42,Voltage Sag,Transmission Line,TL-22A,Critical,92.42,0
731,183.01,20.69,49.82,Voltage Sag,Transmission Line,TL-22A,Critical,91.45,0
732,184.84,23.53,49.81,Voltage Sag,Transmission Line,TL-22A,Critical,97.88,0
733,200.17,15.9,49.59,Voltage Sag,Transmission Line,TL-22A,Critical,95.29,0
734,173.14,18.17,49.71,Voltage Sag,Transmission Line,TL-22A,Critical,91.34,0
735,201.23,18.76,49.95,Voltage Sag,Transmission Line,TL-22A,Critical,90.34,0
736,180.61,19.02,49.3,Voltage Sag,Transmission Line,TL-22A,Critical,95.72,0
737,200.36,11.54,49.51,Voltage Sag,Transmission Line,TL-22A,Critical,94.07,0
738,184.77,23.99,49.83,Voltage Sag,Transmission Line,TL-22A,Critical,95.58,0
739,198.57,16.93,49.92,Voltage Sag,Transmission Line,TL-22A,Critical,95.56,0
740,199.16,22.93,49.27,Voltage Sag,Transmission Line,TL-22A,Critical,96.46,0
741,177.81,15.18,49.34,Voltage Sag,Transmission Line,TL-22A,Critical,97.83,0
742,204.26,20.52,49.73,Voltage Sag,Transmission Line,TL-22A,Critical,94.5,0
743,207.88,17.44,49.38,Voltage Sag,Transmission Line,TL-22A,Critical,91.3,0
744,201.45,21.02,49.38,Voltage Sag,Transmission Line,TL-22A,Critical,90.2,0
745,203.56,10.17,49.7,Voltage Sag,Transmission Line,TL-22A,Critical,97.76,0
746,187.51,13.52,49.7,Voltage Sag,Transmission Line,TL-22A,Critical,96.54,0
747,191.86,24.51,49.05,Voltage Sag,Transmission Line,TL-22A,Critical,94.04,0
748,198.74,22.94,49.18,Voltage Sag,Transmission Line,TL-22A,Critical,96.4,0
749,192.11,15.95,49.13,Voltage Sag,Transmission Line,TL-22A,Critical,96.92,0
750,176.29,14.65,49.29,Voltage Sag,Transmission Line,TL-22A,Critical,96.97,0
751,196.91,21.95,49.25,Voltage Sag,Transmission Line,TL-22A,Critical,95.0,0
752,192.87,22.49,49.91,Voltage Sag,Transmission Line,TL-22A,Critical,90.1,0
753,196.96,10.78,49.55,Voltage Sag,Transmission Line,TL-22A,Critical,92.3,0
754,182.27,15.29,49.62,Voltage Sag,Transmission Line,TL-22A,Critical,92.67,0
755,199.31,16.07,49.07,Voltage Sag,Transmission Line,TL-22A,Critical,96.27,0
756,181.43,16.49,49.69,Voltage Sag,Transmission Line,TL-22A,Critical,92.66,0
757,172.26,15.61,49.94,Voltage Sag,Transmission Line,TL-22A,Critical,95.13,0
758,196.86,19.48,49.2,Voltage Sag,Transmission Line,TL-22A,Critical,93.35,0
759,200.04,11.52,49.28,Voltage Sag,Transmission Line,TL-22A,Critical,92.21,0
760,187.28,24.71,49.07,Voltage Sag,Transmission Line,TL-22A,Critical,94.15,0
761,177.17,24.56,49.11,Voltage Sag,Transmission Line,TL-22A,Critical,93.23,0
762,199.52,20.57,49.42,Voltage Sag,Transmission Line,TL-22A,Critical,92.77,0
763,185.9,13.96,49.21,Voltage Sag,Transmission Line,TL-22A,Critical,93.86,0
764,180.74,14.31,49.66,Voltage Sag,Transmission Line,TL-22A,Critical,97.75,0
765,194.15,11.15,49.08,Voltage Sag,Transmission Line,TL-22A,Critical,97.61,0
766,181.89,11.38,49.6,Voltage Sag,Transmission Line,TL-22A,Critical,94.99,0
767,195.94,14.01,49.02,Voltage Sag,Transmission Line,TL-22A,Critical,97.72,0
768,180.04,20.14,49.71,Voltage Sag,Transmission Line,TL-22A,Critical,94.88,0
769,182.52,14.07,49.6,Voltage Sag,Transmission Line,TL-22A,Critical,96.93,0
770,207.87,11.59,49.15,Voltage Sag,Transmission Line,TL-22A,Critical,97.56,0
771,199.46,23.24,49.2,Voltage Sag,Transmission Line,TL-22A,Critical,94.7,0
772,198.05,20.2,49.41,Voltage Sag,Transmission Line,TL-22A,Critical,90.12,0
773,193.32,13.8,49.45,Voltage Sag,Transmission Line,TL-22A,Critical,97.66,0
774,185.96,22.6,49.19,Voltage Sag,Transmission Line,TL-22A,Critical,95.38,0
775,209.08,11.53,49.01,Voltage Sag,Transmission Line,TL-22A,Critical,93.47,0
776,173.71,21.23,49.91,Voltage Sag,Transmission Line,TL-22A,Critical,93.47,0
777,180.35,16.52,49.72,Voltage Sag,Transmission Line,TL-22A,Critical,90.07,0
778,193.58,19.2,49.64,Voltage Sag,Transmission Line,TL-22A,Critical,91.94,0
779,198.56,11.37,49.2,Voltage Sag,Transmission Line,TL-22A,Critical,97.02,0
780,199.55,10.21,49.25,Voltage Sag,Transmission Line,TL-22A,Critical,91.72,0
781,180.83,13.71,49.06,Voltage Sag,Transmission Line,TL-22A,Critical,93.67,0
782,199.31,19.1,49.67,Voltage Sag,Transmission Line,TL-22A,Critical,90.65,0
783,208.06,22.58,49.81,Voltage Sag,Transmission Line,TL-22A,Critical,96.58,0
784,207.31,18.16,49.2,Voltage Sag,Transmission Line,TL-22A,Critical,94.93,0
785,199.72,21.07,49.52,Voltage Sag,Transmission Line,TL-22A,Critical,90.55,0
786,184.84,23.81,49.58,Voltage Sag,Transmission Line,TL-22A,Critical,94.31,0
787,180.75,15.53,49.9,Voltage Sag,Transmission Line,TL-22A,Critical,95.33,0
788,201.5,16.82,49.63,Voltage Sag,Transmission Line,TL-22A,Critical,91.99,0
789,198.22,16.41,49.44,Voltage Sag,Transmission Line,TL-22A,Critical,95.19,0
790,207.45,10.96,49.82,Voltage Sag,Transmission Line,TL-22A,Critical,92.34,0
791,187.76,10.33,49.3,Voltage Sag,Transmission Line,TL-22A,Critical,94.02,0
792,172.25,17.37,49.93,Voltage Sag,Transmission Line,TL-22A,Critical,90.84,0
793,200.58,16.15,49.66,Voltage Sag,Transmission Line,TL-22A,Critical,92.08,0
794,176.38,12.41,49.07,Voltage Sag,Transmission Line,TL-22A,Critical,91.49,0
795,196.57,23.23,49.81,Voltage Sag,Transmission Line,TL-22A,Critical,95.48,0
796,174.42,14.34,49.31,Voltage Sag,Transmission Line,TL-22A,Critical,92.0,0
797,190.6,18.03,49.36,Voltage Sag,Transmission Line,TL-22A,Critical,92.83,0
798,203.14,21.84,49.31,Voltage Sag,Transmission Line,TL-22A,Critical,97.31,0
799,208.11,14.9,49.35,Voltage Sag,Transmission Line,TL-22A,Critical,94.05,0
800,207.64,23.14,49.1,Voltage Sag,Transmission Line,TL-22A,Critical,93.14,0
801,192.13,17.55,49.19,Voltage Sag,Transmission Line,TL-22A,Critical,96.87,0
802,197.08,22.57,49.86,Voltage Sag,Transmission Line,TL-22A,Critical,95.99,0
803,187.57,19.16,49.16,Voltage Sag,Transmission Line,TL-22A,Critical,95.39,0
804,177.17,20.41,49.23,Voltage Sag,Transmission Line,TL-22A,Critical,90.94,0
805,176.61,10.03,49.72,Voltage Sag,Transmission Line,TL-22A,Critical,95.86,0
806,190.6,12.42,49.08,Voltage Sag,Transmission Line,TL-22A,Critical,90.15,0
807,176.63,23.36,49.24,Voltage Sag,Transmission Line,TL-22A,Critical,92.83,0
808,174.21,13.34,49.52,Voltage Sag,Transmission Line,TL-22A,Critical,94.86,0
809,179.81,10.87,49.39,Voltage Sag,Transmission Line,TL-22A,Critical,91.87,0
810,178.78,24.4,49.62,Voltage Sag,Transmission Line,TL-22A,Critical,94.46,0
811,186.63,16.43,49.54,Voltage Sag,Transmission Line,TL-22A,Critical,95.57,0
812,198.09,12.58,49.5,Voltage Sag,Transmission Line,TL-22A,Critical,93.3,0
813,204.82,19.47,49.53,Voltage Sag,Transmission Line,TL-22A,Critical,90.92,0
814,194.23,11.76,49.34,Voltage Sag,Transmission Line,TL-22A,Critical,91.14,0
815,197.68,13.09,49.39,Voltage Sag,Transmission Line,TL-22A,Critical,97.17,0
816,178.17,17.62,49.42,Voltage Sag,Transmission Line,TL-22A,Critical,90.14,0
817,201.71,11.04,49.47,Voltage Sag,Transmission Line,TL-22A,Critical,94.49,0
818,195.14,20.33,49.25,Voltage Sag,Transmission Line,TL-22A,Critical,90.08,0
819,198.94,18.03,49.84,Voltage Sag,Transmission Line,TL-22A,Critical,96.57,0
820,203.73,17.28,49.33,Voltage Sag,Transmission Line,TL-22A,Critical,96.33,0
821,188.05,12.75,49.85,Voltage Sag,Transmission Line,TL-22A,Critical,97.06,0
822,188.65,11.14,49.39,Voltage Sag,Transmission Line,TL-22A,Critical,96.43,0
823,206.07,13.05,49.07,Voltage Sag,Transmission Line,TL-22A,Critical,97.02,0
824,185.58,18.13,49.97,Voltage Sag,Transmission Line,TL-22A,Critical,90.53,0
825,195.93,11.11,49.38,Voltage Sag,Transmission Line,TL-22A,Critical,96.43,0
826,187.34,24.96,49.56,Voltage Sag,Transmission Line,TL-22A,Critical,92.57,0
827,178.8,15.26,49.37,Voltage Sag,Transmission Line,TL-22A,Critical,90.55,0
828,184.78,16.96,49.72,Voltage Sag,Transmission Line,TL-22A,Critical,95.25,0
829,198.35,10.13,49.22,Voltage Sag,Transmission Line,TL-22A,Critical,95.29,0
830,189.36,10.08,49.8,Voltage Sag,Transmission Line,TL-22A,Critical,96.18,0
831,191.94,11.0,49.77,Voltage Sag,Transmission Line,TL-22A,Critical,94.67,0
832,201.28,21.28,49.8,Voltage Sag,Transmission Line,TL-22A,Critical,94.14,0
833,175.61,20.07,49.62,Voltage Sag,Transmission Line,TL-22A,Critical,95.94,0
834,176.8,12.92,49.89,Voltage Sag,Transmission Line,TL-22A,Critical,96.0,0
835,206.33,21.38,49.6,Voltage Sag,Transmission Line,TL-22A,Critical,95.23,0
836,205.57,18.68,49.63,Voltage Sag,Transmission Line,TL-22A,Critical,91.25,0
837,188.96,20.75,49.27,Voltage Sag,Transmission Line,TL-22A,Critical,91.62,0
838,182.55,13.62,49.21,Voltage Sag,Transmission Line,TL-22A,Critical,93.4,0
839,206.31,17.61,49.19,Voltage Sag,Transmission Line,TL-22A,Critical,90.62,0
840,197.85,15.74,49.82,Voltage Sag,Transmission Line,TL-22A,Critical,95.28,0
841,201.85,14.08,49.69,Voltage Sag,Transmission Line,TL-22A,Critical,92.11,0
842,207.56,19.55,49.32,Voltage Sag,Transmission Line,TL-22A,Critical,92.16,0
843,177.64,20.42,49.22,Voltage Sag,Transmission Line,TL-22A,Critical,94.76,0
844,180.59,19.93,49.81,Voltage Sag,Transmission Line,TL-22A,Critical,96.22,0
845,200.43,12.82,49.09,Voltage Sag,Transmission Line,TL-22A,Critical,95.59,0
846,184.73,16.49,49.03,Voltage Sag,Transmission Line,TL-22A,Critical,92.08,0
847,171.35,23.19,49.24,Voltage Sag,Transmission Line,TL-22A,Critical,94.46,0
848,171.56,20.0,49.32,Voltage Sag,Transmission Line,TL-22A,Critical,97.18,0
849,205.52,14.88,49.9,Voltage Sag,Transmission Line,TL-22A,Critical,97.97,0
850,203.02,22.67,49.25,Voltage Sag,Transmission Line,TL-22A,Critical,94.61,0
851,172.69,11.42,50.0,Voltage Sag,Transmission Line,TL-22A,Critical,92.61,0
852,199.93,22.1,49.86,Voltage Sag,Transmission Line,TL-22A,Critical,97.98,0
853,179.66,10.61,49.41,Voltage Sag,Transmission Line,TL-22A,Critical,91.04,0
854,170.9,15.41,49.78,Voltage Sag,Transmission Line,TL-22A,Critical,94.53,0
855,182.51,19.82,49.23,Voltage Sag,Transmission Line,TL-22A,Critical,90.12,0
856,200.57,19.36,49.76,Voltage Sag,Transmission Line,TL-22A,Critical,90.31,0
857,203.48,19.29,49.56,Voltage Sag,Transmission Line,TL-22A,Critical,95.0,0
858,204.58,18.8,49.58,Voltage Sag,Transmission Line,TL-22A,Critical,97.93,0
859,200.27,16.63,49.71,Voltage Sag,Transmission Line,TL-22A,Critical,93.11,0
860,179.16,18.95,49.93,Voltage Sag,Transmission Line,TL-22A,Critical,97.43,0
861,183.68,17.92,49.21,Voltage Sag,Transmission Line,TL-22A,Critical,97.97,0
862,209.24,19.74,49.8,Voltage Sag,Transmission Line,TL-22A,Critical,95.72,0
863,193.73,10.8,49.45,Voltage Sag,Transmission Line,TL-22A,Critical,95.4,0
864,197.1,15.6,49.94,Voltage Sag,Transmission Line,TL-22A,Critical,91.34,0
865,190.01,20.36,49.7,Voltage Sag,Transmission Line,TL-22A,Critical,95.19,0
866,181.01,12.34,49.64,Voltage Sag,Transmission Line,TL-22A,Critical,94.79,0
867,177.17,20.58,49.46,Voltage Sag,Transmission Line,TL-22A,Critical,95.34,0
868,203.49,12.55,49.02,Voltage Sag,Transmission Line,TL-22A,Critical,96.23,0
869,194.39,20.49,49.84,Voltage Sag,Transmission Line,TL-22A,Critical,96.42,0
870,208.44,18.04,49.49,Voltage Sag,Transmission Line,TL-22A,Critical,93.22,0
871,176.15,18.59,49.28,Voltage Sag,Transmission Line,TL-22A,Critical,97.37,0
872,193.33,18.89,49.35,Voltage Sag,Transmission Line,TL-22A,Critical,90.42,0
873,171.27,16.35,49.08,Voltage Sag,Transmission Line,TL-22A,Critical,94.85,0
874,205.24,23.24,49.66,Voltage Sag,Transmission Line,TL-22A,Critical,91.69,0
875,204.52,23.29,49.2,Voltage Sag,Transmission Line,TL-22A,Critical,95.9,0
876,181.46,22.04,50.0,Voltage Sag,Transmission Line,TL-22A,Critical,90.24,0
877,205.89,19.34,49.97,Voltage Sag,Transmission Line,TL-22A,Critical,93.72,0
878,203.9,10.94,49.34,Voltage Sag,Transmission Line,TL-22A,Critical,90.54,0
879,209.01,22.25,49.85,Voltage Sag,Transmission Line,TL-22A,Critical,97.5,0
880,173.4,15.78,49.07,Voltage Sag,Transmission Line,TL-22A,Critical,91.69,0
881,179.17,17.04,49.27,Voltage Sag,Transmission Line,TL-22A,Critical,90.81,0
882,176.7,12.21,49.97,Voltage Sag,Transmission Line,TL-22A,Critical,96.07,0
883,208.71,16.6,49.28,Voltage Sag,Transmission Line,TL-22A,Critical,96.39,0
884,183.05,14.49,49.23,Voltage Sag,Transmission Line,TL-22A,Critical,91.04,0
885,180.26,15.33,49.67,Voltage Sag,Transmission Line,TL-22A,Critical,90.5,0
886,178.42,22.14,49.15,Voltage Sag,Transmission Line,TL-22A,Critical,92.74,0
887,204.59,12.32,49.08,Voltage Sag,Transmission Line,TL-22A,Critical,93.88,0
888,182.1,18.45,49.8,Voltage Sag,Transmission Line,TL-22A,Critical,91.1,0
889,193.23,17.58,49.14,Voltage Sag,Transmission Line,TL-22A,Critical,94.99,0
890,180.95,17.32,49.08,Voltage Sag,Transmission Line,TL-22A,Critical,93.68,0
891,182.26,22.34,49.06,Voltage Sag,Transmission Line,TL-22A,Critical,93.35,0
892,188.34,20.88,49.57,Voltage Sag,Transmission Line,TL-22A,Critical,95.34,0
893,201.08,22.93,49.31,Voltage Sag,Transmission Line,TL-22A,Critical,94.3,0
894,203.6,24.84,49.89,Voltage Sag,Transmission Line,TL-22A,Critical,92.97,0
895,177.81,17.34,49.74,Voltage Sag,Transmission Line,TL-22A,Critical,93.94,0
896,189.33,22.57,49.36,Voltage Sag,Transmission Line,TL-22A,Critical,96.88,0
897,186.27,14.92,49.45,Voltage Sag,Transmission Line,TL-22A,Critical,96.1,0
898,175.04,12.95,49.95,Voltage Sag,Transmission Line,TL-22A,Critical,91.4,0
899,192.71,18.69,49.49,Voltage Sag,Transmission Line,TL-22A,Critical,95.16,0
900,179.19,18.29,49.37,Voltage Sag,Transmission Line,TL-22A,Critical,95.29,0
901,175.65,18.56,49.19,Voltage Sag,Transmission Line,TL-22A,Critical,92.23,0
902,178.75,12.74,49.83,Voltage Sag,Transmission Line,TL-22A,Critical,92.29,0
903,207.08,24.55,49.57,Voltage Sag,Transmission Line,TL-22A,Critical,91.14,0
904,184.98,21.97,49.37,Voltage Sag,Transmission Line,TL-22A,Critical,90.7,0
905,192.27,22.68,49.8,Voltage Sag,Transmission Line,TL-22A,Critical,91.4,0
906,196.91,13.31,49.22,Voltage Sag,Transmission Line,TL-22A,Critical,96.99,0
907,179.99,13.95,49.0,Voltage Sag,Transmission Line,TL-22A,Critical,96.97,0
908,201.7,19.41,49.75,Voltage Sag,Transmission Line,TL-22A,Critical,91.22,0
909,188.33,15.27,49.09,Voltage Sag,Transmission Line,TL-22A,Critical,93.89,0
910,206.83,10.6,49.29,Voltage Sag,Transmission Line,TL-22A,Critical,91.66,0
911,179.53,23.63,49.47,Voltage Sag,Transmission Line,TL-22A,Critical,93.73,0
912,200.42,12.32,49.49,Voltage Sag,Transmission Line,TL-22A,Critical,93.44,0
913,193.88,24.99,49.77,Voltage Sag,Transmission Line,TL-22A,Critical,93.18,0
914,203.1,12.56,49.03,Voltage Sag,Transmission Line,TL-22A,Critical,91.64,0
915,183.62,17.66,49.62,Voltage Sag,Transmission Line,TL-22A,Critical,97.28,0
916,190.39,17.52,49.05,Voltage Sag,Transmission Line,TL-22A,Critical,90.28,0
917,192.05,16.57,49.84,Voltage Sag,Transmission Line,TL-22A,Critical,91.29,0
918,171.0,16.74,49.24,Voltage Sag,Transmission Line,TL-22A,Critical,90.4,0
919,198.98,11.67,49.61,Voltage Sag,Transmission Line,TL-22A,Critical,92.25,0
920,176.94,15.7,49.8,Voltage Sag,Transmission Line,TL-22A,Critical,93.14,0
921,200.03,11.88,49.77,Voltage Sag,Transmission Line,TL-22A,Critical,91.9,0
922,197.1,18.49,49.93,Voltage Sag,Transmission Line,TL-22A,Critical,93.1,0
923,172.65,10.29,49.83,Voltage Sag,Transmission Line,TL-22A,Critical,94.2,0
924,201.01,13.52,49.35,Voltage Sag,Transmission Line,TL-22A,Critical,90.24,0
925,208.46,20.02,49.93,Voltage Sag,Transmission Line,TL-22A,Critical,92.12,0
926,194.46,20.18,49.32,Voltage Sag,Transmission Line,TL-22A,Critical,96.78,0
927,207.89,23.27,49.74,Voltage Sag,Transmission Line,TL-22A,Critical,92.22,0
928,181.26,24.45,49.01,Voltage Sag,Transmission Line,TL-22A,Critical,95.73,0
929,198.25,19.34,49.99,Voltage Sag,Transmission Line,TL-22A,Critical,92.5,0
930,183.6,11.18,49.44,Voltage Sag,Transmission Line,TL-22A,Critical,92.09,0
931,183.74,22.52,49.94,Voltage Sag,Transmission Line,TL-22A,Critical,91.49,0
932,184.9,23.93,49.06,Voltage Sag,Transmission Line,TL-22A,Critical,90.74,0
933,176.51,18.93,49.15,Voltage Sag,Transmission Line,TL-22A,Critical,97.74,0
934,187.87,17.52,49.25,Voltage Sag,Transmission Line,TL-22A,Critical,93.77,0
935,196.48,21.27,49.75,Voltage Sag,Transmission Line,TL-22A,Critical,94.62,0
936,206.17,22.26,49.76,Voltage Sag,Transmission Line,TL-22A,Critical,90.44,0
937,170.28,13.19,49.66,Voltage Sag,Transmission Line,TL-22A,Critical,93.29,0
938,186.1,23.27,49.9,Voltage Sag,Transmission Line,TL-22A,Critical,97.27,0
939,182.56,20.37,49.27,Voltage Sag,Transmission Line,TL-22A,Critical,91.52,0
940,177.39,15.13,49.43,Voltage Sag,Transmission Line,TL-22A,Critical,96.65,0
941,174.8,21.02,49.53,Voltage Sag,Transmission Line,TL-22A,Critical,92.3,0
942,189.71,14.5,49.6,Voltage Sag,Transmission Line,TL-22A,Critical,93.47,0
943,176.58,11.75,49.55,Voltage Sag,Transmission Line,TL-22A,Critical,97.22,0
944,183.76,21.0,49.66,Voltage Sag,Transmission Line,TL-22A,Critical,97.45,0
945,202.84,18.5,49.66,Voltage Sag,Transmission Line,TL-22A,Critical,97.19,0
946,185.98,14.9,49.01,Voltage Sag,Transmission Line,TL-22A,Critical,96.61,0
947,202.04,11.57,49.58,Voltage Sag,Transmission Line,TL-22A,Critical,93.71,0
948,174.75,24.71,49.21,Voltage Sag,Transmission Line,TL-22A,Critical,90.54,0
949,193.79,21.08,49.03,Voltage Sag,Transmission Line,TL-22A,Critical,95.27,0
950,191.29,11.55,49.17,Voltage Sag,Transmission Line,TL-22A,Critical,94.54,0
951,181.85,24.07,49.82,Voltage Sag,Transmission Line,TL-22A,Critical,97.87,0
952,180.39,24.55,49.43,Voltage Sag,Transmission Line,TL-22A,Critical,92.78,0
953,172.01,10.79,49.69,Voltage Sag,Transmission Line,TL-22A,Critical,93.66,0
954,179.06,19.21,49.25,Voltage Sag,Transmission Line,TL-22A,Critical,94.62,0
955,184.37,22.35,49.82,Voltage Sag,Transmission Line,TL-22A,Critical,93.82,0
956,184.03,15.44,49.81,Voltage Sag,Transmission Line,TL-22A,Critical,92.63,0
957,178.36,11.27,49.47,Voltage Sag,Transmission Line,TL-22A,Critical,93.86,0
958,203.64,13.32,49.38,Voltage Sag,Transmission Line,TL-22A,Critical,96.47,0
959,202.94,15.77,49.46,Voltage Sag,Transmission Line,TL-22A,Critical,92.43,0
960,207.3,11.78,49.93,Voltage Sag,Transmission Line,TL-22A,Critical,95.47,0
961,191.26,10.49,49.48,Voltage Sag,Transmission Line,TL-22A,Critical,93.26,0
962,176.45,19.85,49.97,Voltage Sag,Transmission Line,TL-22A,Critical,94.5,0
963,198.59,11.03,49.42,Voltage Sag,Transmission Line,TL-22A,Critical,90.93,0
964,194.51,24.08,49.66,Voltage Sag,Transmission Line,TL-22A,Critical,90.61,0
965,184.19,18.26,49.4,Voltage Sag,Transmission Line,TL-22A,Critical,96.67,0
966,202.59,19.18,49.37,Voltage Sag,Transmission Line,TL-22A,Critical,92.04,0
967,174.23,15.32,49.41,Voltage Sag,Transmission Line,TL-22A,Critical,95.41,0
968,196.33,11.05,49.4,Voltage Sag,Transmission Line,TL-22A,Critical,91.45,0
969,176.27,22.41,49.04,Voltage Sag,Transmission Line,TL-22A,Critical,93.35,0
970,176.73,23.19,49.56,Voltage Sag,Transmission Line,TL-22A,Critical,91.85,0
971,190.1,20.97,49.96,Voltage Sag,Transmission Line,TL-22A,Critical,91.76,0
972,205.45,24.01,49.92,Voltage Sag,Transmission Line,TL-22A,Critical,95.08,0
973,195.19,16.05,49.75,Voltage Sag,Transmission Line,TL-22A,Critical,94.25,0
974,197.1,16.43,49.73,Voltage Sag,Transmission Line,TL-22A,Critical,96.6,0
975,175.86,22.49,49.54,Voltage Sag,Transmission Line,TL-22A,Critical,96.76,0
976,187.25,15.69,49.92,Voltage Sag,Transmission Line,TL-22A,Critical,92.01,0
977,203.77,17.26,49.51,Voltage Sag,Transmission Line,TL-22A,Critical,92.47,0
978,192.92,14.88,49.04,Voltage Sag,Transmission Line,TL-22A,Critical,92.18,0
979,170.26,24.68,49.97,Voltage Sag,Transmission Line,TL-22A,Critical,93.16,0
980,199.13,15.19,49.67,Voltage Sag,Transmission Line,TL-22A,Critical,96.44,0
981,207.87,16.0,49.78,Voltage Sag,Transmission Line,TL-22A,Critical,92.13,0
982,209.61,10.39,49.6,Voltage Sag,Transmission Line,TL-22A,Critical,95.28,0
983,197.52,11.81,49.94,Voltage Sag,Transmission Line,TL-22A,Critical,91.45,0
984,194.91,13.34,49.31,Voltage Sag,Transmission Line,TL-22A,Critical,94.37,0
985,186.69,12.4,49.17,Voltage Sag,Transmission Line,TL-22A,Critical,93.35,0
986,200.29,23.47,49.08,Voltage Sag,Transmission Line,TL-22A,Critical,93.14,0
987,174.01,10.25,49.66,Voltage Sag,Transmission Line,TL-22A,Critical,94.82,0
988,176.52,13.51,49.02,Voltage Sag,Transmission Line,TL-22A,Critical,96.68,0
989,208.99,12.03,49.23,Voltage Sag,Transmission Line,TL-22A,Critical,96.95,0
990,207.06,16.29,49.05,Voltage Sag,Transmission Line,TL-22A,Critical,90.32,0
991,192.96,15.89,49.03,Voltage Sag,Transmission Line,TL-22A,Critical,94.67,0
992,170.45,21.81,49.31,Voltage Sag,Transmission Line,TL-22A,Critical,90.32,0
993,193.53,15.97,49.97,Voltage Sag,Transmission Line,TL-22A,Critical,94.35,0
994,181.01,20.64,49.27,Voltage Sag,Transmission Line,TL-22A,Critical,97.23,0
995,184.99,18.25,49.05,Voltage Sag,Transmission Line,TL-22A,Critical,93.41,0
996,203.29,22.08,49.22,Voltage Sag,Transmission Line,TL-22A,Critical,91.81,0
997,202.69,23.96,49.1,Voltage Sag,Transmission Line,TL-22A,Critical,93.6,0
998,183.5,23.06,49.08,Voltage Sag,Transmission Line,TL-22A,Critical,91.69,0
999,200.1,10.77,49.49,Voltage Sag,Transmission Line,TL-22A,Critical,93.54,0
1000,183.38,15.92,49.53,Voltage Sag,Transmission Line,TL-22A,Critical,91.29,0
1001,192.88,22.08,49.76,Voltage Sag,Transmission Line,TL-22A,Critical,91.23,0
1002,175.97,14.02,49.36,Voltage Sag,Transmission Line,TL-22A,Critical,93.27,0
1003,197.19,10.85,49.03,Voltage Sag,Transmission Line,TL-22A,Critical,93.14,0
1004,197.89,12.9,49.64,Voltage Sag,Transmission Line,TL-22A,Critical,92.08,0
1005,205.44,23.44,49.3,Voltage Sag,Transmission Line,TL-22A,Critical,91.84,0
1006,186.45,13.61,49.67,Voltage Sag,Transmission Line,TL-22A,Critical,96.61,0
1007,196.92,22.37,49.4,Voltage Sag,Transmission Line,TL-22A,Critical,91.25,0
1008,199.52,15.41,49.67,Voltage Sag,Transmission Line,TL-22A,Critical,92.17,0
1009,173.25,24.89,49.16,Voltage Sag,Transmission Line,TL-22A,Critical,97.91,0
1010,209.09,21.91,49.66,Voltage Sag,Transmission Line,TL-22A,Critical,94.62,0
1011,204.64,14.34,49.47,Voltage Sag,Transmission Line,TL-22A,Critical,94.96,0
1012,186.45,16.41,49.33,Voltage Sag,Transmission Line,TL-22A,Critical,94.51,0
1013,204.02,13.02,49.93,Voltage Sag,Transmission Line,TL-22A,Critical,95.51,0
1014,202.93,18.34,49.78,Voltage Sag,Transmission Line,TL-22A,Critical,90.13,0
1015,202.74,10.6,49.89,Voltage Sag,Transmission Line,TL-22A,Critical,97.94,0
1016,181.76,13.15,49.77,Voltage Sag,Transmission Line,TL-22A,Critical,92.02,0
1017,204.62,11.54,49.13,Voltage Sag,Transmission Line,TL-22A,Critical,97.83,0
1018,196.95,22.7,49.32,Voltage Sag,Transmission Line,TL-22A,Critical,95.41,0
1019,193.77,19.05,49.68,Voltage Sag,Transmission Line,TL-22A,Critical,94.6,0
1020,187.16,14.14,49.77,Voltage Sag,Transmission Line,TL-22A,Critical,91.81,0
1021,197.69,13.5,49.63,Voltage Sag,Transmission Line,TL-22A,Critical,95.98,0
1022,178.75,10.9,49.13,Voltage Sag,Transmission Line,TL-22A,Critical,94.85,0
1023,203.98,10.67,49.73,Voltage Sag,Transmission Line,TL-22A,Critical,92.73,0
1024,189.14,23.93,49.33,Voltage Sag,Transmission Line,TL-22A,Critical,93.72,0
1025,170.55,11.22,49.26,Voltage Sag,Transmission Line,TL-22A,Critical,90.22,0
1026,195.26,16.4,49.55,Voltage Sag,Transmission Line,TL-22A,Critical,91.4,0
1027,181.84,19.96,49.97,Voltage Sag,Transmission Line,TL-22A,Critical,90.4,0
1028,205.62,18.65,49.56,Voltage Sag,Transmission Line,TL-22A,Critical,94.0,0
1029,172.78,11.35,49.6,Voltage Sag,Transmission Line,TL-22A,Critical,92.73,0
1030,206.69,16.1,49.14,Voltage Sag,Transmission Line,TL-22A,Critical,95.72,0
1031,181.73,17.88,49.7,Voltage Sag,Transmission Line,TL-22A,Critical,97.2,0
1032,201.69,20.15,49.68,Voltage Sag,Transmission Line,TL-22A,Critical,97.57,0
1033,181.83,10.02,49.27,Voltage Sag,Transmission Line,TL-22A,Critical,91.74,0
1034,196.47,19.51,49.59,Voltage Sag,Transmission Line,TL-22A,Critical,90.13,0
1035,199.15,14.85,49.67,Voltage Sag,Transmission Line,TL-22A,Critical,94.45,0
1036,183.71,12.02,49.09,Voltage Sag,Transmission Line,TL-22A,Critical,96.65,0
1037,206.74,19.75,49.1,Voltage Sag,Transmission Line,TL-22A,Critical,93.22,0
1038,199.16,21.7,49.12,Voltage Sag,Transmission Line,TL-22A,Critical,90.0,0
1039,198.49,15.35,49.25,Voltage Sag,Transmission Line,TL-22A,Critical,90.1,0
1040,191.61,22.77,49.96,Voltage Sag,Transmission Line,TL-22A,Critical,94.53,0
1041,190.58,11.28,49.55,Voltage Sag,Transmission Line,TL-22A,Critical,93.04,0
1042,194.29,15.83,49.24,Voltage Sag,Transmission Line,TL-22A,Critical,90.76,0
1043,182.6,11.45,49.18,Voltage Sag,Transmission Line,TL-22A,Critical,97.9,0
1044,187.76,17.98,49.87,Voltage Sag,Transmission Line,TL-22A,Critical,97.96,0
1045,193.31,22.19,49.33,Voltage Sag,Transmission Line,TL-22A,Critical,92.45,0
1046,186.11,20.09,49.68,Voltage Sag,Transmission Line,TL-22A,Critical,92.52,0
1047,175.33,19.49,49.13,Voltage Sag,Transmission Line,TL-22A,Critical,94.63,0
1048,197.74,20.51,49.75,Voltage Sag,Transmission Line,TL-22A,Critical,96.98,0
1049,190.0,20.95,49.62,Voltage Sag,Transmission Line,TL-22A,Critical,91.49,0
1050,171.03,14.27,49.44,Voltage Sag,Transmission Line,TL-22A,Critical,94.94,0
1051,204.0,12.94,49.13,Voltage Sag,Transmission Line,TL-22A,Critical,97.71,0
1052,174.32,17.18,49.59,Voltage Sag,Transmission Line,TL-22A,Critical,94.33,0
1053,173.44,10.86,49.11,Voltage Sag,Transmission Line,TL-22A,Critical,94.68,0
1054,191.77,13.51,49.64,Voltage Sag,Transmission Line,TL-22A,Critical,96.56,0
1055,171.66,17.47,49.69,Voltage Sag,Transmission Line,TL-22A,Critical,92.02,0
1056,182.31,19.2,49.9,Voltage Sag,Transmission Line,TL-22A,Critical,96.48,0
1057,193.33,20.95,49.36,Voltage Sag,Transmission Line,TL-22A,Critical,95.13,0
1058,188.65,12.85,49.7,Voltage Sag,Transmission Line,TL-22A,Critical,94.45,0
1059,184.34,23.67,49.02,Voltage Sag,Transmission Line,TL-22A,Critical,92.53,0
1060,172.28,21.5,49.7,Voltage Sag,Transmission Line,TL-22A,Critical,92.65,0
1061,197.03,15.94,49.76,Voltage Sag,Transmission Line,TL-22A,Critical,93.63,0
1062,186.49,24.02,49.25,Voltage Sag,Transmission Line,TL-22A,Critical,90.96,0
1063,193.38,24.54,49.38,Voltage Sag,Transmission Line,TL-22A,Critical,90.5,0
1064,183.57,17.59,49.16,Voltage Sag,Transmission Line,TL-22A,Critical,95.26,0
1065,209.91,16.78,49.35,Voltage Sag,Transmission Line,TL-22A,Critical,93.21,0
1066,174.61,23.25,49.41,Voltage Sag,Transmission Line,TL-22A,Critical,93.1,0
1067,196.39,16.63,49.65,Voltage Sag,Transmission Line,TL-22A,Critical,90.49,0
1068,202.55,24.11,49.65,Voltage Sag,Transmission Line,TL-22A,Critical,97.64,0
1069,176.06,17.16,49.6,Voltage Sag,Transmission Line,TL-22A,Critical,94.65,0
1070,186.06,15.07,49.13,Voltage Sag,Transmission Line,TL-22A,Critical,93.13,0
1071,176.51,21.02,49.21,Voltage Sag,Transmission Line,TL-22A,Critical,90.47,0
1072,192.09,18.93,49.87,Voltage Sag,Transmission Line,TL-22A,Critical,94.62,0
1073,183.82,22.05,49.54,Voltage Sag,Transmission Line,TL-22A,Critical,90.63,0
1074,192.63,23.62,49.4,Voltage Sag,Transmission Line,TL-22A,Critical,92.37,0
1075,175.74,12.27,49.43,Voltage Sag,Transmission Line,TL-22A,Critical,94.77,0
1076,173.22,24.09,49.76,Voltage Sag,Transmission Line,TL-22A,Critical,94.69,0
1077,203.14,11.2,49.48,Voltage Sag,Transmission Line,TL-22A,Critical,95.04,0
1078,203.15,21.75,49.28,Voltage Sag,Transmission Line,TL-22A,Critical,97.53,0
1079,174.97,23.13,49.97,Voltage Sag,Transmission Line,TL-22A,Critical,91.42,0
1080,198.88,10.6,49.41,Voltage Sag,Transmission Line,TL-22A,Critical,94.13,0
1081,193.23,24.04,49.67,Voltage Sag,Transmission Line,TL-22A,Critical,93.85,0
1082,202.39,24.26,49.02,Voltage Sag,Transmission Line,TL-22A,Critical,97.86,0
1083,173.45,22.22,49.28,Voltage Sag,Transmission Line,TL-22A,Critical,91.06,0
1084,187.59,19.66,49.38,Voltage Sag,Transmission Line,TL-22A,Critical,90.44,0
1085,193.98,23.54,49.38,Voltage Sag,Transmission Line,TL-22A,Critical,91.73,0
1086,187.7,10.73,49.82,Voltage Sag,Transmission Line,TL-22A,Critical,96.61,0
1087,193.52,15.3,49.8,Voltage Sag,Transmission Line,TL-22A,Critical,94.44,0
1088,203.04,19.47,49.78,Voltage Sag,Transmission Line,TL-22A,Critical,94.79,0
1089,186.57,24.37,49.54,Voltage Sag,Transmission Line,TL-22A,Critical,94.84,0
1090,178.82,19.38,49.57,Voltage Sag,Transmission Line,TL-22A,Critical,91.48,0
1091,172.38,19.07,49.76,Voltage Sag,Transmission Line,TL-22A,Critical,94.19,0
1092,179.07,20.0,49.08,Voltage Sag,Transmission Line,TL-22A,Critical,93.53,0
1093,176.53,12.77,49.2,Voltage Sag,Transmission Line,TL-22A,Critical,93.09,0
1094,172.05,15.97,49.51,Voltage Sag,Transmission Line,TL-22A,Critical,93.87,0
1095,185.31,22.59,49.15,Voltage Sag,Transmission Line,TL-22A,Critical,94.05,0
1096,172.48,11.07,49.57,Voltage Sag,Transmission Line,TL-22A,Critical,94.53,0
1097,205.12,18.37,49.96,Voltage Sag,Transmission Line,TL-22A,Critical,90.39,0
1098,173.92,10.66,49.19,Voltage Sag,Transmission Line,TL-22A,Critical,94.33,0
1099,195.82,10.68,49.95,Voltage Sag,Transmission Line,TL-22A,Critical,96.74,0
1100,181.86,11.16,49.17,Voltage Sag,Transmission Line,TL-22A,Critical,91.02,0
1101,174.93,17.78,49.25,Voltage Sag,Transmission Line,TL-22A,Critical,92.87,0
1102,209.58,20.26,49.95,Voltage Sag,Transmission Line,TL-22A,Critical,91.14,0
1103,185.29,18.32,49.08,Voltage Sag,Transmission Line,TL-22A,Critical,90.03,0
1104,196.82,19.63,49.41,Voltage Sag,Transmission Line,TL-22A,Critical,93.92,0
1105,186.62,10.36,49.34,Voltage Sag,Transmission Line,TL-22A,Critical,91.42,0
1106,173.94,24.35,49.6,Voltage Sag,Transmission Line,TL-22A,Critical,95.83,0
1107,182.61,15.9,49.24,Voltage Sag,Transmission Line,TL-22A,Critical,90.78,0
1108,177.16,21.96,49.68,Voltage Sag,Transmission Line,TL-22A,Critical,94.38,0
1109,189.0,23.84,49.07,Voltage Sag,Transmission Line,TL-22A,Critical,92.24,0
1110,184.0,21.74,49.99,Voltage Sag,Transmission Line,TL-22A,Critical,91.93,0
1111,204.97,22.46,49.22,Voltage Sag,Transmission Line,TL-22A,Critical,93.19,0
1112,186.39,24.67,49.18,Voltage Sag,Transmission Line,TL-22A,Critical,96.39,0
1113,183.37,20.96,49.42,Voltage Sag,Transmission Line,TL-22A,Critical,94.63,0
1114,203.3,22.06,49.87,Voltage Sag,Transmission Line,TL-22A,Critical,90.48,0
1115,197.68,12.1,49.42,Voltage Sag,Transmission Line,TL-22A,Critical,94.39,0
1116,186.11,17.79,50.0,Voltage Sag,Transmission Line,TL-22A,Critical,91.08,0
1117,197.02,15.94,49.13,Voltage Sag,Transmission Line,TL-22A,Critical,91.27,0
1118,207.97,23.19,49.91,Voltage Sag,Transmission Line,TL-22A,Critical,97.93,0
1119,178.33,15.33,49.67,Voltage Sag,Transmission Line,TL-22A,Critical,93.87,0
1120,186.74,15.37,49.59,Voltage Sag,Transmission Line,TL-22A,Critical,94.6,0
1121,176.46,17.08,49.55,Voltage Sag,Transmission Line,TL-22A,Critical,94.56,0
1122,178.4,21.13,49.03,Voltage Sag,Transmission Line,TL-22A,Critical,92.84,0
1123,201.21,18.46,49.26,Voltage Sag,Transmission Line,TL-22A,Critical,95.56,0
1124,192.7,21.94,49.74,Voltage Sag,Transmission Line,TL-22A,Critical,94.88,0
1125,189.53,12.0,49.26,Voltage Sag,Transmission Line,TL-22A,Critical,93.35,0
1126,193.97,17.71,49.29,Voltage Sag,Transmission Line,TL-22A,Critical,90.05,0
1127,189.85,14.28,49.73,Voltage Sag,Transmission Line,TL-22A,Critical,90.19,0
1128,193.39,24.12,49.17,Voltage Sag,Transmission Line,TL-22A,Critical,93.77,0
1129,173.66,19.39,49.55,Voltage Sag,Transmission Line,TL-22A,Critical,93.26,0
1130,190.86,23.45,49.2,Voltage Sag,Transmission Line,TL-22A,Critical,90.18,0
1131,204.47,18.66,49.89,Voltage Sag,Transmission Line,TL-22A,Critical,94.78,0
1132,202.41,16.45,49.75,Voltage Sag,Transmission Line,TL-22A,Critical,97.3,0
1133,192.88,12.71,49.27,Voltage Sag,Transmission Line,TL-22A,Critical,91.59,0
1134,179.87,14.6,49.56,Voltage Sag,Transmission Line,TL-22A,Critical,94.7,0
1135,187.06,19.23,49.08,Voltage Sag,Transmission Line,TL-22A,Critical,90.7,0
1136,176.87,17.77,49.21,Voltage Sag,Transmission Line,TL-22A,Critical,92.27,0
1137,186.01,22.18,49.01,Voltage Sag,Transmission Line,TL-22A,Critical,95.2,0
1138,196.76,21.98,49.93,Voltage Sag,Transmission Line,TL-22A,Critical,90.16,0
1139,176.15,23.29,49.46,Voltage Sag,Transmission Line,TL-22A,Critical,94.52,0
1140,196.52,20.19,49.93,Voltage Sag,Transmission Line,TL-22A,Critical,97.98,0
1141,198.81,14.31,49.88,Voltage Sag,Transmission Line,TL-22A,Critical,90.39,0
1142,179.24,23.46,49.26,Voltage Sag,Transmission Line,TL-22A,Critical,91.77,0
1143,175.53,22.89,49.5,Voltage Sag,Transmission Line,TL-22A,Critical,95.4,0
1144,179.56,21.37,49.76,Voltage Sag,Transmission Line,TL-22A,Critical,92.5,0
1145,186.43,13.15,49.98,Voltage Sag,Transmission Line,TL-22A,Critical,95.16,0
1146,207.38,14.55,49.78,Voltage Sag,Transmission Line,TL-22A,Critical,96.13,0
1147,197.67,24.48,49.39,Voltage Sag,Transmission Line,TL-22A,Critical,91.05,0
1148,196.87,20.94,49.58,Voltage Sag,Transmission Line,TL-22A,Critical,91.65,0
1149,190.18,14.68,49.43,Voltage Sag,Transmission Line,TL-22A,Critical,95.16,0
1150,199.81,13.48,49.41,Voltage Sag,Transmission Line,TL-22A,Critical,92.15,0
1151,177.95,21.75,49.91,Voltage Sag,Transmission Line,TL-22A,Critical,92.96,0
1152,200.05,23.45,49.85,Voltage Sag,Transmission Line,TL-22A,Critical,91.46,0
1153,208.25,15.65,49.34,Voltage Sag,Transmission Line,TL-22A,Critical,90.5,0
1154,189.45,11.64,49.25,Voltage Sag,Transmission Line,TL-22A,Critical,92.54,0
1155,202.35,23.13,49.3,Voltage Sag,Transmission Line,TL-22A,Critical,96.87,0
1156,204.29,21.47,49.15,Voltage Sag,Transmission Line,TL-22A,Critical,95.52,0
1157,207.8,20.24,49.33,Voltage Sag,Transmission Line,TL-22A,Critical,94.0,0
1158,195.83,17.66,49.12,Voltage Sag,Transmission Line,TL-22A,Critical,92.5,0
1159,202.1,22.92,49.14,Voltage Sag,Transmission Line,TL-22A,Critical,97.62,0
1160,183.15,19.93,49.75,Voltage Sag,Transmission Line,TL-22A,Critical,96.5,0
1161,207.83,14.69,49.86,Voltage Sag,Transmission Line,TL-22A,Critical,91.05,0
1162,198.2,21.13,49.68,Voltage Sag,Transmission Line,TL-22A,Critical,92.02,0
1163,204.92,12.53,49.05,Voltage Sag,Transmission Line,TL-22A,Critical,95.74,0
1164,189.02,22.74,49.38,Voltage Sag,Transmission Line,TL-22A,Critical,91.35,0
1165,203.46,18.23,49.19,Voltage Sag,Transmission Line,TL-22A,Critical,95.76,0
1166,190.44,19.06,49.46,Voltage Sag,Transmission Line,TL-22A,Critical,96.63,0
1167,203.18,20.64,49.11,Voltage Sag,Transmission Line,TL-22A,Critical,96.71,0
1168,196.84,20.46,49.36,Voltage Sag,Transmission Line,TL-22A,Critical,97.03,0
1169,199.01,11.69,49.41,Voltage Sag,Transmission Line,TL-22A,Critical,97.09,0
1170,171.89,24.42,49.68,Voltage Sag,Transmission Line,TL-22A,Critical,95.05,0
1171,180.82,13.73,49.94,Voltage Sag,Transmission Line,TL-22A,Critical,92.39,0
1172,201.02,15.9,49.14,Voltage Sag,Transmission Line,TL-22A,Critical,90.09,0
1173,191.77,24.64,49.37,Voltage Sag,Transmission Line,TL-22A,Critical,92.86,0
1174,183.76,17.81,49.44,Voltage Sag,Transmission Line,TL-22A,Critical,97.04,0
1175,190.22,17.62,49.14,Voltage Sag,Transmission Line,TL-22A,Critical,97.86,0
1176,180.0,11.1,49.66,Voltage Sag,Transmission Line,TL-22A,Critical,94.76,0
1177,186.61,16.33,49.79,Voltage Sag,Transmission Line,TL-22A,Critical,91.57,0
1178,202.81,19.73,49.42,Voltage Sag,Transmission Line,TL-22A,Critical,93.66,0
1179,180.27,21.28,49.51,Voltage Sag,Transmission Line,TL-22A,Critical,92.57,0
1180,193.84,24.94,49.44,Voltage Sag,Transmission Line,TL-22A,Critical,97.37,0
1181,183.8,10.82,49.2,Voltage Sag,Transmission Line,TL-22A,Critical,93.35,0
1182,178.79,10.0,49.92,Voltage Sag,Transmission Line,TL-22A,Critical,96.75,0
1183,199.69,12.52,49.12,Voltage Sag,Transmission Line,TL-22A,Critical,90.54,0
1184,198.96,23.93,49.43,Voltage Sag,Transmission Line,TL-22A,Critical,90.95,0
1185,190.5,15.23,49.37,Voltage Sag,Transmission Line,TL-22A,Critical,94.97,0
1186,198.75,11.66,49.04,Voltage Sag,Transmission Line,TL-22A,Critical,97.95,0
1187,179.31,10.81,49.19,Voltage Sag,Transmission Line,TL-22A,Critical,90.31,0
1188,185.67,22.04,49.34,Voltage Sag,Transmission Line,TL-22A,Critical,93.55,0
1189,197.02,17.63,49.86,Voltage Sag,Transmission Line,TL-22A,Critical,96.93,0
1190,170.4,21.67,49.46,Voltage Sag,Transmission Line,TL-22A,Critical,97.91,0
1191,189.33,24.8,49.75,Voltage Sag,Transmission Line,TL-22A,Critical,91.99,0
1192,191.54,24.88,49.86,Voltage Sag,Transmission Line,TL-22A,Critical,90.78,0
1193,198.25,15.18,49.01,Voltage Sag,Transmission Line,TL-22A,Critical,93.23,0
1194,179.39,22.28,49.34,Voltage Sag,Transmission Line,TL-22A,Critical,96.62,0
1195,170.02,14.62,49.24,Voltage Sag,Transmission Line,TL-22A,Critical,91.87,0
1196,172.73,12.81,49.56,Voltage Sag,Transmission Line,TL-22A,Critical,92.33,0
1197,186.7,15.65,49.88,Voltage Sag,Transmission Line,TL-22A,Critical,97.24,0
1198,189.72,14.95,49.11,Voltage Sag,Transmission Line,TL-22A,Critical,97.63,0
1199,172.41,14.46,49.3,Voltage Sag,Transmission Line,TL-22A,Critical,92.56,0
1200,176.57,21.75,49.12,Voltage Sag,Transmission Line,TL-22A,Critical,95.08,0
1201,174.95,11.06,49.91,Voltage Sag,Transmission Line,TL-22A,Critical,91.52,0
1202,202.85,18.17,49.08,Voltage Sag,Transmission Line,TL-22A,Critical,97.64,0
1203,179.88,22.89,49.17,Voltage Sag,Transmission Line,TL-22A,Critical,96.83,0
1204,170.53,17.68,49.77,Voltage Sag,Transmission Line,TL-22A,Critical,97.48,0
1205,206.37,22.29,49.89,Voltage Sag,Transmission Line,TL-22A,Critical,91.59,0
1206,181.37,14.33,49.38,Voltage Sag,Transmission Line,TL-22A,Critical,93.15,0
1207,191.78,12.4,49.69,Voltage Sag,Transmission Line,TL-22A,Critical,91.34,0
1208,182.41,17.55,49.8,Voltage Sag,Transmission Line,TL-22A,Critical,95.92,0
1209,195.82,12.34,49.55,Voltage Sag,Transmission Line,TL-22A,Critical,90.7,0
1210,185.09,16.2,49.04,Voltage Sag,Transmission Line,TL-22A,Critical,92.19,0
1211,208.23,24.3,49.35,Voltage Sag,Transmission Line,TL-22A,Critical,90.34,0
1212,177.16,15.88,49.95,Voltage Sag,Transmission Line,TL-22A,Critical,91.13,0
1213,200.54,11.63,49.98,Voltage Sag,Transmission Line,TL-22A,Critical,93.05,0
1214,201.01,15.14,49.63,Voltage Sag,Transmission Line,TL-22A,Critical,91.54,0
1215,175.84,24.07,49.92,Voltage Sag,Transmission Line,TL-22A,Critical,97.1,0
1216,195.02,22.12,49.07,Voltage Sag,Transmission Line,TL-22A,Critical,92.68,0
1217,182.55,19.53,49.36,Voltage Sag,Transmission Line,TL-22A,Critical,91.19,0
1218,193.86,22.22,49.38,Voltage Sag,Transmission Line,TL-22A,Critical,91.06,0
1219,177.87,13.56,49.3,Voltage Sag,Transmission Line,TL-22A,Critical,95.14,0
1220,194.04,20.44,49.36,Voltage Sag,Transmission Line,TL-22A,Critical,96.59,0
1221,178.16,17.04,49.8,Voltage Sag,Transmission Line,TL-22A,Critical,91.44,0
1222,174.39,23.26,49.34,Voltage Sag,Transmission Line,TL-22A,Critical,95.47,0
1223,171.01,20.35,49.32,Voltage Sag,Transmission Line,TL-22A,Critical,90.45,0
1224,194.39,13.61,49.39,Voltage Sag,Transmission Line,TL-22A,Critical,90.64,0
1225,175.89,14.47,49.09,Voltage Sag,Transmission Line,TL-22A,Critical,97.29,0
1226,170.24,17.26,49.12,Voltage Sag,Transmission Line,TL-22A,Critical,92.46,0
1227,207.04,12.43,49.97,Voltage Sag,Transmission Line,TL-22A,Critical,91.65,0
1228,199.66,18.2,49.88,Voltage Sag,Transmission Line,TL-22A,Critical,94.43,0
1229,191.38,12.93,49.17,Voltage Sag,Transmission Line,TL-22A,Critical,97.33,0
1230,183.11,15.58,49.76,Voltage Sag,Transmission Line,TL-22A,Critical,92.71,0
1231,208.08,21.07,49.6,Voltage Sag,Transmission Line,TL-22A,Critical,97.05,0
1232,171.98,13.86,49.47,Voltage Sag,Transmission Line,TL-22A,Critical,91.82,0
1233,199.76,23.79,49.42,Voltage Sag,Transmission Line,TL-22A,Critical,92.74,0
1234,208.46,16.67,49.49,Voltage Sag,Transmission Line,TL-22A,Critical,92.81,0
1235,206.38,18.53,49.76,Voltage Sag,Transmission Line,TL-22A,Critical,96.49,0
1236,183.67,16.51,49.85,Voltage Sag,Transmission Line,TL-22A,Critical,92.91,0
1237,201.76,24.11,49.62,Voltage Sag,Transmission Line,TL-22A,Critical,95.93,0
1238,202.2,22.68,49.4,Voltage Sag,Transmission Line,TL-22A,Critical,90.41,0
1239,186.08,20.11,49.45,Voltage Sag,Transmission Line,TL-22A,Critical,95.99,0
1240,184.28,19.52,49.19,Voltage Sag,Transmission Line,TL-22A,Critical,95.99,0
1241,191.83,13.06,49.29,Voltage Sag,Transmission Line,TL-22A,Critical,95.99,0
1242,189.3,13.24,49.97,Voltage Sag,Transmission Line,TL-22A,Critical,95.72,0
1243,208.29,16.41,49.48,Voltage Sag,Transmission Line,TL-22A,Critical,97.18,0
1244,191.0,20.61,49.25,Voltage Sag,Transmission Line,TL-22A,Critical,93.57,0
1245,174.94,13.09,49.0,Voltage Sag,Transmission Line,TL-22A,Critical,90.31,0
1246,209.09,13.64,49.66,Voltage Sag,Transmission Line,TL-22A,Critical,96.71,0
1247,192.03,12.3,49.73,Voltage Sag,Transmission Line,TL-22A,Critical,94.8,0
1248,199.25,21.55,49.98,Voltage Sag,Transmission Line,TL-22A,Critical,94.59,0
1249,183.67,19.73,49.07,Voltage Sag,Transmission Line,TL-22A,Critical,97.18,0
1250,174.78,14.92,49.82,Voltage Sag,Transmission Line,TL-22A,Critical,94.78,0
1251,185.75,17.1,49.85,Voltage Sag,Transmission Line,TL-22A,Critical,92.72,0
1252,204.79,11.32,49.78,Voltage Sag,Transmission Line,TL-22A,Critical,96.78,0
1253,177.27,16.46,49.17,Voltage Sag,Transmission Line,TL-22A,Critical,95.65,0
1254,191.41,19.53,49.2,Voltage Sag,Transmission Line,TL-22A,Critical,91.69,0
1255,171.66,14.83,49.56,Voltage Sag,Transmission Line,TL-22A,Critical,96.86,0
1256,196.68,16.53,49.95,Voltage Sag,Transmission Line,TL-22A,Critical,95.75,0
1257,207.21,17.91,49.26,Voltage Sag,Transmission Line,TL-22A,Critical,90.42,0
1258,199.04,11.82,49.3,Voltage Sag,Transmission Line,TL-22A,Critical,94.26,0
1259,192.58,19.01,49.17,Voltage Sag,Transmission Line,TL-22A,Critical,93.04,0
1260,194.69,24.55,49.73,Voltage Sag,Transmission Line,TL-22A,Critical,97.38,0
1261,200.49,18.88,49.19,Voltage Sag,Transmission Line,TL-22A,Critical,95.33,0
1262,194.94,19.04,49.49,Voltage Sag,Transmission Line,TL-22A,Critical,94.23,0
1263,183.38,17.79,49.2,Voltage Sag,Transmission Line,TL-22A,Critical,96.44,0
1264,177.43,11.27,49.44,Voltage Sag,Transmission Line,TL-22A,Critical,95.27,0
1265,187.51,14.15,49.56,Voltage Sag,Transmission Line,TL-22A,Critical,92.78,0
1266,207.31,23.84,49.5,Voltage Sag,Transmission Line,TL-22A,Critical,92.62,0
1267,199.49,10.55,49.47,Voltage Sag,Transmission Line,TL-22A,Critical,92.69,0
1268,206.82,10.18,49.55,Voltage Sag,Transmission Line,TL-22A,Critical,95.93,0
1269,189.4,11.28,49.97,Voltage Sag,Transmission Line,TL-22A,Critical,94.14,0
1270,194.57,13.55,49.48,Voltage Sag,Transmission Line,TL-22A,Critical,93.43,0
1271,173.0,11.59,49.84,Voltage Sag,Transmission Line,TL-22A,Critical,91.92,0
1272,177.8,17.57,49.77,Voltage Sag,Transmission Line,TL-22A,Critical,90.5,0
1273,193.07,11.79,49.04,Voltage Sag,Transmission Line,TL-22A,Critical,90.42,0
1274,203.37,11.77,49.05,Voltage Sag,Transmission Line,TL-22A,Critical,93.5,0
1275,203.76,13.94,49.42,Voltage Sag,Transmission Line,TL-22A,Critical,90.32,0
1276,187.96,18.66,49.57,Voltage Sag,Transmission Line,TL-22A,Critical,92.66,0
1277,182.62,11.6,49.37,Voltage Sag,Transmission Line,TL-22A,Critical,90.8,0
1278,200.66,24.49,49.97,Voltage Sag,Transmission Line,TL-22A,Critical,96.92,0
1279,194.03,20.51,49.29,Voltage Sag,Transmission Line,TL-22A,Critical,95.05,0
1280,188.23,17.23,49.76,Voltage Sag,Transmission Line,TL-22A,Critical,92.26,0
1281,182.72,23.87,49.06,Voltage Sag,Transmission Line,TL-22A,Critical,93.89,0
1282,206.51,19.16,49.55,Voltage Sag,Transmission Line,TL-22A,Critical,92.0,0
1283,183.73,22.78,49.56,Voltage Sag,Transmission Line,TL-22A,Critical,94.12,0
1284,173.98,10.24,49.96,Voltage Sag,Transmission Line,TL-22A,Critical,93.02,0
1285,194.13,11.2,49.68,Voltage Sag,Transmission Line,TL-22A,Critical,97.46,0
1286,193.03,11.89,49.58,Voltage Sag,Transmission Line,TL-22A,Critical,96.13,0
1287,186.26,23.2,49.65,Voltage Sag,Transmission Line,TL-22A,Critical,97.19,0
1288,194.94,11.97,49.31,Voltage Sag,Transmission Line,TL-22A,Critical,91.61,0
1289,206.35,21.41,49.68,Voltage Sag,Transmission Line,TL-22A,Critical,92.41,0
1290,177.36,21.35,49.47,Voltage Sag,Transmission Line,TL-22A,Critical,91.81,0
1291,194.66,10.61,49.33,Voltage Sag,Transmission Line,TL-22A,Critical,93.75,0
1292,175.92,24.77,49.21,Voltage Sag,Transmission Line,TL-22A,Critical,91.04,0
1293,178.14,21.54,49.43,Voltage Sag,Transmission Line,TL-22A,Critical,94.52,0
1294,170.84,10.52,49.45,Voltage Sag,Transmission Line,TL-22A,Critical,96.53,0
1295,205.41,11.3,49.54,Voltage Sag,Transmission Line,TL-22A,Critical,97.31,0
1296,185.52,22.44,49.13,Voltage Sag,Transmission Line,TL-22A,Critical,97.48,0
1297,200.06,24.12,49.68,Voltage Sag,Transmission Line,TL-22A,Critical,92.91,0
1298,207.53,14.13,49.33,Voltage Sag,Transmission Line,TL-22A,Critical,95.61,0
1299,200.61,23.94,49.2,Voltage Sag,Transmission Line,TL-22A,Critical,96.38,0
1300,199.54,10.96,49.39,Voltage Sag,Transmission Line,TL-22A,Critical,92.26,0
1301,182.18,24.74,49.64,Voltage Sag,Transmission Line,TL-22A,Critical,95.74,0
1302,209.06,15.66,49.8,Voltage Sag,Transmission Line,TL-22A,Critical,93.48,0
1303,204.78,12.71,49.95,Voltage Sag,Transmission Line,TL-22A,Critical,91.75,0
1304,183.05,21.34,49.39,Voltage Sag,Transmission Line,TL-22A,Critical,94.87,0
1305,187.78,21.14,49.23,Voltage Sag,Transmission Line,TL-22A,Critical,90.47,0
1306,182.0,17.11,49.17,Voltage Sag,Transmission Line,TL-22A,Critical,92.84,0
1307,186.0,10.86,49.58,Voltage Sag,Transmission Line,TL-22A,Critical,97.07,0
1308,176.07,18.97,49.66,Voltage Sag,Transmission Line,TL-22A,Critical,93.35,0
1309,198.04,16.16,49.5,Voltage Sag,Transmission Line,TL-22A,Critical,90.06,0
1310,197.67,19.92,49.04,Voltage Sag,Transmission Line,TL-22A,Critical,92.95,0
1311,209.16,16.31,49.5,Voltage Sag,Transmission Line,TL-22A,Critical,97.28,0
1312,198.69,18.73,49.8,Voltage Sag,Transmission Line,TL-22A,Critical,96.91,0
1313,188.28,17.13,49.39,Voltage Sag,Transmission Line,TL-22A,Critical,97.73,0
1314,197.89,11.25,49.86,Voltage Sag,Transmission Line,TL-22A,Critical,93.84,0
1315,172.75,18.25,49.42,Voltage Sag,Transmission Line,TL-22A,Critical,97.02,0
1316,178.16,22.4,49.56,Voltage Sag,Transmission Line,TL-22A,Critical,90.44,0
1317,208.87,17.69,49.29,Voltage Sag,Transmission Line,TL-22A,Critical,93.76,0
1318,204.31,14.57,49.19,Voltage Sag,Transmission Line,TL-22A,Critical,91.03,0
1319,181.91,21.7,49.47,Voltage Sag,Transmission Line,TL-22A,Critical,91.82,0
1320,176.65,14.99,49.94,Voltage Sag,Transmission Line,TL-22A,Critical,92.74,0
1321,209.52,17.28,49.18,Voltage Sag,Transmission Line,TL-22A,Critical,97.13,0
1322,188.41,20.65,49.98,Voltage Sag,Transmission Line,TL-22A,Critical,90.4,0
1323,173.87,20.81,49.28,Voltage Sag,Transmission Line,TL-22A,Critical,91.47,0
1324,171.57,10.33,49.77,Voltage Sag,Transmission Line,TL-22A,Critical,91.08,0
1325,188.71,19.09,49.43,Voltage Sag,Transmission Line,TL-22A,Critical,90.22,0
1326,201.34,10.16,49.76,Voltage Sag,Transmission Line,TL-22A,Critical,97.15,0
1327,187.31,18.03,49.48,Voltage Sag,Transmission Line,TL-22A,Critical,93.11,0
1328,205.5,23.41,49.34,Voltage Sag,Transmission Line,TL-22A,Critical,94.92,0
1329,207.08,24.43,49.51,Voltage Sag,Transmission Line,TL-22A,Critical,93.62,0
1330,181.15,24.38,49.14,Voltage Sag,Transmission Line,TL-22A,Critical,94.64,0
1331,181.3,14.19,49.4,Voltage Sag,Transmission Line,TL-22A,Critical,97.99,0
1332,172.2,18.68,49.08,Voltage Sag,Transmission Line,TL-22A,Critical,91.24,0
1333,187.58,17.66,49.26,Voltage Sag,Transmission Line,TL-22A,Critical,92.53,0
1334,173.48,14.55,49.97,Voltage Sag,Transmission Line,TL-22A,Critical,97.56,0
1335,183.4,18.56,49.91,Voltage Sag,Transmission Line,TL-22A,Critical,90.05,0
1336,202.43,24.23,49.09,Voltage Sag,Transmission Line,TL-22A,Critical,91.29,0
1337,208.43,18.06,49.01,Voltage Sag,Transmission Line,TL-22A,Critical,92.06,0
1338,188.0,20.39,49.73,Voltage Sag,Transmission Line,TL-22A,Critical,97.96,0
1339,181.5,18.07,49.53,Voltage Sag,Transmission Line,TL-22A,Critical,93.25,0
1340,176.77,24.66,49.85,Voltage Sag,Transmission Line,TL-22A,Critical,93.99,0
1341,194.13,13.41,49.54,Voltage Sag,Transmission Line,TL-22A,Critical,95.56,0
1342,190.61,24.85,49.61,Voltage Sag,Transmission Line,TL-22A,Critical,92.97,0
1343,200.89,12.56,49.38,Voltage Sag,Transmission Line,TL-22A,Critical,92.78,0
1344,187.27,21.73,49.48,Voltage Sag,Transmission Line,TL-22A,Critical,96.35,0
1345,193.06,15.13,49.81,Voltage Sag,Transmission Line,TL-22A,Critical,91.91,0
1346,178.98,17.57,49.26,Voltage Sag,Transmission Line,TL-22A,Critical,90.07,0
1347,195.93,17.67,49.45,Voltage Sag,Transmission Line,TL-22A,Critical,97.74,0
1348,192.85,22.95,49.14,Voltage Sag,Transmission Line,TL-22A,Critical,94.55,0
1349,204.72,18.75,49.72,Voltage Sag,Transmission Line,TL-22A,Critical,92.98,0
1350,173.7,16.87,49.39,Voltage Sag,Transmission Line,TL-22A,Critical,96.94,0
1351,179.76,24.5,49.96,Voltage Sag,Transmission Line,TL-22A,Critical,91.98,0
1352,183.92,23.43,49.97,Voltage Sag,Transmission Line,TL-22A,Critical,93.55,0
1353,182.84,17.89,49.69,Voltage Sag,Transmission Line,TL-22A,Critical,92.19,0
1354,199.46,10.77,49.05,Voltage Sag,Transmission Line,TL-22A,Critical,93.09,0
1355,184.14,14.73,49.49,Voltage Sag,Transmission Line,TL-22A,Critical,92.57,0
1356,177.69,14.64,49.97,Voltage Sag,Transmission Line,TL-22A,Critical,93.29,0
1357,187.79,18.65,49.98,Voltage Sag,Transmission Line,TL-22A,Critical,91.93,0
1358,197.25,20.74,49.61,Voltage Sag,Transmission Line,TL-22A,Critical,90.71,0
1359,197.07,10.96,49.6,Voltage Sag,Transmission Line,TL-22A,Critical,95.92,0
1360,178.44,22.62,49.03,Voltage Sag,Transmission Line,TL-22A,Critical,96.75,0
1361,188.41,13.26,49.13,Voltage Sag,Transmission Line,TL-22A,Critical,97.63,0
1362,172.91,12.99,49.35,Voltage Sag,Transmission Line,TL-22A,Critical,94.96,0
1363,191.79,11.88,49.29,Voltage Sag,Transmission Line,TL-22A,Critical,91.91,0
1364,178.54,16.17,49.7,Voltage Sag,Transmission Line,TL-22A,Critical,91.74,0
1365,184.67,15.86,49.98,Voltage Sag,Transmission Line,TL-22A,Critical,97.64,0
1366,202.01,13.62,49.07,Voltage Sag,Transmission Line,TL-22A,Critical,92.54,0
1367,180.67,17.59,49.78,Voltage Sag,Transmission Line,TL-22A,Critical,96.87,0
1368,203.79,15.4,49.69,Voltage Sag,Transmission Line,TL-22A,Critical,92.5,0
1369,172.44,20.52,49.01,Voltage Sag,Transmission Line,TL-22A,Critical,93.27,0
1370,183.18,20.4,49.77,Voltage Sag,Transmission Line,TL-22A,Critical,92.43,0
1371,202.47,14.41,49.45,Voltage Sag,Transmission Line,TL-22A,Critical,95.82,0
1372,197.72,24.81,49.23,Voltage Sag,Transmission Line,TL-22A,Critical,95.3,0
1373,194.39,23.73,49.16,Voltage Sag,Transmission Line,TL-22A,Critical,96.01,0
1374,192.73,14.12,49.47,Voltage Sag,Transmission Line,TL-22A,Critical,92.67,0
1375,193.17,23.34,49.57,Voltage Sag,Transmission Line,TL-22A,Critical,95.05,0
1376,190.75,10.77,49.23,Voltage Sag,Transmission Line,TL-22A,Critical,93.94,0
1377,182.41,12.73,49.5,Voltage Sag,Transmission Line,TL-22A,Critical,92.58,0
1378,180.32,16.96,49.13,Voltage Sag,Transmission Line,TL-22A,Critical,97.42,0
1379,204.71,20.61,49.11,Voltage Sag,Transmission Line,TL-22A,Critical,96.21,0
1380,202.32,21.52,49.11,Voltage Sag,Transmission Line,TL-22A,Critical,95.15,0
1381,203.37,18.66,49.65,Voltage Sag,Transmission Line,TL-22A,Critical,93.67,0
1382,191.15,10.52,49.64,Voltage Sag,Transmission Line,TL-22A,Critical,90.65,0
1383,187.4,14.39,49.55,Voltage Sag,Transmission Line,TL-22A,Critical,91.07,0
1384,197.67,21.93,49.16,Voltage Sag,Transmission Line,TL-22A,Critical,90.83,0
1385,175.82,23.16,49.53,Voltage Sag,Transmission Line,TL-22A,Critical,93.74,0
1386,174.27,19.74,49.87,Voltage Sag,Transmission Line,TL-22A,Critical,96.63,0
1387,195.04,11.13,49.11,Voltage Sag,Transmission Line,TL-22A,Critical,90.39,0
1388,180.3,12.03,49.26,Voltage Sag,Transmission Line,TL-22A,Critical,93.08,0
1389,207.72,19.16,49.83,Voltage Sag,Transmission Line,TL-22A,Critical,95.68,0
1390,174.5,21.04,49.28,Voltage Sag,Transmission Line,TL-22A,Critical,95.11,0
1391,183.64,24.97,49.26,Voltage Sag,Transmission Line,TL-22A,Critical,92.23,0
1392,207.23,10.37,49.7,Voltage Sag,Transmission Line,TL-22A,Critical,95.8,0
1393,203.46,24.62,49.98,Voltage Sag,Transmission Line,TL-22A,Critical,90.52,0
1394,202.87,19.69,49.65,Voltage Sag,Transmission Line,TL-22A,Critical,91.03,0
1395,196.01,24.74,49.91,Voltage Sag,Transmission Line,TL-22A,Critical,93.51,0
1396,171.6,15.43,49.83,Voltage Sag,Transmission Line,TL-22A,Critical,95.61,0
1397,188.37,10.83,49.43,Voltage Sag,Transmission Line,TL-22A,Critical,93.75,0
1398,207.14,19.62,49.31,Voltage Sag,Transmission Line,TL-22A,Critical,94.2,0
1399,172.64,24.59,49.36,Voltage Sag,Transmission Line,TL-22A,Critical,93.82,0
1400,184.21,20.24,49.66,Voltage Sag,Transmission Line,TL-22A,Critical,95.72,0
1401,180.73,14.74,49.13,Voltage Sag,Transmission Line,TL-22A,Critical,95.24,0
1402,171.59,18.97,49.87,Voltage Sag,Transmission Line,TL-22A,Critical,97.13,0
1403,187.96,16.89,49.08,Voltage Sag,Transmission Line,TL-22A,Critical,95.37,0
1404,202.85,13.67,49.42,Voltage Sag,Transmission Line,TL-22A,Critical,96.71,0
1405,205.08,13.65,49.55,Voltage Sag,Transmission Line,TL-22A,Critical,91.54,0
1406,174.08,23.67,49.82,Voltage Sag,Transmission Line,TL-22A,Critical,96.08,0
1407,171.95,22.66,49.44,Voltage Sag,Transmission Line,TL-22A,Critical,92.74,0
1408,191.86,11.37,49.76,Voltage Sag,Transmission Line,TL-22A,Critical,94.66,0
1409,177.46,12.82,49.18,Voltage Sag,Transmission Line,TL-22A,Critical,90.46,0
1410,193.51,22.61,49.02,Voltage Sag,Transmission Line,TL-22A,Critical,90.39,0
1411,192.91,22.29,49.33,Voltage Sag,Transmission Line,TL-22A,Critical,92.8,0
1412,193.85,14.11,49.03,Voltage Sag,Transmission Line,TL-22A,Critical,95.88,0
1413,195.03,18.71,49.74,Voltage Sag,Transmission Line,TL-22A,Critical,95.4,0
1414,178.24,15.29,49.13,Voltage Sag,Transmission Line,TL-22A,Critical,91.04,0
1415,197.05,22.88,49.96,Voltage Sag,Transmission Line,TL-22A,Critical,95.03,0
1416,177.36,11.58,49.81,Voltage Sag,Transmission Line,TL-22A,Critical,94.63,0
1417,194.73,21.72,49.7,Voltage Sag,Transmission Line,TL-22A,Critical,96.68,0
1418,172.25,21.21,49.85,Voltage Sag,Transmission Line,TL-22A,Critical,92.29,0
1419,195.62,14.71,49.96,Voltage Sag,Transmission Line,TL-22A,Critical,90.27,0
1420,193.19,12.5,49.71,Voltage Sag,Transmission Line,TL-22A,Critical,91.41,0
1421,179.42,17.42,49.91,Voltage Sag,Transmission Line,TL-22A,Critical,91.69,0
1422,175.77,21.38,49.5,Voltage Sag,Transmission Line,TL-22A,Critical,97.29,0
1423,175.86,19.69,49.23,Voltage Sag,Transmission Line,TL-22A,Critical,91.25,0
1424,197.34,18.91,49.75,Voltage Sag,Transmission Line,TL-22A,Critical,92.48,0
1425,187.92,16.08,49.98,Voltage Sag,Transmission Line,TL-22A,Critical,92.34,0
1426,181.79,15.32,49.56,Voltage Sag,Transmission Line,TL-22A,Critical,92.02,0
1427,206.61,13.99,49.9,Voltage Sag,Transmission Line,TL-22A,Critical,90.83,0
1428,196.26,23.6,49.17,Voltage Sag,Transmission Line,TL-22A,Critical,97.75,0
1429,188.12,24.19,49.68,Voltage Sag,Transmission Line,TL-22A,Critical,92.41,0
1430,177.53,14.56,49.09,Voltage Sag,Transmission Line,TL-22A,Critical,91.15,0
1431,174.19,16.34,49.8,Voltage Sag,Transmission Line,TL-22A,Critical,91.13,0
1432,175.21,19.65,49.2,Voltage Sag,Transmission Line,TL-22A,Critical,90.78,0
1433,176.67,23.86,49.82,Voltage Sag,Transmission Line,TL-22A,Critical,92.83,0
1434,196.23,18.06,49.68,Voltage Sag,Transmission Line,TL-22A,Critical,95.46,0
1435,195.15,13.99,49.04,Voltage Sag,Transmission Line,TL-22A,Critical,93.64,0
1436,205.64,18.54,49.83,Voltage Sag,Transmission Line,TL-22A,Critical,97.93,0
1437,176.54,20.38,49.67,Voltage Sag,Transmission Line,TL-22A,Critical,97.84,0
1438,209.42,20.3,49.24,Voltage Sag,Transmission Line,TL-22A,Critical,96.39,0
1439,174.28,21.71,49.91,Voltage Sag,Transmission Line,TL-22A,Critical,93.06,0
1440,195.23,16.45,49.44,Voltage Sag,Transmission Line,TL-22A,Critical,92.48,0
1441,200.49,24.04,49.94,Voltage Sag,Transmission Line,TL-22A,Critical,91.4,0
1442,204.99,21.06,49.25,Voltage Sag,Transmission Line,TL-22A,Critical,90.54,0
1443,180.72,23.68,49.63,Voltage Sag,Transmission Line,TL-22A,Critical,95.77,0
1444,180.29,20.79,49.03,Voltage Sag,Transmission Line,TL-22A,Critical,93.0,0
1445,195.07,12.19,49.82,Voltage Sag,Transmission Line,TL-22A,Critical,91.88,0
1446,196.09,16.08,49.6,Voltage Sag,Transmission Line,TL-22A,Critical,90.86,0
1447,170.68,23.64,49.27,Voltage Sag,Transmission Line,TL-22A,Critical,96.56,0
1448,209.97,13.17,49.27,Voltage Sag,Transmission Line,TL-22A,Critical,95.3,0
1449,208.62,23.74,49.5,Voltage Sag,Transmission Line,TL-22A,Critical,96.36,0
1450,175.43,24.66,49.96,Voltage Sag,Transmission Line,TL-22A,Critical,91.31,0
1451,181.98,11.5,49.27,Voltage Sag,Transmission Line,TL-22A,Critical,96.53,0
1452,185.13,11.33,49.34,Voltage Sag,Transmission Line,TL-22A,Critical,97.85,0
1453,195.19,16.24,49.17,Voltage Sag,Transmission Line,TL-22A,Critical,97.89,0
1454,202.83,14.22,49.07,Voltage Sag,Transmission Line,TL-22A,Critical,90.45,0
1455,174.82,18.71,49.93,Voltage Sag,Transmission Line,TL-22A,Critical,93.97,0
1456,203.72,16.69,49.71,Voltage Sag,Transmission Line,TL-22A,Critical,95.85,0
1457,176.96,15.42,49.64,Voltage Sag,Transmission Line,TL-22A,Critical,90.57,0
1458,184.46,18.02,50.0,Voltage Sag,Transmission Line,TL-22A,Critical,93.8,0
1459,202.64,16.48,49.8,Voltage Sag,Transmission Line,TL-22A,Critical,94.76,0
1460,205.46,16.16,49.6,Voltage Sag,Transmission Line,TL-22A,Critical,95.04,0
1461,186.7,12.16,49.09,Voltage Sag,Transmission Line,TL-22A,Critical,90.13,0
1462,204.94,13.55,49.21,Voltage Sag,Transmission Line,TL-22A,Critical,95.89,0
1463,182.8,17.59,49.16,Voltage Sag,Transmission Line,TL-22A,Critical,97.68,0
1464,204.06,22.96,49.41,Voltage Sag,Transmission Line,TL-22A,Critical,96.1,0
1465,175.76,10.13,49.02,Voltage Sag,Transmission Line,TL-22A,Critical,94.69,0
1466,188.22,17.77,49.01,Voltage Sag,Transmission Line,TL-22A,Critical,93.38,0
1467,198.72,16.64,49.73,Voltage Sag,Transmission Line,TL-22A,Critical,91.86,0
1468,202.53,18.83,49.21,Voltage Sag,Transmission Line,TL-22A,Critical,91.89,0
1469,195.12,22.45,49.42,Voltage Sag,Transmission Line,TL-22A,Critical,92.07,0
1470,204.68,20.04,49.45,Voltage Sag,Transmission Line,TL-22A,Critical,93.9,0
1471,178.17,19.4,49.36,Voltage Sag,Transmission Line,TL-22A,Critical,97.97,0
1472,189.21,17.29,49.57,Voltage Sag,Transmission Line,TL-22A,Critical,97.33,0
1473,202.03,16.77,49.72,Voltage Sag,Transmission Line,TL-22A,Critical,94.69,0
1474,189.69,12.88,49.46,Voltage Sag,Transmission Line,TL-22A,Critical,91.97,0
1475,206.59,15.03,49.95,Voltage Sag,Transmission Line,TL-22A,Critical,94.26,0
1476,195.26,18.14,49.13,Voltage Sag,Transmission Line,TL-22A,Critical,93.01,0
1477,173.97,19.34,49.45,Voltage Sag,Transmission Line,TL-22A,Critical,96.22,0
1478,178.82,12.47,49.41,Voltage Sag,Transmission Line,TL-22A,Critical,97.41,0
1479,198.42,16.28,49.52,Voltage Sag,Transmission Line,TL-22A,Critical,90.67,0
1480,209.38,20.0,49.29,Voltage Sag,Transmission Line,TL-22A,Critical,94.69,0
1481,174.38,24.49,49.17,Voltage Sag,Transmission Line,TL-22A,Critical,95.18,0
1482,179.82,20.76,49.78,Voltage Sag,Transmission Line,TL-22A,Critical,95.39,0
1483,194.58,23.39,49.08,Voltage Sag,Transmission Line,TL-22A,Critical,92.65,0
1484,179.93,24.82,49.39,Voltage Sag,Transmission Line,TL-22A,Critical,95.86,0
1485,197.39,13.18,49.24,Voltage Sag,Transmission Line,TL-22A,Critical,92.25,0
1486,186.45,13.51,49.02,Voltage Sag,Transmission Line,TL-22A,Critical,97.04,0
1487,208.62,15.12,49.34,Voltage Sag,Transmission Line,TL-22A,Critical,90.06,0
1488,197.21,22.38,49.15,Voltage Sag,Transmission Line,TL-22A,Critical,91.28,0
1489,201.6,19.24,49.04,Voltage Sag,Transmission Line,TL-22A,Critical,94.98,0
1490,182.36,15.53,49.77,Voltage Sag,Transmission Line,TL-22A,Critical,96.49,0
1491,186.01,24.21,49.41,Voltage Sag,Transmission Line,TL-22A,Critical,96.17,0
1492,189.36,23.46,49.91,Voltage Sag,Transmission Line,TL-22A,Critical,90.7,0
1493,207.46,22.38,49.79,Voltage Sag,Transmission Line,TL-22A,Critical,91.61,0
1494,202.2,22.75,49.29,Voltage Sag,Transmission Line,TL-22A,Critical,97.62,0
1495,171.99,12.25,49.54,Voltage Sag,Transmission Line,TL-22A,Critical,94.61,0
1496,195.81,10.25,49.96,Voltage Sag,Transmission Line,TL-22A,Critical,90.36,0
1497,175.72,10.21,49.57,Voltage Sag,Transmission Line,TL-22A,Critical,97.46,0
1498,196.64,22.34,49.01,Voltage Sag,Transmission Line,TL-22A,Critical,94.34,0
1499,188.38,17.48,49.07,Voltage Sag,Transmission Line,TL-22A,Critical,95.48,0
1500,190.13,21.48,49.49,Voltage Sag,Transmission Line,TL-22A,Critical,91.2,0
1501,195.93,12.59,49.87,Voltage Sag,Transmission Line,TL-22A,Critical,94.9,0
1502,176.29,24.44,49.52,Voltage Sag,Transmission Line,TL-22A,Critical,90.58,0
1503,195.07,13.8,49.8,Voltage Sag,Transmission Line,TL-22A,Critical,96.54,0
1504,209.16,17.53,49.45,Voltage Sag,Transmission Line,TL-22A,Critical,96.03,0
1505,175.3,18.2,49.55,Voltage Sag,Transmission Line,TL-22A,Critical,90.72,0
1506,186.72,22.8,49.86,Voltage Sag,Transmission Line,TL-22A,Critical,90.79,0
1507,173.63,13.94,49.87,Voltage Sag,Transmission Line,TL-22A,Critical,91.03,0
1508,198.8,11.52,49.62,Voltage Sag,Transmission Line,TL-22A,Critical,92.85,0
1509,201.56,13.51,49.64,Voltage Sag,Transmission Line,TL-22A,Critical,91.89,0
1510,198.55,23.11,49.13,Voltage Sag,Transmission Line,TL-22A,Critical,96.93,0
1511,193.74,11.91,49.43,Voltage Sag,Transmission Line,TL-22A,Critical,91.29,0
1512,198.01,21.38,49.11,Voltage Sag,Transmission Line,TL-22A,Critical,94.05,0
1513,202.59,24.04,49.51,Voltage Sag,Transmission Line,TL-22A,Critical,97.6,0
1514,191.43,15.91,49.85,Voltage Sag,Transmission Line,TL-22A,Critical,93.94,0
1515,188.88,17.35,49.85,Voltage Sag,Transmission Line,TL-22A,Critical,96.66,0
1516,186.14,15.0,49.49,Voltage Sag,Transmission Line,TL-22A,Critical,94.58,0
1517,179.53,21.91,49.49,Voltage Sag,Transmission Line,TL-22A,Critical,92.67,0
1518,174.27,13.58,49.95,Voltage Sag,Transmission Line,TL-22A,Critical,92.44,0
1519,176.75,16.91,49.31,Voltage Sag,Transmission Line,TL-22A,Critical,90.28,0
1520,182.93,18.16,49.55,Voltage Sag,Transmission Line,TL-22A,Critical,92.85,0
1521,187.89,24.48,49.38,Voltage Sag,Transmission Line,TL-22A,Critical,92.07,0
1522,179.74,16.87,49.76,Voltage Sag,Transmission Line,TL-22A,Critical,91.65,0
1523,198.37,10.32,49.42,Voltage Sag,Transmission Line,TL-22A,Critical,96.21,0
1524,183.55,18.46,49.2,Voltage Sag,Transmission Line,TL-22A,Critical,95.94,0
1525,172.09,22.79,49.2,Voltage Sag,Transmission Line,TL-22A,Critical,97.0,0
1526,184.1,20.84,49.32,Voltage Sag,Transmission Line,TL-22A,Critical,97.25,0
1527,175.07,12.68,49.49,Voltage Sag,Transmission Line,TL-22A,Critical,90.66,0
1528,177.84,24.16,49.98,Voltage Sag,Transmission Line,TL-22A,Critical,93.01,0
1529,206.93,18.17,49.27,Voltage Sag,Transmission Line,TL-22A,Critical,95.62,0
1530,196.36,24.84,49.27,Voltage Sag,Transmission Line,TL-22A,Critical,95.38,0
1531,172.08,11.7,49.0,Voltage Sag,Transmission Line,TL-22A,Critical,98.0,0
1532,202.09,21.8,49.51,Voltage Sag,Transmission Line,TL-22A,Critical,92.4,0
1533,176.05,14.27,49.38,Voltage Sag,Transmission Line,TL-22A,Critical,96.05,0
1534,191.59,11.16,49.02,Voltage Sag,Transmission Line,TL-22A,Critical,90.82,0
1535,186.42,24.0,49.64,Voltage Sag,Transmission Line,TL-22A,Critical,96.41,0
1536,188.65,15.42,49.11,Voltage Sag,Transmission Line,TL-22A,Critical,97.01,0
1537,201.33,12.52,49.51,Voltage Sag,Transmission Line,TL-22A,Critical,93.9,0
1538,195.0,24.19,49.58,Voltage Sag,Transmission Line,TL-22A,Critical,94.32,0
1539,172.01,10.94,49.19,Voltage Sag,Transmission Line,TL-22A,Critical,90.26,0
1540,199.73,20.85,49.14,Voltage Sag,Transmission Line,TL-22A,Critical,96.69,0
1541,176.19,14.52,49.25,Voltage Sag,Transmission Line,TL-22A,Critical,92.98,0
1542,180.19,17.33,49.41,Voltage Sag,Transmission Line,TL-22A,Critical,97.89,0
1543,172.24,12.13,49.05,Voltage Sag,Transmission Line,TL-22A,Critical,95.01,0
1544,172.18,22.55,49.51,Voltage Sag,Transmission Line,TL-22A,Critical,94.22,0
1545,192.46,12.56,49.2,Voltage Sag,Transmission Line,TL-22A,Critical,92.55,0
1546,193.74,13.15,49.12,Voltage Sag,Transmission Line,TL-22A,Critical,97.76,0
1547,170.88,22.04,49.79,Voltage Sag,Transmission Line,TL-22A,Critical,92.38,0
1548,175.43,12.18,49.7,Voltage Sag,Transmission Line,TL-22A,Critical,95.14,0
1549,201.31,24.06,49.69,Voltage Sag,Transmission Line,TL-22A,Critical,91.25,0
1550,179.74,22.63,49.21,Voltage Sag,Transmission Line,TL-22A,Critical,90.58,0
1551,198.13,16.04,49.92,Voltage Sag,Transmission Line,TL-22A,Critical,95.2,0
1552,173.62,24.22,49.26,Voltage Sag,Transmission Line,TL-22A,Critical,92.7,0
1553,186.09,10.77,49.5,Voltage Sag,Transmission Line,TL-22A,Critical,90.99,0
1554,186.04,15.26,49.77,Voltage Sag,Transmission Line,TL-22A,Critical,96.43,0
1555,176.14,15.5,49.37,Voltage Sag,Transmission Line,TL-22A,Critical,91.21,0
1556,201.94,20.61,49.19,Voltage Sag,Transmission Line,TL-22A,Critical,92.93,0
1557,174.23,19.42,49.12,Voltage Sag,Transmission Line,TL-22A,Critical,97.89,0
1558,201.23,15.85,49.58,Voltage Sag,Transmission Line,TL-22A,Critical,97.29,0
1559,192.16,12.62,49.38,Voltage Sag,Transmission Line,TL-22A,Critical,96.75,0
1560,195.77,19.76,49.87,Voltage Sag,Transmission Line,TL-22A,Critical,97.15,0
1561,206.79,11.42,49.54,Voltage Sag,Transmission Line,TL-22A,Critical,95.92,0
1562,200.28,19.1,49.17,Voltage Sag,Transmission Line,TL-22A,Critical,96.38,0
1563,198.8,11.29,49.46,Voltage Sag,Transmission Line,TL-22A,Critical,91.39,0
1564,183.5,10.27,49.4,Voltage Sag,Transmission Line,TL-22A,Critical,94.4,0
1565,194.78,19.95,49.84,Voltage Sag,Transmission Line,TL-22A,Critical,91.72,0
1566,174.82,22.77,49.16,Voltage Sag,Transmission Line,TL-22A,Critical,97.8,0
1567,203.7,17.51,49.98,Voltage Sag,Transmission Line,TL-22A,Critical,90.78,0
1568,182.12,19.57,49.35,Voltage Sag,Transmission Line,TL-22A,Critical,97.43,0
1569,172.63,18.24,49.59,Voltage Sag,Transmission Line,TL-22A,Critical,95.22,0
1570,180.23,15.47,49.84,Voltage Sag,Transmission Line,TL-22A,Critical,91.56,0
1571,203.07,18.44,49.76,Voltage Sag,Transmission Line,TL-22A,Critical,95.71,0
1572,178.3,18.53,49.87,Voltage Sag,Transmission Line,TL-22A,Critical,93.46,0
1573,208.66,16.78,49.14,Voltage Sag,Transmission Line,TL-22A,Critical,93.12,0
1574,208.07,14.8,49.87,Voltage Sag,Transmission Line,TL-22A,Critical,97.05,0
1575,184.01,11.25,49.72,Voltage Sag,Transmission Line,TL-22A,Critical,92.49,0
1576,201.32,16.64,49.49,Voltage Sag,Transmission Line,TL-22A,Critical,96.22,0
1577,185.29,16.65,49.38,Voltage Sag,Transmission Line,TL-22A,Critical,92.94,0
1578,191.04,22.13,49.36,Voltage Sag,Transmission Line,TL-22A,Critical,94.19,0
1579,196.83,14.04,49.28,Voltage Sag,Transmission Line,TL-22A,Critical,97.47,0
1580,198.94,18.66,49.65,Voltage Sag,Transmission Line,TL-22A,Critical,90.23,0
1581,194.72,17.64,49.55,Voltage Sag,Transmission Line,TL-22A,Critical,92.88,0
1582,173.26,12.9,49.95,Voltage Sag,Transmission Line,TL-22A,Critical,93.27,0
1583,188.67,10.79,49.04,Voltage Sag,Transmission Line,TL-22A,Critical,95.74,0
1584,191.52,17.63,49.24,Voltage Sag,Transmission Line,TL-22A,Critical,95.96,0
1585,176.73,12.85,49.46,Voltage Sag,Transmission Line,TL-22A,Critical,92.29,0
1586,179.9,19.68,49.65,Voltage Sag,Transmission Line,TL-22A,Critical,96.6,0
1587,186.71,11.1,49.27,Voltage Sag,Transmission Line,TL-22A,Critical,97.84,0
1588,193.85,20.65,49.01,Voltage Sag,Transmission Line,TL-22A,Critical,94.15,0
1589,171.5,18.54,49.92,Voltage Sag,Transmission Line,TL-22A,Critical,97.75,0
1590,191.62,16.87,49.95,Voltage Sag,Transmission Line,TL-22A,Critical,95.39,0
1591,172.6,16.99,49.24,Voltage Sag,Transmission Line,TL-22A,Critical,93.76,0
1592,188.22,18.73,49.36,Voltage Sag,Transmission Line,TL-22A,Critical,91.31,0
1593,190.15,22.45,49.66,Voltage Sag,Transmission Line,TL-22A,Critical,92.71,0
1594,207.42,23.68,49.21,Voltage Sag,Transmission Line,TL-22A,Critical,90.32,0
1595,199.65,22.41,49.97,Voltage Sag,Transmission Line,TL-22A,Critical,97.12,0
1596,194.02,17.95,49.03,Voltage Sag,Transmission Line,TL-22A,Critical,91.97,0
1597,188.38,19.43,49.56,Voltage Sag,Transmission Line,TL-22A,Critical,95.94,0
1598,181.19,18.47,49.09,Voltage Sag,Transmission Line,TL-22A,Critical,93.31,0
1599,200.01,20.4,49.99,Voltage Sag,Transmission Line,TL-22A,Critical,92.22,0
1600,189.93,14.94,49.44,Voltage Sag,Transmission Line,TL-22A,Critical,96.86,0
1601,197.37,23.24,49.2,Voltage Sag,Transmission Line,TL-22A,Critical,96.99,0
1602,172.39,23.33,49.33,Voltage Sag,Transmission Line,TL-22A,Critical,92.52,0
1603,190.48,24.11,49.05,Voltage Sag,Transmission Line,TL-22A,Critical,92.82,0
1604,204.26,15.94,49.2,Voltage Sag,Transmission Line,TL-22A,Critical,93.4,0
1605,185.42,23.73,49.76,Voltage Sag,Transmission Line,TL-22A,Critical,94.04,0
1606,209.53,16.98,49.06,Voltage Sag,Transmission Line,TL-22A,Critical,92.1,0
1607,187.44,12.35,49.95,Voltage Sag,Transmission Line,TL-22A,Critical,96.13,0
1608,180.73,18.86,49.72,Voltage Sag,Transmission Line,TL-22A,Critical,97.53,0
1609,205.27,17.73,49.77,Voltage Sag,Transmission Line,TL-22A,Critical,94.5,0
1610,192.11,11.72,49.13,Voltage Sag,Transmission Line,TL-22A,Critical,94.24,0
1611,180.75,10.32,49.72,Voltage Sag,Transmission Line,TL-22A,Critical,90.26,0
1612,193.81,18.09,49.97,Voltage Sag,Transmission Line,TL-22A,Critical,93.87,0
1613,172.54,18.28,49.84,Voltage Sag,Transmission Line,TL-22A,Critical,97.97,0
1614,187.21,14.8,49.91,Voltage Sag,Transmission Line,TL-22A,Critical,91.53,0
1615,194.62,16.09,49.04,Voltage Sag,Transmission Line,TL-22A,Critical,92.78,0
1616,180.61,20.29,49.95,Voltage Sag,Transmission Line,TL-22A,Critical,92.14,0
1617,202.46,10.83,49.54,Voltage Sag,Transmission Line,TL-22A,Critical,90.56,0
1618,207.36,21.5,49.66,Voltage Sag,Transmission Line,TL-22A,Critical,96.59,0
1619,195.9,24.53,49.71,Voltage Sag,Transmission Line,TL-22A,Critical,97.4,0
1620,190.69,11.76,49.53,Voltage Sag,Transmission Line,TL-22A,Critical,91.01,0
1621,193.7,17.24,49.62,Voltage Sag,Transmission Line,TL-22A,Critical,90.08,0
1622,177.79,17.37,49.95,Voltage Sag,Transmission Line,TL-22A,Critical,93.07,0
1623,186.97,20.72,49.6,Voltage Sag,Transmission Line,TL-22A,Critical,92.39,0
1624,186.43,13.27,49.97,Voltage Sag,Transmission Line,TL-22A,Critical,91.05,0
1625,184.87,10.39,49.22,Voltage Sag,Transmission Line,TL-22A,Critical,96.24,0
1626,178.05,11.2,49.47,Voltage Sag,Transmission Line,TL-22A,Critical,90.08,0
1627,173.39,22.11,49.77,Voltage Sag,Transmission Line,TL-22A,Critical,97.32,0
1628,204.18,20.25,49.05,Voltage Sag,Transmission Line,TL-22A,Critical,96.26,0
1629,203.82,21.99,49.51,Voltage Sag,Transmission Line,TL-22A,Critical,91.86,0
1630,203.81,20.91,49.98,Voltage Sag,Transmission Line,TL-22A,Critical,91.25,0
1631,179.03,13.18,49.79,Voltage Sag,Transmission Line,TL-22A,Critical,91.5,0
1632,172.67,24.98,49.02,Voltage Sag,Transmission Line,TL-22A,Critical,96.68,0
1633,184.61,22.62,49.55,Voltage Sag,Transmission Line,TL-22A,Critical,97.21,0
1634,207.05,10.14,49.08,Voltage Sag,Transmission Line,TL-22A,Critical,92.0,0
1635,196.77,23.32,49.46,Voltage Sag,Transmission Line,TL-22A,Critical,94.86,0
1636,177.54,22.07,49.97,Voltage Sag,Transmission Line,TL-22A,Critical,92.15,0
1637,189.79,11.29,49.56,Voltage Sag,Transmission Line,TL-22A,Critical,94.02,0
1638,175.78,16.63,49.33,Voltage Sag,Transmission Line,TL-22A,Critical,94.17,0
1639,193.43,10.13,49.76,Voltage Sag,Transmission Line,TL-22A,Critical,95.7,0
1640,184.65,10.79,49.75,Voltage Sag,Transmission Line,TL-22A,Critical,97.64,0
1641,179.61,14.85,49.18,Voltage Sag,Transmission Line,TL-22A,Critical,94.62,0
1642,176.19,15.34,49.7,Voltage Sag,Transmission Line,TL-22A,Critical,94.48,0
1643,185.46,16.3,49.56,Voltage Sag,Transmission Line,TL-22A,Critical,90.05,0
1644,173.14,23.22,49.08,Voltage Sag,Transmission Line,TL-22A,Critical,95.65,0
1645,206.8,14.06,49.37,Voltage Sag,Transmission Line,TL-22A,Critical,94.55,0
1646,205.27,24.13,49.74,Voltage Sag,Transmission Line,TL-22A,Critical,90.69,0
1647,196.77,16.15,49.47,Voltage Sag,Transmission Line,TL-22A,Critical,90.39,0
1648,177.64,21.86,49.45,Voltage Sag,Transmission Line,TL-22A,Critical,92.41,0
1649,185.36,22.82,49.75,Voltage Sag,Transmission Line,TL-22A,Critical,92.18,0
1650,174.7,13.78,49.92,Voltage Sag,Transmission Line,TL-22A,Critical,94.65,0
1651,191.34,18.95,49.37,Voltage Sag,Transmission Line,TL-22A,Critical,96.46,0
1652,190.93,11.75,49.13,Voltage Sag,Transmission Line,TL-22A,Critical,94.29,0
1653,207.46,14.63,49.87,Voltage Sag,Transmission Line,TL-22A,Critical,96.11,0
1654,179.91,10.55,49.1,Voltage Sag,Transmission Line,TL-22A,Critical,95.83,0
1655,177.99,15.57,49.5,Voltage Sag,Transmission Line,TL-22A,Critical,95.8,0
1656,174.53,16.1,49.49,Voltage Sag,Transmission Line,TL-22A,Critical,94.33,0
1657,202.73,12.58,49.81,Voltage Sag,Transmission Line,TL-22A,Critical,95.54,0
1658,192.23,20.49,49.41,Voltage Sag,Transmission Line,TL-22A,Critical,91.11,0
1659,196.63,17.87,49.64,Voltage Sag,Transmission Line,TL-22A,Critical,92.7,0
1660,206.27,18.81,49.09,Voltage Sag,Transmission Line,TL-22A,Critical,93.6,0
1661,200.25,21.91,49.49,Voltage Sag,Transmission Line,TL-22A,Critical,97.16,0
1662,180.71,16.16,49.9,Voltage Sag,Transmission Line,TL-22A,Critical,97.17,0
1663,197.43,22.88,49.09,Voltage Sag,Transmission Line,TL-22A,Critical,96.92,0
1664,182.82,12.67,49.24,Voltage Sag,Transmission Line,TL-22A,Critical,93.34,0
1665,180.05,14.81,49.13,Voltage Sag,Transmission Line,TL-22A,Critical,92.37,0
1666,192.89,16.63,49.35,Voltage Sag,Transmission Line,TL-22A,Critical,95.97,0
1667,205.74,21.35,49.33,Voltage Sag,Transmission Line,TL-22A,Critical,95.96,0
1668,176.08,11.95,49.35,Voltage Sag,Transmission Line,TL-22A,Critical,96.46,0
1669,179.85,10.95,49.13,Voltage Sag,Transmission Line,TL-22A,Critical,96.87,0
1670,195.35,13.8,49.56,Voltage Sag,Transmission Line,TL-22A,Critical,94.22,0
1671,196.22,13.5,49.86,Voltage Sag,Transmission Line,TL-22A,Critical,92.47,0
1672,197.77,10.24,49.37,Voltage Sag,Transmission Line,TL-22A,Critical,92.81,0
1673,191.74,11.09,49.79,Voltage Sag,Transmission Line,TL-22A,Critical,91.74,0
1674,197.08,22.05,49.56,Voltage Sag,Transmission Line,TL-22A,Critical,95.93,0
1675,196.47,15.33,49.81,Voltage Sag,Transmission Line,TL-22A,Critical,92.36,0
1676,192.85,21.18,49.38,Voltage Sag,Transmission Line,TL-22A,Critical,92.42,0
1677,188.37,22.27,49.93,Voltage Sag,Transmission Line,TL-22A,Critical,94.36,0
1678,196.46,23.55,49.1,Voltage Sag,Transmission Line,TL-22A,Critical,91.86,0
1679,198.36,22.36,49.86,Voltage Sag,Transmission Line,TL-22A,Critical,93.32,0
1680,173.57,16.57,49.23,Voltage Sag,Transmission Line,TL-22A,Critical,92.33,0
1681,200.89,11.13,49.83,Voltage Sag,Transmission Line,TL-22A,Critical,93.42,0
1682,193.84,11.34,49.34,Voltage Sag,Transmission Line,TL-22A,Critical,90.72,0
1683,208.46,22.11,49.46,Voltage Sag,Transmission Line,TL-22A,Critical,91.79,0
1684,207.34,15.17,49.16,Voltage Sag,Transmission Line,TL-22A,Critical,94.51,0
1685,207.75,10.06,49.24,Voltage Sag,Transmission Line,TL-22A,Critical,97.51,0
1686,176.84,11.7,49.57,Voltage Sag,Transmission Line,TL-22A,Critical,96.89,0
1687,189.08,24.92,49.68,Voltage Sag,Transmission Line,TL-22A,Critical,90.59,0
1688,209.71,16.12,49.29,Voltage Sag,Transmission Line,TL-22A,Critical,94.46,0
1689,182.17,11.3,49.0,Voltage Sag,Transmission Line,TL-22A,Critical,93.6,0
1690,203.47,18.58,50.0,Voltage Sag,Transmission Line,TL-22A,Critical,92.29,0
1691,181.22,12.4,49.16,Voltage Sag,Transmission Line,TL-22A,Critical,92.28,0
1692,201.71,23.59,49.98,Voltage Sag,Transmission Line,TL-22A,Critical,91.86,0
1693,205.25,14.92,49.11,Voltage Sag,Transmission Line,TL-22A,Critical,96.96,0
1694,195.44,12.47,49.43,Voltage Sag,Transmission Line,TL-22A,Critical,92.3,0
1695,199.47,16.8,49.99,Voltage Sag,Transmission Line,TL-22A,Critical,90.44,0
1696,184.2,17.23,49.5,Voltage Sag,Transmission Line,TL-22A,Critical,92.53,0
1697,199.17,23.12,49.94,Voltage Sag,Transmission Line,TL-22A,Critical,96.44,0
1698,204.02,18.26,49.83,Voltage Sag,Transmission Line,TL-22A,Critical,92.43,0
1699,185.94,14.75,49.47,Voltage Sag,Transmission Line,TL-22A,Critical,92.28,0
1700,208.46,14.69,49.1,Voltage Sag,Transmission Line,TL-22A,Critical,94.21,0
1701,172.28,11.66,49.22,Voltage Sag,Transmission Line,TL-22A,Critical,93.71,0
1702,187.33,22.0,49.74,Voltage Sag,Transmission Line,TL-22A,Critical,93.41,0
1703,183.35,14.75,49.77,Voltage Sag,Transmission Line,TL-22A,Critical,90.42,0
1704,170.51,21.93,49.48,Voltage Sag,Transmission Line,TL-22A,Critical,91.05,0
1705,179.42,23.99,49.86,Voltage Sag,Transmission Line,TL-22A,Critical,95.68,0
1706,189.29,17.8,49.98,Voltage Sag,Transmission Line,TL-22A,Critical,97.73,0
1707,178.61,22.17,49.2,Voltage Sag,Transmission Line,TL-22A,Critical,91.71,0
1708,197.04,16.08,49.93,Voltage Sag,Transmission Line,TL-22A,Critical,90.71,0
1709,190.46,23.78,49.9,Voltage Sag,Transmission Line,TL-22A,Critical,91.25,0
1710,184.67,19.29,49.16,Voltage Sag,Transmission Line,TL-22A,Critical,97.74,0
1711,206.59,12.5,49.12,Voltage Sag,Transmission Line,TL-22A,Critical,90.68,0
1712,206.38,12.9,49.42,Voltage Sag,Transmission Line,TL-22A,Critical,93.59,0
1713,193.96,11.08,49.23,Voltage Sag,Transmission Line,TL-22A,Critical,97.45,0
1714,206.34,21.72,49.02,Voltage Sag,Transmission Line,TL-22A,Critical,92.62,0
1715,195.12,14.13,49.91,Voltage Sag,Transmission Line,TL-22A,Critical,95.07,0
1716,172.88,23.64,49.96,Voltage Sag,Transmission Line,TL-22A,Critical,90.62,0
1717,191.29,14.55,49.39,Voltage Sag,Transmission Line,TL-22A,Critical,91.44,0
1718,193.12,24.37,49.5,Voltage Sag,Transmission Line,TL-22A,Critical,90.66,0
1719,194.8,15.1,49.86,Voltage Sag,Transmission Line,TL-22A,Critical,93.48,0
1720,177.71,12.87,49.77,Voltage Sag,Transmission Line,TL-22A,Critical,92.12,0
1721,200.69,13.09,49.32,Voltage Sag,Transmission Line,TL-22A,Critical,93.72,0
1722,207.73,23.98,49.21,Voltage Sag,Transmission Line,TL-22A,Critical,92.87,0
1723,175.98,17.65,49.46,Voltage Sag,Transmission Line,TL-22A,Critical,97.21,0
1724,207.2,15.75,49.49,Voltage Sag,Transmission Line,TL-22A,Critical,97.17,0
1725,202.27,10.05,49.32,Voltage Sag,Transmission Line,TL-22A,Critical,93.37,0
1726,179.19,12.99,49.04,Voltage Sag,Transmission Line,TL-22A,Critical,95.15,0
1727,180.5,10.79,49.23,Voltage Sag,Transmission Line,TL-22A,Critical,96.42,0
1728,204.06,17.25,49.42,Voltage Sag,Transmission Line,TL-22A,Critical,97.82,0
1729,178.02,13.23,49.29,Voltage Sag,Transmission Line,TL-22A,Critical,91.38,0
1730,185.17,23.66,49.62,Voltage Sag,Transmission Line,TL-22A,Critical,93.3,0
1731,207.38,10.73,49.21,Voltage Sag,Transmission Line,TL-22A,Critical,94.53,0
1732,194.62,10.59,49.4,Voltage Sag,Transmission Line,TL-22A,Critical,95.19,0
1733,197.92,19.57,49.32,Voltage Sag,Transmission Line,TL-22A,Critical,90.75,0
1734,187.08,11.93,49.95,Voltage Sag,Transmission Line,TL-22A,Critical,93.8,0
1735,182.69,21.49,49.5,Voltage Sag,Transmission Line,TL-22A,Critical,92.48,0
1736,202.48,23.01,49.67,Voltage Sag,Transmission Line,TL-22A,Critical,90.38,0
1737,192.65,21.45,49.14,Voltage Sag,Transmission Line,TL-22A,Critical,91.83,0
1738,205.3,10.3,49.75,Voltage Sag,Transmission Line,TL-22A,Critical,93.79,0
1739,187.87,10.11,49.82,Voltage Sag,Transmission Line,TL-22A,Critical,92.88,0
1740,191.63,20.16,49.7,Voltage Sag,Transmission Line,TL-22A,Critical,97.65,0
1741,191.25,16.0,49.95,Voltage Sag,Transmission Line,TL-22A,Critical,95.14,0
1742,181.93,11.9,49.84,Voltage Sag,Transmission Line,TL-22A,Critical,92.9,0
1743,196.42,17.06,49.2,Voltage Sag,Transmission Line,TL-22A,Critical,94.81,0
1744,172.43,16.2,49.55,Voltage Sag,Transmission Line,TL-22A,Critical,93.49,0
1745,199.95,22.42,49.77,Voltage Sag,Transmission Line,TL-22A,Critical,90.31,0
1746,177.77,18.05,49.93,Voltage Sag,Transmission Line,TL-22A,Critical,96.68,0
1747,203.7,14.55,49.43,Voltage Sag,Transmission Line,TL-22A,Critical,93.77,0
1748,176.29,10.47,49.95,Voltage Sag,Transmission Line,TL-22A,Critical,91.93,0
1749,179.6,11.25,49.93,Voltage Sag,Transmission Line,TL-22A,Critical,94.64,0
1750,196.68,23.67,49.35,Voltage Sag,Transmission Line,TL-22A,Critical,94.97,0
1751,171.55,12.8,49.83,Voltage Sag,Transmission Line,TL-22A,Critical,96.13,0
1752,184.03,15.65,49.53,Voltage Sag,Transmission Line,TL-22A,Critical,90.0,0
1753,179.65,13.12,49.25,Voltage Sag,Transmission Line,TL-22A,Critical,96.45,0
1754,181.19,12.87,49.5,Voltage Sag,Transmission Line,TL-22A,Critical,96.93,0
1755,179.65,11.18,49.36,Voltage Sag,Transmission Line,TL-22A,Critical,95.98,0
1756,192.03,22.25,49.96,Voltage Sag,Transmission Line,TL-22A,Critical,96.34,0
1757,194.15,17.4,49.04,Voltage Sag,Transmission Line,TL-22A,Critical,97.87,0
1758,185.34,12.28,49.67,Voltage Sag,Transmission Line,TL-22A,Critical,92.27,0
1759,193.43,18.8,49.45,Voltage Sag,Transmission Line,TL-22A,Critical,96.69,0
1760,180.6,16.73,49.54,Voltage Sag,Transmission Line,TL-22A,Critical,95.31,0
1761,201.36,15.92,49.65,Voltage Sag,Transmission Line,TL-22A,Critical,91.2,0
1762,207.31,15.75,49.73,Voltage Sag,Transmission Line,TL-22A,Critical,90.16,0
1763,178.21,17.31,49.88,Voltage Sag,Transmission Line,TL-22A,Critical,94.22,0
1764,207.19,17.26,49.49,Voltage Sag,Transmission Line,TL-22A,Critical,90.96,0
1765,202.11,13.7,49.9,Voltage Sag,Transmission Line,TL-22A,Critical,97.29,0
1766,207.73,17.8,49.68,Voltage Sag,Transmission Line,TL-22A,Critical,96.23,0
1767,175.24,19.01,49.03,Voltage Sag,Transmission Line,TL-22A,Critical,93.98,0
1768,176.19,12.74,49.37,Voltage Sag,Transmission Line,TL-22A,Critical,93.46,0
1769,194.93,11.12,49.5,Voltage Sag,Transmission Line,TL-22A,Critical,91.46,0
1770,192.96,19.56,49.56,Voltage Sag,Transmission Line,TL-22A,Critical,95.91,0
1771,183.42,21.48,49.43,Voltage Sag,Transmission Line,TL-22A,Critical,93.87,0
1772,195.92,10.28,49.65,Voltage Sag,Transmission Line,TL-22A,Critical,94.95,0
1773,182.39,11.29,49.09,Voltage Sag,Transmission Line,TL-22A,Critical,97.39,0
1774,197.57,11.91,49.36,Voltage Sag,Transmission Line,TL-22A,Critical,94.74,0
1775,203.42,10.65,49.24,Voltage Sag,Transmission Line,TL-22A,Critical,97.12,0
1776,170.37,13.02,49.96,Voltage Sag,Transmission Line,TL-22A,Critical,94.91,0
1777,180.47,11.0,49.03,Voltage Sag,Transmission Line,TL-22A,Critical,91.96,0
1778,205.26,16.24,49.72,Voltage Sag,Transmission Line,TL-22A,Critical,97.35,0
1779,186.32,12.87,49.52,Voltage Sag,Transmission Line,TL-22A,Critical,97.26,0
1780,202.17,10.99,49.69,Voltage Sag,Transmission Line,TL-22A,Critical,94.58,0
1781,206.3,11.84,49.53,Voltage Sag,Transmission Line,TL-22A,Critical,97.04,0
1782,186.4,17.23,49.07,Voltage Sag,Transmission Line,TL-22A,Critical,92.23,0
1783,182.98,24.18,49.28,Voltage Sag,Transmission Line,TL-22A,Critical,93.69,0
1784,196.85,12.43,49.49,Voltage Sag,Transmission Line,TL-22A,Critical,95.91,0
1785,204.67,19.39,49.67,Voltage Sag,Transmission Line,TL-22A,Critical,91.01,0
1786,207.83,11.99,49.77,Voltage Sag,Transmission Line,TL-22A,Critical,92.12,0
1787,207.34,20.8,49.75,Voltage Sag,Transmission Line,TL-22A,Critical,91.75,0
1788,187.72,19.27,49.77,Voltage Sag,Transmission Line,TL-22A,Critical,90.83,0
1789,208.49,23.35,49.27,Voltage Sag,Transmission Line,TL-22A,Critical,96.58,0
1790,190.73,16.93,49.31,Voltage Sag,Transmission Line,TL-22A,Critical,94.65,0
1791,199.2,16.16,49.63,Voltage Sag,Transmission Line,TL-22A,Critical,95.59,0
1792,198.44,10.78,49.86,Voltage Sag,Transmission Line,TL-22A,Critical,93.67,0
1793,180.5,13.63,49.48,Voltage Sag,Transmission Line,TL-22A,Critical,97.09,0
1794,185.13,21.25,49.1,Voltage Sag,Transmission Line,TL-22A,Critical,93.81,0
1795,209.67,21.56,49.21,Voltage Sag,Transmission Line,TL-22A,Critical,94.01,0
1796,179.34,16.14,49.78,Voltage Sag,Transmission Line,TL-22A,Critical,96.17,0
1797,179.12,23.83,49.59,Voltage Sag,Transmission Line,TL-22A,Critical,93.04,0
1798,190.08,19.08,49.56,Voltage Sag,Transmission Line,TL-22A,Critical,93.89,0
1799,190.2,12.65,49.81,Voltage Sag,Transmission Line,TL-22A,Critical,94.33,0
1800,175.24,21.49,49.93,Voltage Sag,Transmission Line,TL-22A,Critical,97.58,0
1801,184.76,12.03,49.52,Voltage Sag,Transmission Line,TL-22A,Critical,90.9,0
1802,207.36,12.75,49.25,Voltage Sag,Transmission Line,TL-22A,Critical,93.25,0
1803,185.33,21.92,49.46,Voltage Sag,Transmission Line,TL-22A,Critical,91.37,0
1804,180.69,17.64,49.15,Voltage Sag,Transmission Line,TL-22A,Critical,94.89,0
1805,192.63,20.72,49.94,Voltage Sag,Transmission Line,TL-22A,Critical,97.3,0
1806,207.84,13.67,49.13,Voltage Sag,Transmission Line,TL-22A,Critical,92.42,0
1807,205.8,24.58,49.86,Voltage Sag,Transmission Line,TL-22A,Critical,90.88,0
1808,207.9,16.35,49.01,Voltage Sag,Transmission Line,TL-22A,Critical,93.54,0
1809,171.84,18.16,49.34,Voltage Sag,Transmission Line,TL-22A,Critical,93.79,0
1810,194.53,23.03,49.66,Voltage Sag,Transmission Line,TL-22A,Critical,93.47,0
1811,202.78,23.58,49.12,Voltage Sag,Transmission Line,TL-22A,Critical,94.26,0
1812,181.38,10.71,49.67,Voltage Sag,Transmission Line,TL-22A,Critical,96.9,0
1813,176.52,22.19,49.85,Voltage Sag,Transmission Line,TL-22A,Critical,97.31,0
1814,180.61,23.56,49.32,Voltage Sag,Transmission Line,TL-22A,Critical,94.42,0
1815,172.02,10.66,49.72,Voltage Sag,Transmission Line,TL-22A,Critical,93.56,0
1816,180.25,12.86,49.67,Voltage Sag,Transmission Line,TL-22A,Critical,90.0,0
1817,202.24,11.19,49.19,Voltage Sag,Transmission Line,TL-22A,Critical,93.09,0
1818,189.39,15.32,49.32,Voltage Sag,Transmission Line,TL-22A,Critical,97.71,0
1819,195.66,10.35,49.43,Voltage Sag,Transmission Line,TL-22A,Critical,97.0,0
1820,182.06,11.42,49.76,Voltage Sag,Transmission Line,TL-22A,Critical,94.85,0
1821,192.81,10.8,49.14,Voltage Sag,Transmission Line,TL-22A,Critical,94.98,0
1822,178.31,17.56,49.54,Voltage Sag,Transmission Line,TL-22A,Critical,92.27,0
1823,207.94,22.64,49.72,Voltage Sag,Transmission Line,TL-22A,Critical,90.62,0
1824,174.25,17.39,49.16,Voltage Sag,Transmission Line,TL-22A,Critical,97.83,0
1825,176.34,17.31,49.36,Voltage Sag,Transmission Line,TL-22A,Critical,95.12,0
1826,175.16,16.45,49.27,Voltage Sag,Transmission Line,TL-22A,Critical,97.1,0
1827,171.62,23.71,49.83,Voltage Sag,Transmission Line,TL-22A,Critical,92.38,0
1828,201.57,10.47,49.97,Voltage Sag,Transmission Line,TL-22A,Critical,94.21,0
1829,182.13,15.44,49.07,Voltage Sag,Transmission Line,TL-22A,Critical,97.91,0
1830,171.57,19.82,49.44,Voltage Sag,Transmission Line,TL-22A,Critical,97.59,0
1831,179.84,17.98,49.48,Voltage Sag,Transmission Line,TL-22A,Critical,95.62,0
1832,172.72,12.91,49.21,Voltage Sag,Transmission Line,TL-22A,Critical,95.91,0
1833,177.57,18.6,49.22,Voltage Sag,Transmission Line,TL-22A,Critical,96.89,0
1834,207.69,17.78,49.35,Voltage Sag,Transmission Line,TL-22A,Critical,91.87,0
1835,171.99,14.03,49.65,Voltage Sag,Transmission Line,TL-22A,Critical,94.27,0
1836,207.76,15.94,49.69,Voltage Sag,Transmission Line,TL-22A,Critical,93.91,0
1837,190.5,14.02,49.45,Voltage Sag,Transmission Line,TL-22A,Critical,93.77,0
1838,198.27,24.11,49.33,Voltage Sag,Transmission Line,TL-22A,Critical,90.34,0
1839,189.85,18.17,49.17,Voltage Sag,Transmission Line,TL-22A,Critical,96.08,0
1840,209.4,24.19,49.2,Voltage Sag,Transmission Line,TL-22A,Critical,97.0,0
1841,198.18,16.81,49.54,Voltage Sag,Transmission Line,TL-22A,Critical,96.8,0
1842,189.21,15.6,49.49,Voltage Sag,Transmission Line,TL-22A,Critical,94.63,0
1843,177.56,23.51,49.67,Voltage Sag,Transmission Line,TL-22A,Critical,95.07,0
1844,173.98,19.06,49.12,Voltage Sag,Transmission Line,TL-22A,Critical,90.63,0
1845,191.09,16.04,49.59,Voltage Sag,Transmission Line,TL-22A,Critical,90.71,0
1846,187.24,12.62,49.99,Voltage Sag,Transmission Line,TL-22A,Critical,94.49,0
1847,197.5,14.88,49.09,Voltage Sag,Transmission Line,TL-22A,Critical,97.81,0
1848,181.45,16.36,49.65,Voltage Sag,Transmission Line,TL-22A,Critical,90.2,0
1849,202.41,18.05,49.28,Voltage Sag,Transmission Line,TL-22A,Critical,90.49,0
1850,176.5,23.43,49.69,Voltage Sag,Transmission Line,TL-22A,Critical,92.0,0
1851,172.62,20.36,49.57,Voltage Sag,Transmission Line,TL-22A,Critical,93.24,0
1852,184.54,13.25,49.67,Voltage Sag,Transmission Line,TL-22A,Critical,97.77,0
1853,177.03,18.96,49.42,Voltage Sag,Transmission Line,TL-22A,Critical,93.57,0
1854,180.17,22.38,49.49,Voltage Sag,Transmission Line,TL-22A,Critical,94.35,0
1855,182.19,12.73,49.09,Voltage Sag,Transmission Line,TL-22A,Critical,95.71,0
1856,177.85,20.35,49.39,Voltage Sag,Transmission Line,TL-22A,Critical,93.33,0
1857,188.77,15.52,49.1,Voltage Sag,Transmission Line,TL-22A,Critical,92.48,0
1858,196.55,19.99,49.29,Voltage Sag,Transmission Line,TL-22A,Critical,93.68,0
1859,177.74,13.16,49.02,Voltage Sag,Transmission Line,TL-22A,Critical,97.17,0
1860,178.43,13.41,49.28,Voltage Sag,Transmission Line,TL-22A,Critical,91.02,0
1861,195.57,11.13,49.13,Voltage Sag,Transmission Line,TL-22A,Critical,95.16,0
1862,183.59,20.62,49.56,Voltage Sag,Transmission Line,TL-22A,Critical,92.05,0
1863,196.03,11.74,49.54,Voltage Sag,Transmission Line,TL-22A,Critical,93.5,0
1864,180.71,19.06,49.87,Voltage Sag,Transmission Line,TL-22A,Critical,97.99,0
1865,194.31,16.07,49.23,Voltage Sag,Transmission Line,TL-22A,Critical,92.06,0
1866,189.18,15.51,49.91,Voltage Sag,Transmission Line,TL-22A,Critical,92.95,0
1867,184.94,15.75,49.84,Voltage Sag,Transmission Line,TL-22A,Critical,95.21,0
1868,194.57,15.01,49.82,Voltage Sag,Transmission Line,TL-22A,Critical,90.31,0
1869,204.83,17.69,49.4,Voltage Sag,Transmission Line,TL-22A,Critical,93.98,0
1870,196.7,10.19,49.87,Voltage Sag,Transmission Line,TL-22A,Critical,93.57,0
1871,183.72,12.07,49.44,Voltage Sag,Transmission Line,TL-22A,Critical,93.97,0
1872,186.15,20.18,49.42,Voltage Sag,Transmission Line,TL-22A,Critical,97.69,0
1873,193.97,22.11,49.11,Voltage Sag,Transmission Line,TL-22A,Critical,93.18,0
1874,183.47,18.54,49.86,Voltage Sag,Transmission Line,TL-22A,Critical,90.63,0
1875,172.9,22.75,49.21,Voltage Sag,Transmission Line,TL-22A,Critical,95.35,0
1876,191.72,22.49,49.13,Voltage Sag,Transmission Line,TL-22A,Critical,91.04,0
1877,192.27,24.2,49.41,Voltage Sag,Transmission Line,TL-22A,Critical,92.62,0
1878,194.27,23.96,49.84,Voltage Sag,Transmission Line,TL-22A,Critical,97.96,0
1879,170.9,11.69,49.61,Voltage Sag,Transmission Line,TL-22A,Critical,96.56,0
1880,181.41,13.59,49.79,Voltage Sag,Transmission Line,TL-22A,Critical,90.45,0
1881,184.78,17.59,49.56,Voltage Sag,Transmission Line,TL-22A,Critical,95.83,0
1882,184.19,19.19,49.59,Voltage Sag,Transmission Line,TL-22A,Critical,94.38,0
1883,195.62,13.89,49.08,Voltage Sag,Transmission Line,TL-22A,Critical,90.95,0
1884,178.98,17.5,49.84,Voltage Sag,Transmission Line,TL-22A,Critical,95.61,0
1885,201.56,15.26,49.4,Voltage Sag,Transmission Line,TL-22A,Critical,93.15,0
1886,177.67,10.92,49.59,Voltage Sag,Transmission Line,TL-22A,Critical,97.91,0
1887,176.67,10.7,49.78,Voltage Sag,Transmission Line,TL-22A,Critical,92.02,0
1888,203.19,20.56,49.95,Voltage Sag,Transmission Line,TL-22A,Critical,93.27,0
1889,196.48,16.97,49.63,Voltage Sag,Transmission Line,TL-22A,Critical,93.6,0
1890,177.55,17.62,49.53,Voltage Sag,Transmission Line,TL-22A,Critical,96.48,0
1891,199.42,19.96,49.11,Voltage Sag,Transmission Line,TL-22A,Critical,95.76,0
1892,190.01,23.41,49.92,Voltage Sag,Transmission Line,TL-22A,Critical,90.44,0
1893,202.83,10.57,49.37,Voltage Sag,Transmission Line,TL-22A,Critical,94.34,0
1894,175.92,21.19,49.01,Voltage Sag,Transmission Line,TL-22A,Critical,91.35,0
1895,193.23,20.72,49.92,Voltage Sag,Transmission Line,TL-22A,Critical,95.64,0
1896,196.87,15.92,49.0,Voltage Sag,Transmission Line,TL-22A,Critical,90.96,0
1897,191.38,20.13,49.42,Voltage Sag,Transmission Line,TL-22A,Critical,95.85,0
1898,190.87,11.11,49.19,Voltage Sag,Transmission Line,TL-22A,Critical,96.72,0
1899,199.0,23.42,49.12,Voltage Sag,Transmission Line,TL-22A,Critical,97.92,0
1900,178.38,10.18,50.0,Voltage Sag,Transmission Line,TL-22A,Critical,92.25,0
1901,196.72,12.65,49.58,Voltage Sag,Transmission Line,TL-22A,Critical,97.23,0
1902,182.81,20.05,49.19,Voltage Sag,Transmission Line,TL-22A,Critical,95.0,0
1903,183.46,13.17,49.31,Voltage Sag,Transmission Line,TL-22A,Critical,91.43,0
1904,206.08,15.96,49.25,Voltage Sag,Transmission Line,TL-22A,Critical,93.59,0
1905,182.82,21.17,49.97,Voltage Sag,Transmission Line,TL-22A,Critical,93.5,0
1906,204.44,18.49,49.16,Voltage Sag,Transmission Line,TL-22A,Critical,95.52,0
1907,190.54,19.76,49.89,Voltage Sag,Transmission Line,TL-22A,Critical,93.52,0
1908,206.05,21.26,49.49,Voltage Sag,Transmission Line,TL-22A,Critical,94.83,0
1909,183.02,24.75,49.67,Voltage Sag,Transmission Line,TL-22A,Critical,90.35,0
1910,183.06,19.35,49.06,Voltage Sag,Transmission Line,TL-22A,Critical,90.19,0
1911,188.0,14.99,49.44,Voltage Sag,Transmission Line,TL-22A,Critical,92.1,0
1912,176.59,20.34,49.51,Voltage Sag,Transmission Line,TL-22A,Critical,91.6,0
1913,182.78,18.88,49.07,Voltage Sag,Transmission Line,TL-22A,Critical,91.18,0
1914,172.93,22.18,49.75,Voltage Sag,Transmission Line,TL-22A,Critical,96.03,0
1915,198.65,20.04,49.48,Voltage Sag,Transmission Line,TL-22A,Critical,95.14,0
1916,171.53,19.32,49.78,Voltage Sag,Transmission Line,TL-22A,Critical,94.0,0
1917,184.3,14.16,49.64,Voltage Sag,Transmission Line,TL-22A,Critical,95.54,0
1918,204.84,15.14,49.77,Voltage Sag,Transmission Line,TL-22A,Critical,94.49,0
1919,205.31,17.92,49.52,Voltage Sag,Transmission Line,TL-22A,Critical,94.62,0
1920,199.97,24.47,49.07,Voltage Sag,Transmission Line,TL-22A,Critical,90.43,0
1921,207.5,17.95,49.61,Voltage Sag,Transmission Line,TL-22A,Critical,93.86,0
1922,173.75,21.52,49.75,Voltage Sag,Transmission Line,TL-22A,Critical,92.49,0
1923,182.25,22.57,49.07,Voltage Sag,Transmission Line,TL-22A,Critical,97.05,0
1924,180.27,18.89,49.94,Voltage Sag,Transmission Line,TL-22A,Critical,95.42,0
1925,186.58,20.34,49.34,Voltage Sag,Transmission Line,TL-22A,Critical,92.22,0
1926,209.87,21.26,49.64,Voltage Sag,Transmission Line,TL-22A,Critical,92.84,0
1927,171.97,10.47,49.55,Voltage Sag,Transmission Line,TL-22A,Critical,96.1,0
1928,191.5,22.61,49.03,Voltage Sag,Transmission Line,TL-22A,Critical,92.93,0
1929,179.48,16.71,49.07,Voltage Sag,Transmission Line,TL-22A,Critical,97.63,0
1930,178.93,23.83,49.43,Voltage Sag,Transmission Line,TL-22A,Critical,97.88,0
1931,192.16,23.96,49.01,Voltage Sag,Transmission Line,TL-22A,Critical,95.99,0
1932,206.12,12.1,49.1,Voltage Sag,Transmission Line,TL-22A,Critical,93.4,0
1933,207.35,18.14,49.53,Voltage Sag,Transmission Line,TL-22A,Critical,91.13,0
1934,170.03,22.15,49.09,Voltage Sag,Transmission Line,TL-22A,Critical,95.07,0
1935,206.58,13.13,49.67,Voltage Sag,Transmission Line,TL-22A,Critical,90.63,0
1936,194.15,12.46,49.74,Voltage Sag,Transmission Line,TL-22A,Critical,92.41,0
1937,188.54,18.99,49.17,Voltage Sag,Transmission Line,TL-22A,Critical,95.93,0
1938,182.11,19.94,49.16,Voltage Sag,Transmission Line,TL-22A,Critical,95.5,0
1939,175.13,16.38,49.25,Voltage Sag,Transmission Line,TL-22A,Critical,95.99,0
1940,180.48,23.23,49.89,Voltage Sag,Transmission Line,TL-22A,Critical,91.57,0
1941,194.55,11.32,49.39,Voltage Sag,Transmission Line,TL-22A,Critical,95.71,0
1942,196.38,19.37,49.28,Voltage Sag,Transmission Line,TL-22A,Critical,93.02,0
1943,174.12,20.79,49.5,Voltage Sag,Transmission Line,TL-22A,Critical,95.67,0
1944,179.96,14.87,49.33,Voltage Sag,Transmission Line,TL-22A,Critical,90.21,0
1945,183.64,22.05,49.9,Voltage Sag,Transmission Line,TL-22A,Critical,94.15,0
1946,188.22,10.46,49.88,Voltage Sag,Transmission Line,TL-22A,Critical,90.1,0
1947,207.79,17.34,49.34,Voltage Sag,Transmission Line,TL-22A,Critical,97.39,0
1948,170.98,18.72,49.55,Voltage Sag,Transmission Line,TL-22A,Critical,91.75,0
1949,187.16,19.78,49.73,Voltage Sag,Transmission Line,TL-22A,Critical,90.01,0
1950,207.47,12.47,49.23,Voltage Sag,Transmission Line,TL-22A,Critical,92.11,0
1951,171.51,11.85,49.99,Voltage Sag,Transmission Line,TL-22A,Critical,92.52,0
1952,174.61,11.6,49.72,Voltage Sag,Transmission Line,TL-22A,Critical,96.84,0
1953,180.28,10.31,49.22,Voltage Sag,Transmission Line,TL-22A,Critical,90.45,0
1954,174.14,16.47,49.23,Voltage Sag,Transmission Line,TL-22A,Critical,94.13,0
1955,180.14,24.11,49.91,Voltage Sag,Transmission Line,TL-22A,Critical,94.53,0
1956,184.18,15.72,49.41,Voltage Sag,Transmission Line,TL-22A,Critical,95.82,0
1957,188.07,22.85,49.94,Voltage Sag,Transmission Line,TL-22A,Critical,92.69,0
1958,192.43,11.43,49.2,Voltage Sag,Transmission Line,TL-22A,Critical,93.31,0
1959,178.25,23.15,49.16,Voltage Sag,Transmission Line,TL-22A,Critical,93.65,0
1960,194.23,20.38,49.38,Voltage Sag,Transmission Line,TL-22A,Critical,96.95,0
1961,192.73,16.59,49.07,Voltage Sag,Transmission Line,TL-22A,Critical,93.72,0
1962,202.83,19.22,49.83,Voltage Sag,Transmission Line,TL-22A,Critical,93.95,0
1963,174.74,10.2,49.3,Voltage Sag,Transmission Line,TL-22A,Critical,95.58,0
1964,201.61,14.44,49.5,Voltage Sag,Transmission Line,TL-22A,Critical,93.37,0
1965,186.42,13.47,49.14,Voltage Sag,Transmission Line,TL-22A,Critical,91.57,0
1966,172.21,12.97,49.01,Voltage Sag,Transmission Line,TL-22A,Critical,95.02,0
1967,182.66,24.6,49.19,Voltage Sag,Transmission Line,TL-22A,Critical,92.77,0
1968,184.31,10.13,49.84,Voltage Sag,Transmission Line,TL-22A,Critical,90.26,0
1969,207.61,23.38,49.54,Voltage Sag,Transmission Line,TL-22A,Critical,94.35,0
1970,196.15,15.81,49.65,Voltage Sag,Transmission Line,TL-22A,Critical,90.36,0
1971,172.16,16.86,49.55,Voltage Sag,Transmission Line,TL-22A,Critical,97.1,0
1972,174.19,22.34,49.21,Voltage Sag,Transmission Line,TL-22A,Critical,93.15,0
1973,182.66,16.0,49.15,Voltage Sag,Transmission Line,TL-22A,Critical,94.03,0
1974,202.07,16.62,49.49,Voltage Sag,Transmission Line,TL-22A,Critical,96.79,0
1975,198.24,17.36,49.26,Voltage Sag,Transmission Line,TL-22A,Critical,97.08,0
1976,193.08,13.32,49.27,Voltage Sag,Transmission Line,TL-22A,Critical,96.43,0
1977,171.77,24.88,49.13,Voltage Sag,Transmission Line,TL-22A,Critical,96.37,0
1978,185.79,17.38,49.88,Voltage Sag,Transmission Line,TL-22A,Critical,93.3,0
1979,191.5,10.74,49.0,Voltage Sag,Transmission Line,TL-22A,Critical,91.96,0
1980,197.22,11.82,49.11,Voltage Sag,Transmission Line,TL-22A,Critical,93.29,0
1981,195.91,20.68,49.18,Voltage Sag,Transmission Line,TL-22A,Critical,90.64,0
1982,207.62,13.91,49.85,Voltage Sag,Transmission Line,TL-22A,Critical,96.91,0
1983,200.9,12.53,49.82,Voltage Sag,Transmission Line,TL-22A,Critical,96.15,0
1984,193.87,15.06,49.26,Voltage Sag,Transmission Line,TL-22A,Critical,90.98,0
1985,190.39,18.78,49.36,Voltage Sag,Transmission Line,TL-22A,Critical,93.8,0
1986,184.54,19.62,49.9,Voltage Sag,Transmission Line,TL-22A,Critical,91.31,0
1987,185.26,12.11,49.62,Voltage Sag,Transmission Line,TL-22A,Critical,95.83,0
1988,207.28,14.18,49.95,Voltage Sag,Transmission Line,TL-22A,Critical,90.51,0
1989,194.12,10.86,49.89,Voltage Sag,Transmission Line,TL-22A,Critical,94.24,0
1990,196.77,22.47,49.15,Voltage Sag,Transmission Line,TL-22A,Critical,90.31,0
1991,205.16,14.72,49.13,Voltage Sag,Transmission Line,TL-22A,Critical,93.75,0
1992,193.93,10.46,49.27,Voltage Sag,Transmission Line,TL-22A,Critical,90.26,0
1993,186.81,23.43,49.98,Voltage Sag,Transmission Line,TL-22A,Critical,95.1,0
1994,176.47,23.59,49.52,Voltage Sag,Transmission Line,TL-22A,Critical,91.23,0
1995,206.87,21.36,49.73,Voltage Sag,Transmission Line,TL-22A,Critical,95.67,0
1996,178.01,13.17,49.69,Voltage Sag,Transmission Line,TL-22A,Critical,91.76,0
1997,187.55,21.73,49.78,Voltage Sag,Transmission Line,TL-22A,Critical,93.63,0
1998,201.69,22.58,49.65,Voltage Sag,Transmission Line,TL-22A,Critical,91.83,0
1999,180.96,14.72,49.12,Voltage Sag,Transmission Line,TL-22A,Critical,92.19,0
2000,178.38,16.83,49.91,Voltage Sag,Transmission Line,TL-22A,Critical,90.84,0
2001,198.81,20.31,49.1,Voltage Sag,Transmission Line,TL-22A,Critical,97.38,0
2002,192.74,15.46,49.76,Voltage Sag,Transmission Line,TL-22A,Critical,92.06,0
2003,197.74,10.6,49.84,Voltage Sag,Transmission Line,TL-22A,Critical,93.59,0
2004,195.47,13.32,49.68,Voltage Sag,Transmission Line,TL-22A,Critical,96.18,0
2005,188.93,19.27,49.46,Voltage Sag,Transmission Line,TL-22A,Critical,97.15,0
2006,189.91,22.63,49.8,Voltage Sag,Transmission Line,TL-22A,Critical,93.28,0
2007,179.2,16.09,49.83,Voltage Sag,Transmission Line,TL-22A,Critical,91.82,0
2008,190.98,22.09,49.35,Voltage Sag,Transmission Line,TL-22A,Critical,95.14,0
2009,179.83,11.64,49.79,Voltage Sag,Transmission Line,TL-22A,Critical,90.79,0
2010,180.86,22.83,49.35,Voltage Sag,Transmission Line,TL-22A,Critical,97.78,0
2011,209.19,14.02,49.04,Voltage Sag,Transmission Line,TL-22A,Critical,95.64,0
2012,188.04,11.51,49.71,Voltage Sag,Transmission Line,TL-22A,Critical,90.25,0
2013,204.81,12.08,49.13,Voltage Sag,Transmission Line,TL-22A,Critical,91.41,0
2014,208.41,20.4,49.8,Voltage Sag,Transmission Line,TL-22A,Critical,93.18,0
2015,183.45,13.52,49.48,Voltage Sag,Transmission Line,TL-22A,Critical,94.41,0
2016,195.27,13.86,49.95,Voltage Sag,Transmission Line,TL-22A,Critical,91.36,0
2017,208.63,10.22,49.48,Voltage Sag,Transmission Line,TL-22A,Critical,92.67,0
2018,187.96,18.56,49.44,Voltage Sag,Transmission Line,TL-22A,Critical,93.32,0
2019,199.31,20.29,49.83,Voltage Sag,Transmission Line,TL-22A,Critical,92.0,0
2020,194.38,18.78,49.37,Voltage Sag,Transmission Line,TL-22A,Critical,93.89,0
2021,182.55,12.13,49.21,Voltage Sag,Transmission Line,TL-22A,Critical,90.84,0
2022,197.32,19.91,49.95,Voltage Sag,Transmission Line,TL-22A,Critical,95.84,0
2023,172.08,23.26,49.86,Voltage Sag,Transmission Line,TL-22A,Critical,93.55,0
2024,193.43,24.64,49.53,Voltage Sag,Transmission Line,TL-22A,Critical,97.24,0
2025,173.32,12.87,49.44,Voltage Sag,Transmission Line,TL-22A,Critical,94.68,0
2026,202.65,24.82,49.39,Voltage Sag,Transmission Line,TL-22A,Critical,90.38,0
2027,202.05,19.07,49.2,Voltage Sag,Transmission Line,TL-22A,Critical,93.96,0
2028,199.69,21.56,49.5,Voltage Sag,Transmission Line,TL-22A,Critical,92.44,0
2029,208.95,19.95,49.41,Voltage Sag,Transmission Line,TL-22A,Critical,92.24,0
2030,199.24,13.63,49.17,Voltage Sag,Transmission Line,TL-22A,Critical,94.24,0
2031,181.6,19.43,49.12,Voltage Sag,Transmission Line,TL-22A,Critical,95.24,0
2032,181.33,10.0,49.13,Voltage Sag,Transmission Line,TL-22A,Critical,97.47,0
2033,204.69,13.5,49.78,Voltage Sag,Transmission Line,TL-22A,Critical,94.87,0
2034,208.84,15.6,49.68,Voltage Sag,Transmission Line,TL-22A,Critical,90.51,0
2035,185.85,24.46,49.54,Voltage Sag,Transmission Line,TL-22A,Critical,92.3,0
2036,174.81,20.55,49.64,Voltage Sag,Transmission Line,TL-22A,Critical,92.99,0
2037,208.04,10.33,49.3,Voltage Sag,Transmission Line,TL-22A,Critical,97.37,0
2038,182.84,13.78,49.53,Voltage Sag,Transmission Line,TL-22A,Critical,96.59,0
2039,174.13,24.15,49.8,Voltage Sag,Transmission Line,TL-22A,Critical,91.45,0
2040,198.48,15.77,49.4,Voltage Sag,Transmission Line,TL-22A,Critical,96.27,0
2041,208.51,11.9,49.42,Voltage Sag,Transmission Line,TL-22A,Critical,93.85,0
2042,185.05,15.45,49.05,Voltage Sag,Transmission Line,TL-22A,Critical,95.48,0
2043,187.45,12.92,49.82,Voltage Sag,Transmission Line,TL-22A,Critical,96.42,0
2044,189.46,14.48,49.64,Voltage Sag,Transmission Line,TL-22A,Critical,92.31,0
2045,179.44,20.96,49.04,Voltage Sag,Transmission Line,TL-22A,Critical,90.76,0
2046,170.27,12.29,49.07,Voltage Sag,Transmission Line,TL-22A,Critical,97.97,0
2047,181.55,12.24,49.24,Voltage Sag,Transmission Line,TL-22A,Critical,97.49,0
2048,190.81,15.47,49.87,Voltage Sag,Transmission Line,TL-22A,Critical,93.16,0
2049,183.4,13.11,49.38,Voltage Sag,Transmission Line,TL-22A,Critical,92.53,0
2050,197.09,14.34,49.58,Voltage Sag,Transmission Line,TL-22A,Critical,90.53,0
2051,177.65,16.11,49.94,Voltage Sag,Transmission Line,TL-22A,Critical,93.02,0
2052,196.56,13.83,49.13,Voltage Sag,Transmission Line,TL-22A,Critical,90.47,0
2053,182.22,12.36,49.17,Voltage Sag,Transmission Line,TL-22A,Critical,96.09,0
2054,170.63,18.37,49.38,Voltage Sag,Transmission Line,TL-22A,Critical,94.05,0
2055,192.51,14.7,49.3,Voltage Sag,Transmission Line,TL-22A,Critical,95.87,0
2056,204.85,12.89,49.1,Voltage Sag,Transmission Line,TL-22A,Critical,97.18,0
2057,184.0,18.27,49.36,Voltage Sag,Transmission Line,TL-22A,Critical,91.01,0
2058,193.57,17.88,49.2,Voltage Sag,Transmission Line,TL-22A,Critical,93.61,0
2059,201.88,18.86,49.1,Voltage Sag,Transmission Line,TL-22A,Critical,94.38,0
2060,198.11,21.89,49.63,Voltage Sag,Transmission Line,TL-22A,Critical,91.22,0
2061,198.41,20.16,49.02,Voltage Sag,Transmission Line,TL-22A,Critical,93.29,0
2062,183.32,20.04,49.22,Voltage Sag,Transmission Line,TL-22A,Critical,94.73,0
2063,206.53,21.97,49.92,Voltage Sag,Transmission Line,TL-22A,Critical,97.83,0
2064,170.43,19.34,49.41,Voltage Sag,Transmission Line,TL-22A,Critical,96.88,0
2065,180.07,24.72,49.61,Voltage Sag,Transmission Line,TL-22A,Critical,96.35,0
2066,173.42,12.75,49.76,Voltage Sag,Transmission Line,TL-22A,Critical,90.18,0
2067,202.68,10.21,49.66,Voltage Sag,Transmission Line,TL-22A,Critical,92.92,0
2068,194.46,20.44,49.34,Voltage Sag,Transmission Line,TL-22A,Critical,90.86,0
2069,172.79,18.83,49.52,Voltage Sag,Transmission Line,TL-22A,Critical,95.94,0
2070,190.39,16.34,49.4,Voltage Sag,Transmission Line,TL-22A,Critical,90.21,0
2071,183.42,24.64,49.87,Voltage Sag,Transmission Line,TL-22A,Critical,92.64,0
2072,193.51,22.71,49.44,Voltage Sag,Transmission Line,TL-22A,Critical,90.14,0
2073,172.98,17.66,49.97,Voltage Sag,Transmission Line,TL-22A,Critical,95.55,0
2074,172.84,12.84,49.77,Voltage Sag,Transmission Line,TL-22A,Critical,96.73,0
2075,194.71,19.67,49.03,Voltage Sag,Transmission Line,TL-22A,Critical,96.63,0
2076,201.53,13.89,49.71,Voltage Sag,Transmission Line,TL-22A,Critical,91.72,0
2077,171.61,13.02,49.18,Voltage Sag,Transmission Line,TL-22A,Critical,92.7,0
2078,186.74,17.63,49.48,Voltage Sag,Transmission Line,TL-22A,Critical,92.17,0
2079,171.17,19.08,49.4,Voltage Sag,Transmission Line,TL-22A,Critical,92.39,0
2080,204.68,21.2,49.86,Voltage Sag,Transmission Line,TL-22A,Critical,93.96,0
2081,175.24,20.44,49.21,Voltage Sag,Transmission Line,TL-22A,Critical,93.53,0
2082,172.6,22.38,49.13,Voltage Sag,Transmission Line,TL-22A,Critical,97.22,0
2083,204.57,16.97,49.74,Voltage Sag,Transmission Line,TL-22A,Critical,94.96,0
2084,202.12,16.48,49.79,Voltage Sag,Transmission Line,TL-22A,Critical,93.7,0
2085,207.64,17.3,49.46,Voltage Sag,Transmission Line,TL-22A,Critical,96.28,0
2086,202.86,18.32,49.18,Voltage Sag,Transmission Line,TL-22A,Critical,93.74,0
2087,208.72,21.29,49.81,Voltage Sag,Transmission Line,TL-22A,Critical,90.26,0
2088,188.71,19.7,49.83,Voltage Sag,Transmission Line,TL-22A,Critical,90.39,0
2089,204.1,18.23,49.2,Voltage Sag,Transmission Line,TL-22A,Critical,92.54,0
2090,181.28,17.96,49.05,Voltage Sag,Transmission Line,TL-22A,Critical,91.27,0
2091,202.51,11.99,49.23,Voltage Sag,Transmission Line,TL-22A,Critical,93.63,0
2092,190.68,21.45,49.45,Voltage Sag,Transmission Line,TL-22A,Critical,96.32,0
2093,194.73,11.7,49.16,Voltage Sag,Transmission Line,TL-22A,Critical,93.5,0
2094,185.88,21.15,49.58,Voltage Sag,Transmission Line,TL-22A,Critical,93.11,0
2095,176.83,13.4,49.58,Voltage Sag,Transmission Line,TL-22A,Critical,93.39,0
2096,190.6,12.56,49.66,Voltage Sag,Transmission Line,TL-22A,Critical,96.82,0
2097,180.32,17.37,49.98,Voltage Sag,Transmission Line,TL-22A,Critical,92.67,0
2098,193.8,11.35,49.61,Voltage Sag,Transmission Line,TL-22A,Critical,90.72,0
2099,208.37,20.73,49.79,Voltage Sag,Transmission Line,TL-22A,Critical,95.63,0
2100,193.59,16.75,49.86,Voltage Sag,Transmission Line,TL-22A,Critical,97.65,0
2101,189.96,23.97,49.58,Voltage Sag,Transmission Line,TL-22A,Critical,94.31,0
2102,188.18,13.14,49.0,Voltage Sag,Transmission Line,TL-22A,Critical,91.93,0
2103,190.39,15.7,49.45,Voltage Sag,Transmission Line,TL-22A,Critical,97.85,0
2104,184.01,16.78,49.13,Voltage Sag,Transmission Line,TL-22A,Critical,90.38,0
2105,201.02,18.56,49.76,Voltage Sag,Transmission Line,TL-22A,Critical,91.2,0
2106,192.87,13.8,49.23,Voltage Sag,Transmission Line,TL-22A,Critical,90.09,0
2107,175.21,14.64,49.12,Voltage Sag,Transmission Line,TL-22A,Critical,97.89,0
2108,182.35,11.95,49.2,Voltage Sag,Transmission Line,TL-22A,Critical,94.7,0
2109,172.56,22.94,49.96,Voltage Sag,Transmission Line,TL-22A,Critical,91.97,0
2110,188.0,10.33,49.64,Voltage Sag,Transmission Line,TL-22A,Critical,93.31,0
2111,180.8,13.1,49.65,Voltage Sag,Transmission Line,TL-22A,Critical,93.33,0
2112,177.19,20.34,49.57,Voltage Sag,Transmission Line,TL-22A,Critical,96.87,0
2113,174.7,21.78,49.67,Voltage Sag,Transmission Line,TL-22A,Critical,90.92,0
2114,197.79,16.62,49.94,Voltage Sag,Transmission Line,TL-22A,Critical,91.13,0
2115,195.71,15.73,49.96,Voltage Sag,Transmission Line,TL-22A,Critical,92.64,0
2116,208.49,23.52,49.27,Voltage Sag,Transmission Line,TL-22A,Critical,96.43,0
2117,209.82,13.79,49.44,Voltage Sag,Transmission Line,TL-22A,Critical,94.16,0
2118,181.8,10.23,49.22,Voltage Sag,Transmission Line,TL-22A,Critical,92.26,0
2119,187.74,12.57,49.87,Voltage Sag,Transmission Line,TL-22A,Critical,95.64,0
2120,173.41,19.75,49.65,Voltage Sag,Transmission Line,TL-22A,Critical,97.65,0
2121,170.12,13.72,49.93,Voltage Sag,Transmission Line,TL-22A,Critical,97.46,0
2122,198.82,21.49,49.09,Voltage Sag,Transmission Line,TL-22A,Critical,94.11,0
2123,179.26,12.72,49.81,Voltage Sag,Transmission Line,TL-22A,Critical,91.08,0
2124,188.75,24.08,49.19,Voltage Sag,Transmission Line,TL-22A,Critical,97.82,0
2125,209.77,18.33,49.17,Voltage Sag,Transmission Line,TL-22A,Critical,92.53,0
2126,186.98,14.64,49.28,Voltage Sag,Transmission Line,TL-22A,Critical,97.78,0
2127,176.13,21.0,49.0,Voltage Sag,Transmission Line,TL-22A,Critical,94.77,0
2128,206.64,14.32,49.19,Voltage Sag,Transmission Line,TL-22A,Critical,95.21,0
2129,198.5,20.32,49.32,Voltage Sag,Transmission Line,TL-22A,Critical,92.02,0
2130,208.24,23.85,49.46,Voltage Sag,Transmission Line,TL-22A,Critical,96.77,0
2131,188.09,16.37,49.16,Voltage Sag,Transmission Line,TL-22A,Critical,93.41,0
2132,191.5,10.34,49.44,Voltage Sag,Transmission Line,TL-22A,Critical,96.25,0
2133,197.2,19.53,49.91,Voltage Sag,Transmission Line,TL-22A,Critical,90.14,0
2134,192.28,21.81,49.54,Voltage Sag,Transmission Line,TL-22A,Critical,92.59,0
2135,175.45,23.31,49.47,Voltage Sag,Transmission Line,TL-22A,Critical,97.02,0
2136,193.43,20.11,49.8,Voltage Sag,Transmission Line,TL-22A,Critical,95.27,0
2137,185.92,17.7,49.8,Voltage Sag,Transmission Line,TL-22A,Critical,92.99,0
2138,185.52,11.44,49.91,Voltage Sag,Transmission Line,TL-22A,Critical,90.73,0
2139,195.93,16.2,49.41,Voltage Sag,Transmission Line,TL-22A,Critical,95.44,0
2140,172.68,18.91,49.77,Voltage Sag,Transmission Line,TL-22A,Critical,96.63,0
2141,176.82,23.46,49.66,Voltage Sag,Transmission Line,TL-22A,Critical,97.05,0
2142,189.41,18.13,49.92,Voltage Sag,Transmission Line,TL-22A,Critical,97.2,0
2143,187.93,14.12,49.39,Voltage Sag,Transmission Line,TL-22A,Critical,93.1,0
2144,181.47,14.03,49.86,Voltage Sag,Transmission Line,TL-22A,Critical,90.56,0
2145,197.1,12.59,49.34,Voltage Sag,Transmission Line,TL-22A,Critical,90.49,0
2146,180.8,21.53,49.89,Voltage Sag,Transmission Line,TL-22A,Critical,91.77,0
2147,188.54,17.05,49.87,Voltage Sag,Transmission Line,TL-22A,Critical,96.1,0
2148,190.52,20.06,49.85,Voltage Sag,Transmission Line,TL-22A,Critical,90.08,0
2149,186.12,23.61,49.74,Voltage Sag,Transmission Line,TL-22A,Critical,94.34,0
2150,191.19,15.22,49.52,Voltage Sag,Transmission Line,TL-22A,Critical,95.24,0
2151,186.73,20.71,49.86,Voltage Sag,Transmission Line,TL-22A,Critical,91.24,0
2152,188.06,16.12,49.69,Voltage Sag,Transmission Line,TL-22A,Critical,92.0,0
2153,195.61,23.16,49.42,Voltage Sag,Transmission Line,TL-22A,Critical,97.29,0
2154,209.73,11.59,49.23,Voltage Sag,Transmission Line,TL-22A,Critical,97.6,0
2155,208.33,11.47,49.01,Voltage Sag,Transmission Line,TL-22A,Critical,91.29,0
2156,209.84,12.7,49.5,Voltage Sag,Transmission Line,TL-22A,Critical,96.79,0
2157,170.82,19.07,49.28,Voltage Sag,Transmission Line,TL-22A,Critical,96.9,0
2158,181.34,20.3,49.67,Voltage Sag,Transmission Line,TL-22A,Critical,91.77,0
2159,171.39,16.14,49.29,Voltage Sag,Transmission Line,TL-22A,Critical,96.47,0
2160,202.01,16.86,49.61,Voltage Sag,Transmission Line,TL-22A,Critical,94.83,0
2161,203.09,16.38,49.28,Voltage Sag,Transmission Line,TL-22A,Critical,92.12,0
2162,191.45,16.74,49.44,Voltage Sag,Transmission Line,TL-22A,Critical,90.73,0
2163,198.74,13.21,49.2,Voltage Sag,Transmission Line,TL-22A,Critical,93.3,0
2164,179.11,18.76,49.37,Voltage Sag,Transmission Line,TL-22A,Critical,93.59,0
2165,191.49,13.05,49.16,Voltage Sag,Transmission Line,TL-22A,Critical,97.04,0
2166,187.35,16.18,49.04,Voltage Sag,Transmission Line,TL-22A,Critical,93.98,0
2167,192.17,18.38,49.71,Voltage Sag,Transmission Line,TL-22A,Critical,91.42,0
2168,180.09,22.16,49.95,Voltage Sag,Transmission Line,TL-22A,Critical,91.09,0
2169,189.91,13.21,49.06,Voltage Sag,Transmission Line,TL-22A,Critical,92.6,0
2170,175.75,20.65,49.53,Voltage Sag,Transmission Line,TL-22A,Critical,91.15,0
2171,170.37,22.12,49.18,Voltage Sag,Transmission Line,TL-22A,Critical,94.85,0
2172,183.48,18.78,49.32,Voltage Sag,Transmission Line,TL-22A,Critical,90.7,0
2173,178.92,12.82,49.43,Voltage Sag,Transmission Line,TL-22A,Critical,95.27,0
2174,180.55,10.18,49.52,Voltage Sag,Transmission Line,TL-22A,Critical,94.85,0
2175,208.51,18.84,49.47,Voltage Sag,Transmission Line,TL-22A,Critical,94.59,0
2176,207.12,22.43,49.32,Voltage Sag,Transmission Line,TL-22A,Critical,91.9,0
2177,180.51,17.57,49.74,Voltage Sag,Transmission Line,TL-22A,Critical,94.03,0
2178,172.71,20.85,49.81,Voltage Sag,Transmission Line,TL-22A,Critical,92.32,0
2179,196.57,16.4,49.89,Voltage Sag,Transmission Line,TL-22A,Critical,96.76,0
2180,191.02,20.37,49.88,Voltage Sag,Transmission Line,TL-22A,Critical,93.97,0
2181,182.53,21.3,49.22,Voltage Sag,Transmission Line,TL-22A,Critical,93.11,0
2182,204.63,20.87,49.4,Voltage Sag,Transmission Line,TL-22A,Critical,91.72,0
2183,184.24,14.26,49.18,Voltage Sag,Transmission Line,TL-22A,Critical,95.95,0
2184,180.08,16.81,49.39,Voltage Sag,Transmission Line,TL-22A,Critical,97.86,0
2185,185.64,11.2,49.09,Voltage Sag,Transmission Line,TL-22A,Critical,94.73,0
2186,193.97,16.28,49.43,Voltage Sag,Transmission Line,TL-22A,Critical,90.43,0
2187,190.66,17.57,49.15,Voltage Sag,Transmission Line,TL-22A,Critical,90.83,0
2188,174.94,11.52,49.61,Voltage Sag,Transmission Line,TL-22A,Critical,91.57,0
2189,180.06,12.6,49.96,Voltage Sag,Transmission Line,TL-22A,Critical,96.84,0
2190,179.22,14.91,49.21,Voltage Sag,Transmission Line,TL-22A,Critical,93.94,0
2191,170.78,20.07,49.52,Voltage Sag,Transmission Line,TL-22A,Critical,97.19,0
2192,176.58,22.06,49.79,Voltage Sag,Transmission Line,TL-22A,Critical,91.02,0
2193,185.94,12.55,49.25,Voltage Sag,Transmission Line,TL-22A,Critical,92.11,0
2194,192.25,16.17,49.95,Voltage Sag,Transmission Line,TL-22A,Critical,91.01,0
2195,208.95,13.46,49.77,Voltage Sag,Transmission Line,TL-22A,Critical,92.71,0
2196,175.72,22.87,49.31,Voltage Sag,Transmission Line,TL-22A,Critical,95.27,0
2197,192.66,17.08,49.5,Voltage Sag,Transmission Line,TL-22A,Critical,95.86,0
2198,173.51,20.02,49.9,Voltage Sag,Transmission Line,TL-22A,Critical,90.46,0
2199,175.63,20.75,49.44,Voltage Sag,Transmission Line,TL-22A,Critical,93.23,0
2200,175.48,17.6,49.13,Voltage Sag,Transmission Line,TL-22A,Critical,93.81,0
2201,200.54,13.87,49.48,Voltage Sag,Transmission Line,TL-22A,Critical,97.94,0
2202,197.47,22.62,49.41,Voltage Sag,Transmission Line,TL-22A,Critical,96.14,0
2203,171.62,11.84,49.2,Voltage Sag,Transmission Line,TL-22A,Critical,93.22,0
2204,203.83,15.19,49.65,Voltage Sag,Transmission Line,TL-22A,Critical,95.67,0
2205,193.45,15.36,49.58,Voltage Sag,Transmission Line,TL-22A,Critical,92.74,0
2206,173.35,24.89,49.13,Voltage Sag,Transmission Line,TL-22A,Critical,90.58,0
2207,205.14,14.53,49.65,Voltage Sag,Transmission Line,TL-22A,Critical,92.63,0
2208,185.66,13.93,49.34,Voltage Sag,Transmission Line,TL-22A,Critical,93.29,0
2209,198.82,17.67,49.94,Voltage Sag,Transmission Line,TL-22A,Critical,90.34,0
2210,190.12,18.76,49.92,Voltage Sag,Transmission Line,TL-22A,Critical,90.39,0
2211,192.94,22.8,49.24,Voltage Sag,Transmission Line,TL-22A,Critical,97.01,0
2212,170.76,20.99,49.93,Voltage Sag,Transmission Line,TL-22A,Critical,95.26,0
2213,187.56,10.67,49.92,Voltage Sag,Transmission Line,TL-22A,Critical,93.76,0
2214,171.16,20.35,49.48,Voltage Sag,Transmission Line,TL-22A,Critical,90.99,0
2215,178.57,10.97,49.57,Voltage Sag,Transmission Line,TL-22A,Critical,94.98,0
2216,190.23,22.26,49.86,Voltage Sag,Transmission Line,TL-22A,Critical,94.92,0
2217,170.51,20.43,49.42,Voltage Sag,Transmission Line,TL-22A,Critical,94.52,0
2218,195.96,15.25,49.92,Voltage Sag,Transmission Line,TL-22A,Critical,91.07,0
2219,196.86,10.07,49.92,Voltage Sag,Transmission Line,TL-22A,Critical,90.9,0
2220,173.8,15.0,49.37,Voltage Sag,Transmission Line,TL-22A,Critical,91.71,0
2221,193.4,16.64,49.03,Voltage Sag,Transmission Line,TL-22A,Critical,92.56,0
2222,202.42,20.35,49.72,Voltage Sag,Transmission Line,TL-22A,Critical,95.58,0
2223,182.44,11.49,49.27,Voltage Sag,Transmission Line,TL-22A,Critical,96.65,0
2224,209.22,17.41,49.01,Voltage Sag,Transmission Line,TL-22A,Critical,91.12,0
2225,182.88,18.68,49.08,Voltage Sag,Transmission Line,TL-22A,Critical,97.55,0
2226,184.6,23.69,49.78,Voltage Sag,Transmission Line,TL-22A,Critical,96.04,0
2227,194.27,19.4,49.64,Voltage Sag,Transmission Line,TL-22A,Critical,95.03,0
2228,192.15,24.8,49.73,Voltage Sag,Transmission Line,TL-22A,Critical,96.22,0
2229,204.9,13.23,49.08,Voltage Sag,Transmission Line,TL-22A,Critical,93.86,0
2230,190.56,22.44,49.44,Voltage Sag,Transmission Line,TL-22A,Critical,94.57,0
2231,191.08,10.57,49.62,Voltage Sag,Transmission Line,TL-22A,Critical,96.62,0
2232,176.3,18.91,49.59,Voltage Sag,Transmission Line,TL-22A,Critical,91.31,0
2233,174.94,24.7,49.39,Voltage Sag,Transmission Line,TL-22A,Critical,91.82,0
2234,176.85,20.01,49.61,Voltage Sag,Transmission Line,TL-22A,Critical,95.15,0
2235,173.52,23.4,49.39,Voltage Sag,Transmission Line,TL-22A,Critical,92.51,0
2236,188.49,15.85,49.86,Voltage Sag,Transmission Line,TL-22A,Critical,97.43,0
2237,182.14,22.96,49.78,Voltage Sag,Transmission Line,TL-22A,Critical,97.45,0
2238,179.83,18.65,49.27,Voltage Sag,Transmission Line,TL-22A,Critical,96.59,0
2239,170.21,18.47,49.34,Voltage Sag,Transmission Line,TL-22A,Critical,92.58,0
2240,195.8,22.77,49.61,Voltage Sag,Transmission Line,TL-22A,Critical,96.83,0
2241,180.58,17.79,49.45,Voltage Sag,Transmission Line,TL-22A,Critical,90.09,0
2242,192.27,19.92,49.59,Voltage Sag,Transmission Line,TL-22A,Critical,95.89,0
2243,192.85,11.0,49.12,Voltage Sag,Transmission Line,TL-22A,Critical,94.77,0
2244,181.0,11.19,49.43,Voltage Sag,Transmission Line,TL-22A,Critical,94.43,0
2245,183.15,20.81,49.64,Voltage Sag,Transmission Line,TL-22A,Critical,92.66,0
2246,200.19,19.73,49.64,Voltage Sag,Transmission Line,TL-22A,Critical,94.43,0
2247,170.46,20.45,49.38,Voltage Sag,Transmission Line,TL-22A,Critical,97.54,0
2248,202.72,18.82,49.25,Voltage Sag,Transmission Line,TL-22A,Critical,91.63,0
2249,183.62,17.15,49.3,Voltage Sag,Transmission Line,TL-22A,Critical,94.12,0
2250,176.61,24.67,49.11,Voltage Sag,Transmission Line,TL-22A,Critical,97.46,0
2251,206.54,17.88,49.72,Voltage Sag,Transmission Line,TL-22A,Critical,93.49,0
2252,195.2,15.11,49.3,Voltage Sag,Transmission Line,TL-22A,Critical,94.63,0
2253,189.93,18.69,49.29,Voltage Sag,Transmission Line,TL-22A,Critical,92.94,0
2254,173.36,10.78,49.25,Voltage Sag,Transmission Line,TL-22A,Critical,90.59,0
2255,174.15,22.19,49.04,Voltage Sag,Transmission Line,TL-22A,Critical,95.27,0
2256,180.9,23.07,49.48,Voltage Sag,Transmission Line,TL-22A,Critical,92.44,0
2257,190.71,15.73,49.56,Voltage Sag,Transmission Line,TL-22A,Critical,90.92,0
2258,209.88,16.38,49.35,Voltage Sag,Transmission Line,TL-22A,Critical,95.68,0
2259,184.56,22.5,49.45,Voltage Sag,Transmission Line,TL-22A,Critical,95.76,0
2260,174.3,22.69,49.74,Voltage Sag,Transmission Line,TL-22A,Critical,91.69,0
2261,175.81,14.74,49.98,Voltage Sag,Transmission Line,TL-22A,Critical,92.05,0
2262,188.25,10.45,49.4,Voltage Sag,Transmission Line,TL-22A,Critical,94.57,0
2263,208.12,17.75,49.82,Voltage Sag,Transmission Line,TL-22A,Critical,94.38,0
2264,171.63,14.73,49.58,Voltage Sag,Transmission Line,TL-22A,Critical,97.6,0
2265,204.37,13.43,49.22,Voltage Sag,Transmission Line,TL-22A,Critical,91.61,0
2266,206.9,22.79,49.77,Voltage Sag,Transmission Line,TL-22A,Critical,93.14,0
2267,190.18,16.96,49.25,Voltage Sag,Transmission Line,TL-22A,Critical,94.04,0
2268,171.22,11.98,49.89,Voltage Sag,Transmission Line,TL-22A,Critical,96.01,0
2269,186.91,17.76,49.37,Voltage Sag,Transmission Line,TL-22A,Critical,95.93,0
2270,201.37,21.45,49.72,Voltage Sag,Transmission Line,TL-22A,Critical,91.64,0
2271,183.52,17.05,49.33,Voltage Sag,Transmission Line,TL-22A,Critical,96.04,0
2272,183.17,12.07,49.4,Voltage Sag,Transmission Line,TL-22A,Critical,97.84,0
2273,179.04,19.18,49.43,Voltage Sag,Transmission Line,TL-22A,Critical,90.57,0
2274,189.52,20.53,49.51,Voltage Sag,Transmission Line,TL-22A,Critical,96.98,0
2275,181.56,11.29,49.94,Voltage Sag,Transmission Line,TL-22A,Critical,93.03,0
2276,193.06,21.88,49.32,Voltage Sag,Transmission Line,TL-22A,Critical,95.73,0
2277,175.42,14.37,49.14,Voltage Sag,Transmission Line,TL-22A,Critical,96.49,0
2278,178.91,20.76,49.94,Voltage Sag,Transmission Line,TL-22A,Critical,94.22,0
2279,191.6,16.92,49.33,Voltage Sag,Transmission Line,TL-22A,Critical,93.81,0
2280,194.11,24.79,49.94,Voltage Sag,Transmission Line,TL-22A,Critical,96.9,0
2281,205.57,17.02,49.66,Voltage Sag,Transmission Line,TL-22A,Critical,97.16,0
2282,185.72,24.43,49.42,Voltage Sag,Transmission Line,TL-22A,Critical,94.81,0
2283,198.39,24.26,49.24,Voltage Sag,Transmission Line,TL-22A,Critical,95.97,0
2284,190.83,14.03,49.78,Voltage Sag,Transmission Line,TL-22A,Critical,94.42,0
2285,196.44,14.84,49.48,Voltage Sag,Transmission Line,TL-22A,Critical,94.94,0
2286,186.2,12.98,49.96,Voltage Sag,Transmission Line,TL-22A,Critical,94.09,0
2287,199.36,16.17,49.36,Voltage Sag,Transmission Line,TL-22A,Critical,93.26,0
2288,186.37,18.16,49.54,Voltage Sag,Transmission Line,TL-22A,Critical,93.98,0
2289,175.39,17.44,49.17,Voltage Sag,Transmission Line,TL-22A,Critical,91.01,0
2290,207.31,19.07,49.66,Voltage Sag,Transmission Line,TL-22A,Critical,93.21,0
2291,206.36,19.57,49.77,Voltage Sag,Transmission Line,TL-22A,Critical,92.95,0
2292,208.4,22.31,49.85,Voltage Sag,Transmission Line,TL-22A,Critical,91.38,0
2293,180.84,14.28,49.27,Voltage Sag,Transmission Line,TL-22A,Critical,96.84,0
2294,171.28,11.14,49.27,Voltage Sag,Transmission Line,TL-22A,Critical,91.6,0
2295,179.27,21.97,49.56,Voltage Sag,Transmission Line,TL-22A,Critical,90.05,0
2296,187.17,16.12,49.11,Voltage Sag,Transmission Line,TL-22A,Critical,95.41,0
2297,198.08,20.81,49.73,Voltage Sag,Transmission Line,TL-22A,Critical,90.0,0
2298,208.16,22.21,49.9,Voltage Sag,Transmission Line,TL-22A,Critical,90.13,0
2299,207.35,22.15,49.84,Voltage Sag,Transmission Line,TL-22A,Critical,90.75,0
2300,199.55,24.4,49.68,Voltage Sag,Transmission Line,TL-22A,Critical,94.56,0
2301,207.83,16.64,49.6,Voltage Sag,Transmission Line,TL-22A,Critical,93.81,0
2302,207.31,11.14,49.5,Voltage Sag,Transmission Line,TL-22A,Critical,95.5,0
2303,201.68,18.75,49.91,Voltage Sag,Transmission Line,TL-22A,Critical,97.54,0
2304,172.57,16.04,49.02,Voltage Sag,Transmission Line,TL-22A,Critical,92.64,0
2305,191.47,23.66,49.85,Voltage Sag,Transmission Line,TL-22A,Critical,91.02,0
2306,173.72,18.84,49.53,Voltage Sag,Transmission Line,TL-22A,Critical,92.13,0
2307,205.98,23.91,49.4,Voltage Sag,Transmission Line,TL-22A,Critical,97.12,0
2308,185.36,21.05,49.48,Voltage Sag,Transmission Line,TL-22A,Critical,90.98,0
2309,207.12,16.81,49.73,Voltage Sag,Transmission Line,TL-22A,Critical,92.94,0
2310,170.76,11.51,49.5,Voltage Sag,Transmission Line,TL-22A,Critical,95.52,0
2311,183.39,20.43,49.7,Voltage Sag,Transmission Line,TL-22A,Critical,95.63,0
2312,189.7,23.72,49.49,Voltage Sag,Transmission Line,TL-22A,Critical,93.6,0
2313,177.98,14.61,49.04,Voltage Sag,Transmission Line,TL-22A,Critical,95.07,0
2314,179.94,14.56,49.77,Voltage Sag,Transmission Line,TL-22A,Critical,92.62,0
2315,179.69,12.54,49.77,Voltage Sag,Transmission Line,TL-22A,Critical,91.04,0
2316,188.15,17.6,49.69,Voltage Sag,Transmission Line,TL-22A,Critical,95.07,0
2317,202.43,10.67,49.3,Voltage Sag,Transmission Line,TL-22A,Critical,92.24,0
2318,175.84,14.34,49.31,Voltage Sag,Transmission Line,TL-22A,Critical,94.18,0
2319,196.55,15.72,49.72,Voltage Sag,Transmission Line,TL-22A,Critical,92.69,0
2320,181.61,18.12,49.02,Voltage Sag,Transmission Line,TL-22A,Critical,90.64,0
2321,186.72,24.14,49.72,Voltage Sag,Transmission Line,TL-22A,Critical,90.71,0
2322,203.85,20.98,49.61,Voltage Sag,Transmission Line,TL-22A,Critical,96.56,0
2323,186.16,13.32,49.51,Voltage Sag,Transmission Line,TL-22A,Critical,94.39,0
2324,191.53,18.48,49.95,Voltage Sag,Transmission Line,TL-22A,Critical,97.22,0
2325,205.03,22.02,49.94,Voltage Sag,Transmission Line,TL-22A,Critical,90.79,0
2326,180.6,17.43,49.85,Voltage Sag,Transmission Line,TL-22A,Critical,94.04,0
2327,199.92,12.08,49.25,Voltage Sag,Transmission Line,TL-22A,Critical,95.85,0
2328,176.59,15.27,49.26,Voltage Sag,Transmission Line,TL-22A,Critical,92.8,0
2329,198.33,15.52,49.56,Voltage Sag,Transmission Line,TL-22A,Critical,90.8,0
2330,202.2,15.55,49.65,Voltage Sag,Transmission Line,TL-22A,Critical,95.8,0
2331,178.39,23.27,49.62,Voltage Sag,Transmission Line,TL-22A,Critical,93.43,0
2332,177.29,24.13,49.76,Voltage Sag,Transmission Line,TL-22A,Critical,91.66,0
2333,183.51,22.15,49.7,Voltage Sag,Transmission Line,TL-22A,Critical,96.13,0
2334,187.65,20.75,49.39,Voltage Sag,Transmission Line,TL-22A,Critical,91.69,0
2335,195.31,24.64,49.31,Voltage Sag,Transmission Line,TL-22A,Critical,93.69,0
2336,196.96,18.12,49.84,Voltage Sag,Transmission Line,TL-22A,Critical,96.09,0
2337,172.33,24.98,49.75,Voltage Sag,Transmission Line,TL-22A,Critical,96.91,0
2338,196.05,22.84,49.11,Voltage Sag,Transmission Line,TL-22A,Critical,92.78,0
2339,205.06,13.02,49.08,Voltage Sag,Transmission Line,TL-22A,Critical,96.3,0
2340,203.42,12.44,49.85,Voltage Sag,Transmission Line,TL-22A,Critical,95.49,0
2341,190.8,22.45,49.42,Voltage Sag,Transmission Line,TL-22A,Critical,91.55,0
2342,181.39,17.58,49.53,Voltage Sag,Transmission Line,TL-22A,Critical,96.44,0
2343,201.65,18.72,49.78,Voltage Sag,Transmission Line,TL-22A,Critical,91.53,0
2344,172.0,23.1,49.08,Voltage Sag,Transmission Line,TL-22A,Critical,91.97,0
2345,197.81,16.14,49.88,Voltage Sag,Transmission Line,TL-22A,Critical,92.38,0
2346,170.47,14.51,49.58,Voltage Sag,Transmission Line,TL-22A,Critical,93.01,0
2347,191.39,23.15,49.91,Voltage Sag,Transmission Line,TL-22A,Critical,92.13,0
2348,188.49,18.24,49.95,Voltage Sag,Transmission Line,TL-22A,Critical,97.99,0
2349,179.42,20.9,49.38,Voltage Sag,Transmission Line,TL-22A,Critical,90.06,0
2350,170.37,16.91,49.49,Voltage Sag,Transmission Line,TL-22A,Critical,90.18,0
2351,197.48,14.41,49.56,Voltage Sag,Transmission Line,TL-22A,Critical,92.41,0
2352,176.69,16.11,49.23,Voltage Sag,Transmission Line,TL-22A,Critical,94.28,0
2353,177.95,17.63,49.16,Voltage Sag,Transmission Line,TL-22A,Critical,95.37,0
2354,200.16,11.66,49.47,Voltage Sag,Transmission Line,TL-22A,Critical,90.57,0
2355,193.93,13.97,49.53,Voltage Sag,Transmission Line,TL-22A,Critical,94.14,0
2356,206.97,18.24,49.58,Voltage Sag,Transmission Line,TL-22A,Critical,93.21,0
2357,207.96,21.66,49.29,Voltage Sag,Transmission Line,TL-22A,Critical,96.75,0
2358,187.3,22.43,49.82,Voltage Sag,Transmission Line,TL-22A,Critical,91.51,0
2359,198.05,14.36,49.3,Voltage Sag,Transmission Line,TL-22A,Critical,92.37,0
2360,199.02,13.45,49.0,Voltage Sag,Transmission Line,TL-22A,Critical,95.72,0
2361,176.85,11.57,49.24,Voltage Sag,Transmission Line,TL-22A,Critical,93.04,0
2362,189.04,10.67,49.97,Voltage Sag,Transmission Line,TL-22A,Critical,95.73,0
2363,182.93,14.78,49.45,Voltage Sag,Transmission Line,TL-22A,Critical,95.01,0
2364,175.85,12.83,49.86,Voltage Sag,Transmission Line,TL-22A,Critical,92.05,0
2365,185.21,23.07,49.66,Voltage Sag,Transmission Line,TL-22A,Critical,92.73,0
2366,197.35,10.3,49.74,Voltage Sag,Transmission Line,TL-22A,Critical,93.9,0
2367,202.53,24.32,49.93,Voltage Sag,Transmission Line,TL-22A,Critical,97.27,0
2368,190.49,15.4,49.47,Voltage Sag,Transmission Line,TL-22A,Critical,95.52,0
2369,205.36,13.1,49.92,Voltage Sag,Transmission Line,TL-22A,Critical,96.52,0
2370,209.15,23.2,49.28,Voltage Sag,Transmission Line,TL-22A,Critical,90.85,0
2371,174.49,14.37,49.61,Voltage Sag,Transmission Line,TL-22A,Critical,96.43,0
2372,205.97,19.36,49.01,Voltage Sag,Transmission Line,TL-22A,Critical,91.49,0
2373,173.99,15.45,49.5,Voltage Sag,Transmission Line,TL-22A,Critical,90.35,0
2374,183.94,12.69,49.65,Voltage Sag,Transmission Line,TL-22A,Critical,93.71,0
2375,189.81,16.42,49.96,Voltage Sag,Transmission Line,TL-22A,Critical,91.72,0
2376,190.67,21.04,49.56,Voltage Sag,Transmission Line,TL-22A,Critical,97.43,0
2377,185.12,16.96,49.09,Voltage Sag,Transmission Line,TL-22A,Critical,94.87,0
2378,181.53,12.4,49.54,Voltage Sag,Transmission Line,TL-22A,Critical,94.26,0
2379,173.03,20.47,49.62,Voltage Sag,Transmission Line,TL-22A,Critical,91.51,0
2380,188.78,20.8,49.53,Voltage Sag,Transmission Line,TL-22A,Critical,93.16,0
2381,182.89,19.16,49.94,Voltage Sag,Transmission Line,TL-22A,Critical,95.37,0
2382,172.99,16.91,49.89,Voltage Sag,Transmission Line,TL-22A,Critical,90.76,0
2383,209.56,24.24,49.08,Voltage Sag,Transmission Line,TL-22A,Critical,97.47,0
2384,184.53,22.67,49.42,Voltage Sag,Transmission Line,TL-22A,Critical,93.53,0
2385,195.37,21.62,49.03,Voltage Sag,Transmission Line,TL-22A,Critical,94.75,0
2386,177.47,15.19,49.35,Voltage Sag,Transmission Line,TL-22A,Critical,93.75,0
2387,183.37,11.61,49.15,Voltage Sag,Transmission Line,TL-22A,Critical,90.27,0
2388,188.81,24.32,49.12,Voltage Sag,Transmission Line,TL-22A,Critical,97.57,0
2389,199.33,19.56,49.65,Voltage Sag,Transmission Line,TL-22A,Critical,96.61,0
2390,174.28,17.57,49.7,Voltage Sag,Transmission Line,TL-22A,Critical,94.69,0
2391,203.31,11.08,49.69,Voltage Sag,Transmission Line,TL-22A,Critical,94.27,0
2392,185.17,15.1,49.62,Voltage Sag,Transmission Line,TL-22A,Critical,97.13,0
2393,189.85,22.37,49.4,Voltage Sag,Transmission Line,TL-22A,Critical,90.82,0
2394,172.46,10.77,49.38,Voltage Sag,Transmission Line,TL-22A,Critical,92.7,0
2395,198.72,21.14,49.05,Voltage Sag,Transmission Line,TL-22A,Critical,91.77,0
2396,180.97,18.21,49.14,Voltage Sag,Transmission Line,TL-22A,Critical,91.07,0
2397,207.75,22.06,49.18,Voltage Sag,Transmission Line,TL-22A,Critical,93.25,0
2398,184.22,21.87,49.51,Voltage Sag,Transmission Line,TL-22A,Critical,91.02,0
2399,199.56,15.95,49.26,Voltage Sag,Transmission Line,TL-22A,Critical,93.0,0
2400,189.91,15.15,49.24,Voltage Sag,Transmission Line,TL-22A,Critical,93.19,0
2401,170.77,21.59,49.17,Voltage Sag,Transmission Line,TL-22A,Critical,90.35,0
2402,196.15,21.61,49.81,Voltage Sag,Transmission Line,TL-22A,Critical,93.95,0
2403,178.21,21.06,49.7,Voltage Sag,Transmission Line,TL-22A,Critical,91.97,0
2404,206.14,11.57,49.98,Voltage Sag,Transmission Line,TL-22A,Critical,96.88,0
2405,197.52,24.08,49.72,Voltage Sag,Transmission Line,TL-22A,Critical,91.52,0
2406,187.69,11.07,49.39,Voltage Sag,Transmission Line,TL-22A,Critical,95.93,0
2407,185.46,14.95,49.6,Voltage Sag,Transmission Line,TL-22A,Critical,96.98,0
2408,171.9,15.78,49.16,Voltage Sag,Transmission Line,TL-22A,Critical,95.56,0
2409,174.23,19.97,49.29,Voltage Sag,Transmission Line,TL-22A,Critical,91.59,0
2410,207.45,10.28,49.44,Voltage Sag,Transmission Line,TL-22A,Critical,90.17,0
2411,189.34,17.52,49.32,Voltage Sag,Transmission Line,TL-22A,Critical,91.06,0
2412,185.06,20.08,49.78,Voltage Sag,Transmission Line,TL-22A,Critical,94.25,0
2413,193.59,13.01,49.29,Voltage Sag,Transmission Line,TL-22A,Critical,91.3,0
2414,179.97,13.37,49.52,Voltage Sag,Transmission Line,TL-22A,Critical,94.5,0
2415,207.8,12.93,49.64,Voltage Sag,Transmission Line,TL-22A,Critical,96.54,0
2416,192.41,13.83,49.26,Voltage Sag,Transmission Line,TL-22A,Critical,90.31,0
2417,182.22,21.17,49.05,Voltage Sag,Transmission Line,TL-22A,Critical,91.75,0
2418,198.25,21.74,49.46,Voltage Sag,Transmission Line,TL-22A,Critical,95.58,0
2419,185.52,12.4,49.4,Voltage Sag,Transmission Line,TL-22A,Critical,94.64,0
2420,207.92,11.03,49.51,Voltage Sag,Transmission Line,TL-22A,Critical,92.63,0
2421,190.33,10.36,49.31,Voltage Sag,Transmission Line,TL-22A,Critical,96.56,0
2422,192.16,16.76,49.29,Voltage Sag,Transmission Line,TL-22A,Critical,92.38,0
2423,185.32,22.53,49.97,Voltage Sag,Transmission Line,TL-22A,Critical,93.51,0
2424,185.73,22.7,49.43,Voltage Sag,Transmission Line,TL-22A,Critical,94.42,0
2425,179.24,21.15,49.53,Voltage Sag,Transmission Line,TL-22A,Critical,96.47,0
2426,201.23,13.23,49.72,Voltage Sag,Transmission Line,TL-22A,Critical,96.4,0
2427,183.84,12.59,49.0,Voltage Sag,Transmission Line,TL-22A,Critical,93.61,0
2428,184.1,18.32,49.19,Voltage Sag,Transmission Line,TL-22A,Critical,96.88,0
2429,180.31,13.4,49.48,Voltage Sag,Transmission Line,TL-22A,Critical,93.99,0
2430,178.6,14.08,49.17,Voltage Sag,Transmission Line,TL-22A,Critical,95.75,0
2431,200.8,16.93,49.71,Voltage Sag,Transmission Line,TL-22A,Critical,95.89,0
2432,175.53,24.49,49.82,Voltage Sag,Transmission Line,TL-22A,Critical,91.64,0
2433,177.45,11.88,49.14,Voltage Sag,Transmission Line,TL-22A,Critical,95.99,0
2434,188.79,21.74,49.75,Voltage Sag,Transmission Line,TL-22A,Critical,94.84,0
2435,197.45,10.28,49.31,Voltage Sag,Transmission Line,TL-22A,Critical,95.1,0
2436,170.37,10.49,49.85,Voltage Sag,Transmission Line,TL-22A,Critical,95.47,0
2437,180.61,20.32,49.79,Voltage Sag,Transmission Line,TL-22A,Critical,92.45,0
2438,171.44,23.99,49.35,Voltage Sag,Transmission Line,TL-22A,Critical,90.85,0
2439,189.67,21.53,49.22,Voltage Sag,Transmission Line,TL-22A,Critical,92.16,0
2440,179.71,24.88,49.2,Voltage Sag,Transmission Line,TL-22A,Critical,94.6,0
2441,207.01,12.2,49.97,Voltage Sag,Transmission Line,TL-22A,Critical,97.58,0
2442,205.38,13.22,49.63,Voltage Sag,Transmission Line,TL-22A,Critical,96.09,0
2443,209.44,12.71,49.77,Voltage Sag,Transmission Line,TL-22A,Critical,92.71,0
2444,177.03,16.32,49.79,Voltage Sag,Transmission Line,TL-22A,Critical,93.72,0
2445,191.5,24.93,49.4,Voltage Sag,Transmission Line,TL-22A,Critical,94.92,0
2446,184.61,15.89,49.7,Voltage Sag,Transmission Line,TL-22A,Critical,97.5,0
2447,191.69,21.53,49.09,Voltage Sag,Transmission Line,TL-22A,Critical,91.69,0
2448,190.09,10.3,49.25,Voltage Sag,Transmission Line,TL-22A,Critical,94.14,0
2449,170.6,13.97,49.51,Voltage Sag,Transmission Line,TL-22A,Critical,94.59,0
2450,207.03,19.68,49.41,Voltage Sag,Transmission Line,TL-22A,Critical,97.44,0
2451,201.4,13.0,49.13,Voltage Sag,Transmission Line,TL-22A,Critical,95.41,0
2452,192.4,21.85,49.74,Voltage Sag,Transmission Line,TL-22A,Critical,95.0,0
2453,209.46,18.0,49.11,Voltage Sag,Transmission Line,TL-22A,Critical,96.63,0
2454,180.07,21.66,49.96,Voltage Sag,Transmission Line,TL-22A,Critical,95.57,0
2455,193.84,16.91,49.36,Voltage Sag,Transmission Line,TL-22A,Critical,92.82,0
2456,195.45,21.27,49.68,Voltage Sag,Transmission Line,TL-22A,Critical,91.59,0
2457,189.76,21.87,49.48,Voltage Sag,Transmission Line,TL-22A,Critical,94.29,0
2458,200.85,19.92,49.41,Voltage Sag,Transmission Line,TL-22A,Critical,97.16,0
2459,176.5,24.93,49.12,Voltage Sag,Transmission Line,TL-22A,Critical,90.12,0
2460,205.6,13.67,49.73,Voltage Sag,Transmission Line,TL-22A,Critical,96.49,0
2461,204.36,24.87,49.29,Voltage Sag,Transmission Line,TL-22A,Critical,95.68,0
2462,174.62,16.1,49.85,Voltage Sag,Transmission Line,TL-22A,Critical,92.94,0
2463,193.64,17.56,49.65,Voltage Sag,Transmission Line,TL-22A,Critical,97.78,0
2464,172.23,18.61,49.86,Voltage Sag,Transmission Line,TL-22A,Critical,93.85,0
2465,173.14,18.41,49.33,Voltage Sag,Transmission Line,TL-22A,Critical,91.24,0
2466,203.96,17.82,49.93,Voltage Sag,Transmission Line,TL-22A,Critical,96.45,0
2467,197.72,10.08,49.43,Voltage Sag,Transmission Line,TL-22A,Critical,91.58,0
2468,206.43,12.62,49.29,Voltage Sag,Transmission Line,TL-22A,Critical,94.13,0
2469,180.53,13.15,49.6,Voltage Sag,Transmission Line,TL-22A,Critical,90.71,0
2470,172.33,15.58,49.72,Voltage Sag,Transmission Line,TL-22A,Critical,94.44,0
2471,186.92,18.49,49.37,Voltage Sag,Transmission Line,TL-22A,Critical,97.49,0
2472,172.2,20.1,49.89,Voltage Sag,Transmission Line,TL-22A,Critical,96.43,0
2473,177.36,14.44,49.72,Voltage Sag,Transmission Line,TL-22A,Critical,90.67,0
2474,202.47,20.78,49.73,Voltage Sag,Transmission Line,TL-22A,Critical,90.8,0
2475,198.71,20.2,49.83,Voltage Sag,Transmission Line,TL-22A,Critical,90.33,0
2476,170.92,15.6,49.15,Voltage Sag,Transmission Line,TL-22A,Critical,94.47,0
2477,206.69,15.87,49.84,Voltage Sag,Transmission Line,TL-22A,Critical,90.0,0
2478,176.74,10.46,49.33,Voltage Sag,Transmission Line,TL-22A,Critical,97.27,0
2479,173.88,19.1,49.45,Voltage Sag,Transmission Line,TL-22A,Critical,97.51,0
2480,174.9,13.18,49.03,Voltage Sag,Transmission Line,TL-22A,Critical,93.47,0
2481,181.11,23.05,49.6,Voltage Sag,Transmission Line,TL-22A,Critical,94.91,0
2482,191.28,11.38,49.45,Voltage Sag,Transmission Line,TL-22A,Critical,98.0,0
2483,203.41,23.4,49.82,Voltage Sag,Transmission Line,TL-22A,Critical,90.82,0
2484,179.1,10.05,49.3,Voltage Sag,Transmission Line,TL-22A,Critical,90.87,0
2485,188.91,20.16,49.87,Voltage Sag,Transmission Line,TL-22A,Critical,95.99,0
2486,207.54,10.81,49.01,Voltage Sag,Transmission Line,TL-22A,Critical,95.29,0
2487,181.57,13.8,49.33,Voltage Sag,Transmission Line,TL-22A,Critical,92.16,0
2488,190.46,16.6,49.51,Voltage Sag,Transmission Line,TL-22A,Critical,95.38,0
2489,185.49,13.77,49.17,Voltage Sag,Transmission Line,TL-22A,Critical,92.8,0
2490,199.67,21.35,49.67,Voltage Sag,Transmission Line,TL-22A,Critical,91.87,0
2491,193.52,18.56,49.48,Voltage Sag,Transmission Line,TL-22A,Critical,94.4,0
2492,189.67,18.48,49.72,Voltage Sag,Transmission Line,TL-22A,Critical,90.88,0
2493,199.99,12.04,49.07,Voltage Sag,Transmission Line,TL-22A,Critical,97.81,0
2494,208.28,10.91,49.44,Voltage Sag,Transmission Line,TL-22A,Critical,91.49,0
2495,189.41,22.45,49.95,Voltage Sag,Transmission Line,TL-22A,Critical,95.07,0
2496,184.16,19.05,49.31,Voltage Sag,Transmission Line,TL-22A,Critical,97.28,0
2497,204.82,18.37,49.32,Voltage Sag,Transmission Line,TL-22A,Critical,92.35,0
2498,171.34,22.24,49.45,Voltage Sag,Transmission Line,TL-22A,Critical,92.6,0
2499,188.84,22.28,49.12,Voltage Sag,Transmission Line,TL-22A,Critical,96.86,0
2500,205.9,24.2,49.4,Voltage Sag,Transmission Line,TL-22A,Critical,91.74,0
2501,248.68,26.66,49.68,Overload,Transformer,T-104,Critical,92.86,1
2502,253.83,37.31,49.53,Overload,Transformer,T-104,Critical,93.15,1
2503,268.15,35.19,50.39,Overload,Transformer,T-104,Critical,93.83,1
2504,276.39,26.65,50.0,Overload,Transformer,T-104,Critical,88.11,1
2505,230.35,24.8,49.6,Overload,Transformer,T-104,Critical,90.08,1
2506,238.85,20.57,50.41,Overload,Transformer,T-104,Critical,88.07,1
2507,266.8,23.04,50.41,Overload,Transformer,T-104,Critical,95.14,1
2508,262.7,33.44,49.51,Overload,Transformer,T-104,Critical,95.88,1
2509,273.89,37.9,50.16,Overload,Transformer,T-104,Critical,90.76,1
2510,274.68,25.83,50.06,Overload,Transformer,T-104,Critical,88.8,1
2511,276.1,22.82,49.72,Overload,Transformer,T-104,Critical,92.47,1
2512,268.2,32.39,49.73,Overload,Transformer,T-104,Critical,88.01,1
2513,267.86,39.7,50.31,Overload,Transformer,T-104,Critical,91.68,1
2514,275.19,28.2,50.02,Overload,Transformer,T-104,Critical,91.82,1
2515,252.38,35.5,50.03,Overload,Transformer,T-104,Critical,90.53,1
2516,242.91,20.75,50.08,Overload,Transformer,T-104,Critical,89.84,1
2517,237.41,33.08,50.18,Overload,Transformer,T-104,Critical,94.02,1
2518,255.18,37.88,50.44,Overload,Transformer,T-104,Critical,94.46,1
2519,261.78,26.07,50.48,Overload,Transformer,T-104,Critical,90.19,1
2520,240.13,28.84,49.56,Overload,Transformer,T-104,Critical,95.83,1
2521,259.42,31.14,50.16,Overload,Transformer,T-104,Critical,91.98,1
2522,231.6,32.25,50.22,Overload,Transformer,T-104,Critical,91.33,1
2523,267.86,24.54,49.72,Overload,Transformer,T-104,Critical,89.29,1
2524,248.6,36.94,50.33,Overload,Transformer,T-104,Critical,91.06,1
2525,259.46,34.42,49.74,Overload,Transformer,T-104,Critical,89.35,1
2526,278.6,32.35,50.48,Overload,Transformer,T-104,Critical,90.7,1
2527,265.15,24.45,49.76,Overload,Transformer,T-104,Critical,92.1,1
2528,245.98,23.35,49.76,Overload,Transformer,T-104,Critical,88.29,1
2529,265.22,29.84,49.59,Overload,Transformer,T-104,Critical,89.37,1
2530,235.13,32.25,49.59,Overload,Transformer,T-104,Critical,94.03,1
2531,231.03,24.99,50.39,Overload,Transformer,T-104,Critical,93.75,1
2532,233.65,36.42,49.99,Overload,Transformer,T-104,Critical,94.77,1
2533,260.04,33.64,50.49,Overload,Transformer,T-104,Critical,89.86,1
2534,261.2,29.21,49.54,Overload,Transformer,T-104,Critical,88.12,1
2535,235.96,32.98,50.07,Overload,Transformer,T-104,Critical,92.43,1
2536,231.59,29.39,50.42,Overload,Transformer,T-104,Critical,91.18,1
2537,261.25,35.6,50.28,Overload,Transformer,T-104,Critical,92.15,1
2538,272.9,27.83,50.39,Overload,Transformer,T-104,Critical,89.92,1
2539,244.01,21.06,50.3,Overload,Transformer,T-104,Critical,91.34,1
2540,241.46,24.64,50.4,Overload,Transformer,T-104,Critical,94.67,1
2541,257.68,32.32,49.97,Overload,Transformer,T-104,Critical,91.13,1
2542,275.77,22.51,49.92,Overload,Transformer,T-104,Critical,90.76,1
2543,254.91,29.15,50.02,Overload,Transformer,T-104,Critical,89.12,1
2544,255.66,24.85,49.68,Overload,Transformer,T-104,Critical,88.52,1
2545,268.13,28.55,50.13,Overload,Transformer,T-104,Critical,93.82,1
2546,263.97,29.41,49.89,Overload,Transformer,T-104,Critical,91.01,1
2547,262.0,29.9,50.35,Overload,Transformer,T-104,Critical,95.0,1
2548,238.53,22.72,50.13,Overload,Transformer,T-104,Critical,90.41,1
2549,230.93,37.77,49.73,Overload,Transformer,T-104,Critical,95.43,1
2550,265.87,35.25,49.7,Overload,Transformer,T-104,Critical,89.87,1
2551,256.06,23.44,49.81,Overload,Transformer,T-104,Critical,90.57,1
2552,237.98,24.1,50.29,Overload,Transformer,T-104,Critical,89.34,1
2553,231.42,32.59,50.48,Overload,Transformer,T-104,Critical,90.65,1
2554,235.93,31.41,50.41,Overload,Transformer,T-104,Critical,94.27,1
2555,261.13,26.3,50.04,Overload,Transformer,T-104,Critical,88.73,1
2556,263.95,34.5,50.47,Overload,Transformer,T-104,Critical,90.08,1
2557,230.92,30.91,50.21,Overload,Transformer,T-104,Critical,94.32,1
2558,239.69,25.24,50.01,Overload,Transformer,T-104,Critical,90.64,1
2559,273.03,29.48,50.3,Overload,Transformer,T-104,Critical,92.64,1
2560,268.65,26.65,50.33,Overload,Transformer,T-104,Critical,90.2,1
2561,257.3,24.28,49.98,Overload,Transformer,T-104,Critical,90.55,1
2562,243.34,39.34,49.66,Overload,Transformer,T-104,Critical,94.3,1
2563,279.21,20.4,50.2,Overload,Transformer,T-104,Critical,90.02,1
2564,232.02,28.06,50.44,Overload,Transformer,T-104,Critical,88.09,1
2565,259.39,30.03,50.37,Overload,Transformer,T-104,Critical,88.67,1
2566,264.08,33.6,50.17,Overload,Transformer,T-104,Critical,95.54,1
2567,271.15,20.84,49.97,Overload,Transformer,T-104,Critical,91.18,1
2568,245.51,29.03,49.88,Overload,Transformer,T-104,Critical,91.46,1
2569,278.96,21.77,50.42,Overload,Transformer,T-104,Critical,91.84,1
2570,261.19,36.6,49.86,Overload,Transformer,T-104,Critical,91.44,1
2571,250.48,27.49,50.43,Overload,Transformer,T-104,Critical,94.63,1
2572,235.45,22.16,49.93,Overload,Transformer,T-104,Critical,88.79,1
2573,260.95,22.87,50.02,Overload,Transformer,T-104,Critical,88.06,1
2574,245.83,33.54,49.98,Overload,Transformer,T-104,Critical,95.83,1
2575,273.71,27.18,49.55,Overload,Transformer,T-104,Critical,94.77,1
2576,275.56,36.41,49.63,Overload,Transformer,T-104,Critical,95.98,1
2577,242.93,34.48,50.41,Overload,Transformer,T-104,Critical,89.89,1
2578,275.41,26.19,50.48,Overload,Transformer,T-104,Critical,90.25,1
2579,277.67,21.07,50.21,Overload,Transformer,T-104,Critical,92.26,1
2580,253.89,24.47,50.21,Overload,Transformer,T-104,Critical,89.53,1
2581,257.64,25.06,50.46,Overload,Transformer,T-104,Critical,88.23,1
2582,239.99,24.85,49.91,Overload,Transformer,T-104,Critical,89.86,1
2583,254.57,37.45,50.21,Overload,Transformer,T-104,Critical,92.64,1
2584,234.45,33.88,49.67,Overload,Transformer,T-104,Critical,94.29,1
2585,242.5,28.34,49.85,Overload,Transformer,T-104,Critical,94.87,1
2586,236.33,31.31,49.64,Overload,Transformer,T-104,Critical,93.64,1
2587,275.25,28.69,49.99,Overload,Transformer,T-104,Critical,95.42,1
2588,256.05,29.75,50.08,Overload,Transformer,T-104,Critical,93.51,1
2589,235.34,36.42,49.94,Overload,Transformer,T-104,Critical,88.58,1
2590,269.31,27.54,49.6,Overload,Transformer,T-104,Critical,93.07,1
2591,274.01,37.76,50.46,Overload,Transformer,T-104,Critical,94.94,1
2592,230.11,27.6,50.32,Overload,Transformer,T-104,Critical,90.93,1
2593,260.08,32.13,49.87,Overload,Transformer,T-104,Critical,95.24,1
2594,255.16,29.3,50.5,Overload,Transformer,T-104,Critical,91.95,1
2595,238.92,30.26,50.31,Overload,Transformer,T-104,Critical,94.21,1
2596,269.43,34.16,49.75,Overload,Transformer,T-104,Critical,94.9,1
2597,274.67,23.88,49.63,Overload,Transformer,T-104,Critical,95.8,1
2598,273.42,37.86,50.39,Overload,Transformer,T-104,Critical,92.33,1
2599,262.32,30.91,49.55,Overload,Transformer,T-104,Critical,93.96,1
2600,255.27,32.95,50.0,Overload,Transformer,T-104,Critical,91.93,1
2601,238.59,25.57,49.66,Overload,Transformer,T-104,Critical,89.57,1
2602,278.65,23.06,49.77,Overload,Transformer,T-104,Critical,92.72,1
2603,260.51,23.08,50.29,Overload,Transformer,T-104,Critical,94.28,1
2604,241.87,25.77,50.44,Overload,Transformer,T-104,Critical,94.61,1
2605,264.89,21.64,49.92,Overload,Transformer,T-104,Critical,92.47,1
2606,239.37,28.96,50.1,Overload,Transformer,T-104,Critical,90.62,1
2607,269.05,36.81,49.82,Overload,Transformer,T-104,Critical,94.71,1
2608,235.18,36.75,49.65,Overload,Transformer,T-104,Critical,88.66,1
2609,262.09,29.44,50.41,Overload,Transformer,T-104,Critical,90.91,1
2610,244.36,30.01,49.96,Overload,Transformer,T-104,Critical,90.76,1
2611,264.69,35.19,50.35,Overload,Transformer,T-104,Critical,95.78,1
2612,243.33,34.32,49.89,Overload,Transformer,T-104,Critical,93.42,1
2613,253.8,39.88,50.23,Overload,Transformer,T-104,Critical,95.62,1
2614,271.75,38.06,50.31,Overload,Transformer,T-104,Critical,91.67,1
2615,242.59,27.41,49.52,Overload,Transformer,T-104,Critical,92.19,1
2616,255.25,30.51,50.47,Overload,Transformer,T-104,Critical,95.29,1
2617,238.09,27.38,49.92,Overload,Transformer,T-104,Critical,90.88,1
2618,269.92,30.48,50.07,Overload,Transformer,T-104,Critical,94.82,1
2619,270.3,22.64,50.21,Overload,Transformer,T-104,Critical,91.48,1
2620,244.73,21.0,49.99,Overload,Transformer,T-104,Critical,90.84,1
2621,242.58,33.89,50.27,Overload,Transformer,T-104,Critical,89.96,1
2622,232.47,36.98,49.51,Overload,Transformer,T-104,Critical,95.5,1
2623,261.38,26.44,49.75,Overload,Transformer,T-104,Critical,88.07,1
2624,241.77,22.75,50.11,Overload,Transformer,T-104,Critical,89.33,1
2625,256.43,31.8,49.8,Overload,Transformer,T-104,Critical,88.28,1
2626,231.86,20.53,50.24,Overload,Transformer,T-104,Critical,90.54,1
2627,269.82,28.63,49.95,Overload,Transformer,T-104,Critical,92.1,1
2628,265.65,25.47,49.62,Overload,Transformer,T-104,Critical,92.45,1
2629,246.35,28.85,50.15,Overload,Transformer,T-104,Critical,91.95,1
2630,261.01,30.88,50.24,Overload,Transformer,T-104,Critical,93.65,1
2631,256.71,33.58,50.37,Overload,Transformer,T-104,Critical,91.46,1
2632,250.64,35.28,50.08,Overload,Transformer,T-104,Critical,88.57,1
2633,274.61,20.62,50.25,Overload,Transformer,T-104,Critical,94.07,1
2634,277.66,21.08,50.1,Overload,Transformer,T-104,Critical,91.42,1
2635,246.53,21.81,50.06,Overload,Transformer,T-104,Critical,91.83,1
2636,235.23,32.25,50.24,Overload,Transformer,T-104,Critical,94.14,1
2637,275.27,28.19,50.45,Overload,Transformer,T-104,Critical,94.92,1
2638,244.83,23.19,49.94,Overload,Transformer,T-104,Critical,91.22,1
2639,258.79,31.67,50.25,Overload,Transformer,T-104,Critical,92.08,1
2640,235.24,37.17,49.81,Overload,Transformer,T-104,Critical,95.77,1
2641,235.89,39.17,49.59,Overload,Transformer,T-104,Critical,89.85,1
2642,232.33,34.1,50.35,Overload,Transformer,T-104,Critical,91.47,1
2643,276.43,31.81,50.13,Overload,Transformer,T-104,Critical,94.76,1
2644,244.84,27.09,50.41,Overload,Transformer,T-104,Critical,95.21,1
2645,278.82,38.04,49.63,Overload,Transformer,T-104,Critical,94.59,1
2646,250.49,39.82,49.97,Overload,Transformer,T-104,Critical,92.43,1
2647,256.49,26.43,49.58,Overload,Transformer,T-104,Critical,95.17,1
2648,270.13,22.79,50.28,Overload,Transformer,T-104,Critical,93.01,1
2649,250.46,25.08,50.36,Overload,Transformer,T-104,Critical,93.6,1
2650,257.39,32.19,49.59,Overload,Transformer,T-104,Critical,91.79,1
2651,239.69,24.17,50.16,Overload,Transformer,T-104,Critical,95.29,1
2652,250.19,24.15,50.15,Overload,Transformer,T-104,Critical,94.97,1
2653,267.42,37.38,50.04,Overload,Transformer,T-104,Critical,94.02,1
2654,237.0,26.97,49.89,Overload,Transformer,T-104,Critical,92.09,1
2655,276.45,37.49,49.63,Overload,Transformer,T-104,Critical,89.38,1
2656,247.88,25.81,50.11,Overload,Transformer,T-104,Critical,95.22,1
2657,278.11,33.07,50.34,Overload,Transformer,T-104,Critical,92.2,1
2658,240.42,30.49,50.06,Overload,Transformer,T-104,Critical,93.94,1
2659,240.99,27.37,49.86,Overload,Transformer,T-104,Critical,95.68,1
2660,252.2,35.1,50.25,Overload,Transformer,T-104,Critical,90.12,1
2661,258.59,37.89,49.98,Overload,Transformer,T-104,Critical,95.56,1
2662,240.72,21.48,50.39,Overload,Transformer,T-104,Critical,94.78,1
2663,279.63,33.59,50.44,Overload,Transformer,T-104,Critical,94.62,1
2664,272.22,31.38,49.88,Overload,Transformer,T-104,Critical,95.48,1
2665,251.61,30.78,49.95,Overload,Transformer,T-104,Critical,92.52,1
2666,253.53,20.96,50.38,Overload,Transformer,T-104,Critical,91.56,1
2667,259.45,22.78,49.5,Overload,Transformer,T-104,Critical,89.96,1
2668,265.23,21.98,50.41,Overload,Transformer,T-104,Critical,89.72,1
2669,240.23,23.63,49.51,Overload,Transformer,T-104,Critical,94.17,1
2670,273.75,32.28,49.69,Overload,Transformer,T-104,Critical,90.28,1
2671,253.8,39.09,49.75,Overload,Transformer,T-104,Critical,93.85,1
2672,251.97,25.96,49.96,Overload,Transformer,T-104,Critical,88.57,1
2673,269.93,24.87,50.23,Overload,Transformer,T-104,Critical,88.55,1
2674,277.75,23.86,50.38,Overload,Transformer,T-104,Critical,94.48,1
2675,278.39,29.56,50.23,Overload,Transformer,T-104,Critical,90.97,1
2676,239.22,28.86,49.67,Overload,Transformer,T-104,Critical,95.86,1
2677,234.81,31.78,50.13,Overload,Transformer,T-104,Critical,92.3,1
2678,263.11,22.32,50.06,Overload,Transformer,T-104,Critical,90.3,1
2679,277.01,35.24,50.47,Overload,Transformer,T-104,Critical,88.3,1
2680,244.26,23.91,49.51,Overload,Transformer,T-104,Critical,89.94,1
2681,263.94,24.62,50.01,Overload,Transformer,T-104,Critical,95.1,1
2682,264.69,27.89,49.87,Overload,Transformer,T-104,Critical,91.65,1
2683,238.85,32.68,49.86,Overload,Transformer,T-104,Critical,94.82,1
2684,267.83,32.21,49.86,Overload,Transformer,T-104,Critical,89.68,1
2685,268.81,29.73,49.72,Overload,Transformer,T-104,Critical,89.56,1
2686,238.27,35.54,49.73,Overload,Transformer,T-104,Critical,92.21,1
2687,252.58,31.59,50.38,Overload,Transformer,T-104,Critical,94.94,1
2688,252.55,20.31,49.93,Overload,Transformer,T-104,Critical,92.85,1
2689,257.89,33.03,49.65,Overload,Transformer,T-104,Critical,93.17,1
2690,239.13,35.01,49.84,Overload,Transformer,T-104,Critical,93.68,1
2691,232.39,28.16,50.21,Overload,Transformer,T-104,Critical,89.81,1
2692,269.76,32.62,50.09,Overload,Transformer,T-104,Critical,90.83,1
2693,254.12,31.95,49.97,Overload,Transformer,T-104,Critical,93.59,1
2694,251.68,24.05,49.71,Overload,Transformer,T-104,Critical,88.05,1
2695,245.05,34.98,50.29,Overload,Transformer,T-104,Critical,89.62,1
2696,277.95,30.05,50.42,Overload,Transformer,T-104,Critical,93.65,1
2697,266.12,21.7,49.72,Overload,Transformer,T-104,Critical,88.07,1
2698,265.81,26.89,50.29,Overload,Transformer,T-104,Critical,90.71,1
2699,270.97,22.61,49.67,Overload,Transformer,T-104,Critical,90.73,1
2700,250.42,26.97,50.26,Overload,Transformer,T-104,Critical,88.78,1
2701,247.56,36.74,49.57,Overload,Transformer,T-104,Critical,95.54,1
2702,279.32,21.77,49.79,Overload,Transformer,T-104,Critical,90.98,1
2703,268.82,31.92,50.14,Overload,Transformer,T-104,Critical,94.06,1
2704,235.9,36.66,50.21,Overload,Transformer,T-104,Critical,92.62,1
2705,274.49,34.01,49.7,Overload,Transformer,T-104,Critical,91.44,1
2706,254.7,21.1,50.45,Overload,Transformer,T-104,Critical,89.03,1
2707,264.87,30.12,49.53,Overload,Transformer,T-104,Critical,95.4,1
2708,272.59,30.49,49.73,Overload,Transformer,T-104,Critical,88.97,1
2709,248.17,25.11,50.01,Overload,Transformer,T-104,Critical,95.73,1
2710,258.75,37.8,50.15,Overload,Transformer,T-104,Critical,91.8,1
2711,272.73,29.43,50.37,Overload,Transformer,T-104,Critical,90.33,1
2712,236.44,37.11,50.09,Overload,Transformer,T-104,Critical,95.11,1
2713,276.89,21.07,50.0,Overload,Transformer,T-104,Critical,91.0,1
2714,261.29,35.87,49.78,Overload,Transformer,T-104,Critical,92.45,1
2715,265.44,22.69,50.31,Overload,Transformer,T-104,Critical,92.85,1
2716,277.48,26.79,49.61,Overload,Transformer,T-104,Critical,92.05,1
2717,234.29,39.39,49.54,Overload,Transformer,T-104,Critical,94.03,1
2718,256.26,27.37,49.57,Overload,Transformer,T-104,Critical,92.98,1
2719,259.26,25.62,50.41,Overload,Transformer,T-104,Critical,90.43,1
2720,252.49,30.88,49.6,Overload,Transformer,T-104,Critical,95.46,1
2721,248.73,21.62,49.89,Overload,Transformer,T-104,Critical,92.8,1
2722,255.68,33.89,49.56,Overload,Transformer,T-104,Critical,90.28,1
2723,270.96,21.6,50.36,Overload,Transformer,T-104,Critical,88.74,1
2724,271.72,27.22,50.11,Overload,Transformer,T-104,Critical,89.22,1
2725,233.31,24.32,49.63,Overload,Transformer,T-104,Critical,90.5,1
2726,255.72,31.78,50.29,Overload,Transformer,T-104,Critical,93.25,1
2727,260.44,28.24,49.97,Overload,Transformer,T-104,Critical,91.32,1
2728,272.11,24.6,49.51,Overload,Transformer,T-104,Critical,93.21,1
2729,240.12,37.8,50.36,Overload,Transformer,T-104,Critical,88.61,1
2730,235.32,29.9,50.11,Overload,Transformer,T-104,Critical,90.2,1
2731,265.84,31.9,49.82,Overload,Transformer,T-104,Critical,88.2,1
2732,267.51,24.3,50.33,Overload,Transformer,T-104,Critical,91.36,1
2733,258.85,37.46,50.36,Overload,Transformer,T-104,Critical,90.97,1
2734,240.44,35.5,49.93,Overload,Transformer,T-104,Critical,89.54,1
2735,275.22,23.96,49.53,Overload,Transformer,T-104,Critical,88.16,1
2736,261.12,33.23,49.81,Overload,Transformer,T-104,Critical,90.56,1
2737,246.97,33.6,49.56,Overload,Transformer,T-104,Critical,95.43,1
2738,241.13,39.99,49.67,Overload,Transformer,T-104,Critical,94.17,1
2739,241.17,21.62,50.37,Overload,Transformer,T-104,Critical,94.87,1
2740,250.18,34.05,50.06,Overload,Transformer,T-104,Critical,94.82,1
2741,245.75,30.47,49.99,Overload,Transformer,T-104,Critical,90.83,1
2742,274.57,23.32,49.65,Overload,Transformer,T-104,Critical,92.62,1
2743,262.87,23.89,49.89,Overload,Transformer,T-104,Critical,95.57,1
2744,242.33,33.37,50.24,Overload,Transformer,T-104,Critical,91.59,1
2745,276.88,34.73,49.96,Overload,Transformer,T-104,Critical,92.55,1
2746,264.63,31.84,50.38,Overload,Transformer,T-104,Critical,90.86,1
2747,244.99,24.28,49.54,Overload,Transformer,T-104,Critical,88.34,1
2748,273.5,33.57,50.16,Overload,Transformer,T-104,Critical,92.92,1
2749,272.46,29.61,50.37,Overload,Transformer,T-104,Critical,90.88,1
2750,276.34,33.97,49.76,Overload,Transformer,T-104,Critical,92.51,1
2751,256.65,22.76,50.09,Overload,Transformer,T-104,Critical,90.52,1
2752,232.62,38.97,50.14,Overload,Transformer,T-104,Critical,95.02,1
2753,263.8,27.14,50.01,Overload,Transformer,T-104,Critical,93.41,1
2754,278.01,25.07,50.37,Overload,Transformer,T-104,Critical,95.39,1
2755,263.52,38.63,49.9,Overload,Transformer,T-104,Critical,95.62,1
2756,265.14,20.84,50.41,Overload,Transformer,T-104,Critical,91.88,1
2757,253.02,31.33,49.65,Overload,Transformer,T-104,Critical,91.75,1
2758,271.56,20.31,49.77,Overload,Transformer,T-104,Critical,88.02,1
2759,250.79,34.57,50.3,Overload,Transformer,T-104,Critical,95.56,1
2760,260.43,25.09,50.42,Overload,Transformer,T-104,Critical,94.2,1
2761,258.72,33.91,50.42,Overload,Transformer,T-104,Critical,93.7,1
2762,248.42,34.26,49.54,Overload,Transformer,T-104,Critical,91.09,1
2763,250.32,23.34,49.52,Overload,Transformer,T-104,Critical,89.07,1
2764,262.73,36.05,50.49,Overload,Transformer,T-104,Critical,90.77,1
2765,259.97,38.74,49.67,Overload,Transformer,T-104,Critical,93.74,1
2766,267.75,21.78,50.36,Overload,Transformer,T-104,Critical,94.5,1
2767,231.67,21.82,49.55,Overload,Transformer,T-104,Critical,90.68,1
2768,255.46,30.65,49.77,Overload,Transformer,T-104,Critical,95.29,1
2769,248.41,20.91,49.8,Overload,Transformer,T-104,Critical,92.25,1
2770,250.41,25.48,49.63,Overload,Transformer,T-104,Critical,94.55,1
2771,279.81,26.59,49.88,Overload,Transformer,T-104,Critical,92.94,1
2772,265.92,27.84,50.4,Overload,Transformer,T-104,Critical,92.48,1
2773,252.52,32.93,50.45,Overload,Transformer,T-104,Critical,94.36,1
2774,232.0,26.65,49.97,Overload,Transformer,T-104,Critical,90.52,1
2775,265.01,36.53,50.23,Overload,Transformer,T-104,Critical,95.91,1
2776,243.63,37.5,50.27,Overload,Transformer,T-104,Critical,90.9,1
2777,266.71,22.08,50.29,Overload,Transformer,T-104,Critical,92.26,1
2778,244.61,33.12,50.14,Overload,Transformer,T-104,Critical,89.68,1
2779,231.52,28.67,50.07,Overload,Transformer,T-104,Critical,95.01,1
2780,276.41,30.58,50.25,Overload,Transformer,T-104,Critical,91.51,1
2781,267.3,24.1,49.87,Overload,Transformer,T-104,Critical,93.07,1
2782,230.91,34.45,50.34,Overload,Transformer,T-104,Critical,91.19,1
2783,252.4,37.03,50.28,Overload,Transformer,T-104,Critical,90.31,1
2784,246.2,33.58,50.06,Overload,Transformer,T-104,Critical,89.3,1
2785,245.5,38.0,50.19,Overload,Transformer,T-104,Critical,95.89,1
2786,268.35,38.84,49.72,Overload,Transformer,T-104,Critical,94.17,1
2787,231.01,33.42,49.97,Overload,Transformer,T-104,Critical,90.77,1
2788,273.12,37.09,49.52,Overload,Transformer,T-104,Critical,92.88,1
2789,248.39,28.31,50.33,Overload,Transformer,T-104,Critical,90.48,1
2790,277.15,23.59,50.16,Overload,Transformer,T-104,Critical,93.38,1
2791,242.61,26.5,50.33,Overload,Transformer,T-104,Critical,94.09,1
2792,246.45,30.68,49.56,Overload,Transformer,T-104,Critical,89.67,1
2793,254.29,21.72,50.34,Overload,Transformer,T-104,Critical,93.74,1
2794,277.18,33.87,50.44,Overload,Transformer,T-104,Critical,92.44,1
2795,260.01,39.54,50.14,Overload,Transformer,T-104,Critical,88.25,1
2796,266.19,38.11,50.3,Overload,Transformer,T-104,Critical,92.67,1
2797,263.57,39.8,49.59,Overload,Transformer,T-104,Critical,93.34,1
2798,244.17,32.8,50.11,Overload,Transformer,T-104,Critical,89.23,1
2799,240.34,32.43,49.63,Overload,Transformer,T-104,Critical,90.12,1
2800,271.76,26.54,49.99,Overload,Transformer,T-104,Critical,95.53,1
2801,241.36,27.79,50.11,Overload,Transformer,T-104,Critical,94.04,1
2802,275.08,38.31,50.28,Overload,Transformer,T-104,Critical,89.83,1
2803,231.24,27.68,49.64,Overload,Transformer,T-104,Critical,93.68,1
2804,263.06,20.88,50.34,Overload,Transformer,T-104,Critical,89.99,1
2805,251.61,33.36,49.93,Overload,Transformer,T-104,Critical,91.53,1
2806,233.28,28.03,50.26,Overload,Transformer,T-104,Critical,95.32,1
2807,250.67,28.47,50.2,Overload,Transformer,T-104,Critical,95.54,1
2808,243.35,28.8,50.3,Overload,Transformer,T-104,Critical,92.88,1
2809,235.53,32.55,49.69,Overload,Transformer,T-104,Critical,92.08,1
2810,256.46,37.52,49.96,Overload,Transformer,T-104,Critical,90.24,1
2811,241.55,37.49,49.67,Overload,Transformer,T-104,Critical,91.41,1
2812,239.36,35.47,49.97,Overload,Transformer,T-104,Critical,90.81,1
2813,248.05,37.04,50.05,Overload,Transformer,T-104,Critical,93.74,1
2814,274.85,38.03,49.83,Overload,Transformer,T-104,Critical,95.62,1
2815,231.24,27.54,50.4,Overload,Transformer,T-104,Critical,90.2,1
2816,243.65,26.05,50.11,Overload,Transformer,T-104,Critical,91.51,1
2817,266.34,37.9,50.17,Overload,Transformer,T-104,Critical,89.64,1
2818,276.63,25.29,49.65,Overload,Transformer,T-104,Critical,88.72,1
2819,258.17,22.28,49.64,Overload,Transformer,T-104,Critical,90.4,1
2820,244.08,32.08,50.32,Overload,Transformer,T-104,Critical,94.09,1
2821,243.12,24.91,50.47,Overload,Transformer,T-104,Critical,88.07,1
2822,273.99,23.99,50.45,Overload,Transformer,T-104,Critical,90.74,1
2823,252.02,34.14,50.09,Overload,Transformer,T-104,Critical,90.54,1
2824,257.69,34.61,49.54,Overload,Transformer,T-104,Critical,88.09,1
2825,252.9,22.64,50.16,Overload,Transformer,T-104,Critical,89.71,1
2826,251.64,23.95,50.05,Overload,Transformer,T-104,Critical,88.93,1
2827,231.16,21.02,50.45,Overload,Transformer,T-104,Critical,89.14,1
2828,265.42,21.36,49.61,Overload,Transformer,T-104,Critical,92.07,1
2829,253.24,39.03,50.44,Overload,Transformer,T-104,Critical,94.24,1
2830,260.11,29.1,49.86,Overload,Transformer,T-104,Critical,95.58,1
2831,260.15,31.58,49.73,Overload,Transformer,T-104,Critical,88.37,1
2832,277.26,26.27,49.94,Overload,Transformer,T-104,Critical,88.92,1
2833,271.85,20.55,50.33,Overload,Transformer,T-104,Critical,89.12,1
2834,274.33,34.6,49.66,Overload,Transformer,T-104,Critical,92.53,1
2835,245.63,23.56,50.36,Overload,Transformer,T-104,Critical,91.23,1
2836,249.93,23.4,49.88,Overload,Transformer,T-104,Critical,94.97,1
2837,248.16,39.03,50.45,Overload,Transformer,T-104,Critical,89.16,1
2838,238.87,37.25,49.89,Overload,Transformer,T-104,Critical,88.03,1
2839,243.69,31.95,50.3,Overload,Transformer,T-104,Critical,89.07,1
2840,235.53,38.44,50.25,Overload,Transformer,T-104,Critical,92.72,1
2841,268.46,28.58,50.26,Overload,Transformer,T-104,Critical,90.97,1
2842,242.2,34.58,49.92,Overload,Transformer,T-104,Critical,95.85,1
2843,247.47,38.43,50.43,Overload,Transformer,T-104,Critical,89.93,1
2844,269.91,28.66,50.42,Overload,Transformer,T-104,Critical,91.6,1
2845,267.22,29.34,49.73,Overload,Transformer,T-104,Critical,89.59,1
2846,251.27,35.11,50.11,Overload,Transformer,T-104,Critical,93.51,1
2847,244.12,29.63,49.54,Overload,Transformer,T-104,Critical,94.54,1
2848,279.49,28.14,49.51,Overload,Transformer,T-104,Critical,89.36,1
2849,262.63,32.24,50.29,Overload,Transformer,T-104,Critical,90.03,1
2850,268.18,33.76,49.82,Overload,Transformer,T-104,Critical,92.36,1
2851,237.36,29.05,50.38,Overload,Transformer,T-104,Critical,91.37,1
2852,271.98,31.81,49.69,Overload,Transformer,T-104,Critical,92.65,1
2853,255.3,27.97,49.62,Overload,Transformer,T-104,Critical,91.33,1
2854,233.64,21.98,49.92,Overload,Transformer,T-104,Critical,90.44,1
2855,276.28,27.51,50.26,Overload,Transformer,T-104,Critical,92.24,1
2856,265.2,25.2,50.44,Overload,Transformer,T-104,Critical,92.24,1
2857,271.57,27.3,49.6,Overload,Transformer,T-104,Critical,93.39,1
2858,230.39,29.51,49.69,Overload,Transformer,T-104,Critical,93.02,1
2859,278.97,29.29,50.32,Overload,Transformer,T-104,Critical,92.06,1
2860,254.79,38.61,50.39,Overload,Transformer,T-104,Critical,94.29,1
2861,244.81,30.9,49.72,Overload,Transformer,T-104,Critical,91.55,1
2862,254.21,36.63,50.4,Overload,Transformer,T-104,Critical,91.32,1
2863,230.89,37.24,49.67,Overload,Transformer,T-104,Critical,92.98,1
2864,231.25,27.99,50.49,Overload,Transformer,T-104,Critical,88.81,1
2865,251.18,26.14,50.41,Overload,Transformer,T-104,Critical,94.95,1
2866,241.88,21.62,50.13,Overload,Transformer,T-104,Critical,90.69,1
2867,263.6,20.64,49.63,Overload,Transformer,T-104,Critical,93.49,1
2868,240.62,37.15,49.56,Overload,Transformer,T-104,Critical,89.72,1
2869,279.93,28.66,50.2,Overload,Transformer,T-104,Critical,89.46,1
2870,260.49,34.52,49.81,Overload,Transformer,T-104,Critical,94.63,1
2871,260.17,27.78,50.06,Overload,Transformer,T-104,Critical,92.61,1
2872,238.28,28.05,49.84,Overload,Transformer,T-104,Critical,91.21,1
2873,268.06,29.65,50.44,Overload,Transformer,T-104,Critical,90.35,1
2874,250.79,35.74,50.05,Overload,Transformer,T-104,Critical,92.38,1
2875,232.67,27.97,49.77,Overload,Transformer,T-104,Critical,95.99,1
2876,245.42,37.69,50.18,Overload,Transformer,T-104,Critical,90.73,1
2877,257.18,36.81,50.38,Overload,Transformer,T-104,Critical,89.28,1
2878,246.98,26.7,49.54,Overload,Transformer,T-104,Critical,92.79,1
2879,272.74,27.63,50.24,Overload,Transformer,T-104,Critical,93.02,1
2880,248.78,22.82,50.21,Overload,Transformer,T-104,Critical,94.84,1
2881,264.29,20.36,49.72,Overload,Transformer,T-104,Critical,88.56,1
2882,258.52,35.13,49.61,Overload,Transformer,T-104,Critical,94.71,1
2883,257.78,33.8,50.47,Overload,Transformer,T-104,Critical,88.67,1
2884,275.06,22.52,49.89,Overload,Transformer,T-104,Critical,94.81,1
2885,275.31,30.13,50.09,Overload,Transformer,T-104,Critical,93.67,1
2886,271.64,22.43,50.31,Overload,Transformer,T-104,Critical,91.85,1
2887,252.53,28.48,50.01,Overload,Transformer,T-104,Critical,95.56,1
2888,257.41,39.06,49.68,Overload,Transformer,T-104,Critical,93.79,1
2889,270.61,33.58,50.11,Overload,Transformer,T-104,Critical,92.52,1
2890,273.05,36.43,49.62,Overload,Transformer,T-104,Critical,94.79,1
2891,250.7,25.07,50.37,Overload,Transformer,T-104,Critical,91.46,1
2892,270.42,25.27,49.5,Overload,Transformer,T-104,Critical,91.96,1
2893,235.01,35.09,49.78,Overload,Transformer,T-104,Critical,91.55,1
2894,234.35,25.73,50.28,Overload,Transformer,T-104,Critical,89.21,1
2895,262.36,38.35,50.18,Overload,Transformer,T-104,Critical,94.49,1
2896,235.45,25.01,50.39,Overload,Transformer,T-104,Critical,93.72,1
2897,261.98,33.28,49.91,Overload,Transformer,T-104,Critical,88.36,1
2898,269.22,33.57,49.97,Overload,Transformer,T-104,Critical,95.2,1
2899,246.81,25.89,50.37,Overload,Transformer,T-104,Critical,94.38,1
2900,255.75,22.61,49.72,Overload,Transformer,T-104,Critical,93.25,1
2901,249.25,36.73,50.45,Overload,Transformer,T-104,Critical,94.45,1
2902,248.88,35.77,49.85,Overload,Transformer,T-104,Critical,89.34,1
2903,231.67,27.71,50.4,Overload,Transformer,T-104,Critical,89.91,1
2904,240.33,39.4,49.53,Overload,Transformer,T-104,Critical,94.29,1
2905,246.07,20.75,50.42,Overload,Transformer,T-104,Critical,89.12,1
2906,257.59,25.48,49.57,Overload,Transformer,T-104,Critical,88.4,1
2907,235.78,21.43,50.26,Overload,Transformer,T-104,Critical,91.88,1
2908,247.14,28.37,50.43,Overload,Transformer,T-104,Critical,95.29,1
2909,265.78,37.69,49.82,Overload,Transformer,T-104,Critical,91.05,1
2910,260.69,32.47,49.98,Overload,Transformer,T-104,Critical,91.21,1
2911,279.31,36.42,49.93,Overload,Transformer,T-104,Critical,93.82,1
2912,243.48,22.0,49.85,Overload,Transformer,T-104,Critical,91.22,1
2913,230.83,36.3,49.86,Overload,Transformer,T-104,Critical,92.64,1
2914,233.7,23.5,50.39,Overload,Transformer,T-104,Critical,92.87,1
2915,277.51,39.98,49.87,Overload,Transformer,T-104,Critical,90.39,1
2916,272.92,39.97,50.13,Overload,Transformer,T-104,Critical,94.36,1
2917,269.09,27.11,50.07,Overload,Transformer,T-104,Critical,94.66,1
2918,264.41,20.42,49.84,Overload,Transformer,T-104,Critical,89.16,1
2919,241.65,38.11,49.54,Overload,Transformer,T-104,Critical,89.76,1
2920,245.48,32.34,50.03,Overload,Transformer,T-104,Critical,89.75,1
2921,238.21,24.74,50.0,Overload,Transformer,T-104,Critical,90.17,1
2922,277.38,29.28,49.56,Overload,Transformer,T-104,Critical,93.83,1
2923,246.44,33.07,49.78,Overload,Transformer,T-104,Critical,92.57,1
2924,268.61,38.56,49.76,Overload,Transformer,T-104,Critical,90.68,1
2925,253.21,38.54,50.4,Overload,Transformer,T-104,Critical,88.72,1
2926,236.6,29.91,49.61,Overload,Transformer,T-104,Critical,90.76,1
2927,237.42,32.72,50.45,Overload,Transformer,T-104,Critical,95.97,1
2928,248.76,31.98,50.36,Overload,Transformer,T-104,Critical,88.94,1
2929,264.48,28.18,49.71,Overload,Transformer,T-104,Critical,91.22,1
2930,233.8,33.91,49.75,Overload,Transformer,T-104,Critical,90.49,1
2931,236.05,37.29,49.99,Overload,Transformer,T-104,Critical,92.58,1
2932,258.47,28.21,49.69,Overload,Transformer,T-104,Critical,93.96,1
2933,236.35,22.08,50.21,Overload,Transformer,T-104,Critical,89.67,1
2934,245.34,29.5,49.95,Overload,Transformer,T-104,Critical,93.67,1
2935,261.17,32.89,50.21,Overload,Transformer,T-104,Critical,90.34,1
2936,246.12,28.76,49.81,Overload,Transformer,T-104,Critical,95.88,1
2937,270.7,23.29,49.51,Overload,Transformer,T-104,Critical,88.34,1
2938,242.2,22.29,50.03,Overload,Transformer,T-104,Critical,94.86,1
2939,266.84,24.31,49.9,Overload,Transformer,T-104,Critical,92.06,1
2940,270.51,36.78,50.41,Overload,Transformer,T-104,Critical,92.07,1
2941,264.71,22.24,50.07,Overload,Transformer,T-104,Critical,89.99,1
2942,251.59,32.68,49.76,Overload,Transformer,T-104,Critical,88.42,1
2943,230.51,20.44,49.51,Overload,Transformer,T-104,Critical,88.88,1
2944,241.97,24.42,50.49,Overload,Transformer,T-104,Critical,90.45,1
2945,236.37,30.91,50.36,Overload,Transformer,T-104,Critical,93.42,1
2946,244.8,31.23,50.21,Overload,Transformer,T-104,Critical,93.82,1
2947,263.33,37.42,50.37,Overload,Transformer,T-104,Critical,92.63,1
2948,251.49,32.83,50.32,Overload,Transformer,T-104,Critical,88.05,1
2949,279.6,23.66,49.97,Overload,Transformer,T-104,Critical,94.98,1
2950,241.25,29.54,49.63,Overload,Transformer,T-104,Critical,91.16,1
2951,238.86,27.27,49.87,Overload,Transformer,T-104,Critical,95.95,1
2952,279.74,22.3,50.23,Overload,Transformer,T-104,Critical,88.41,1
2953,231.51,22.11,50.47,Overload,Transformer,T-104,Critical,95.53,1
2954,239.7,23.23,49.74,Overload,Transformer,T-104,Critical,92.12,1
2955,258.49,24.43,50.26,Overload,Transformer,T-104,Critical,90.48,1
2956,276.11,33.13,49.94,Overload,Transformer,T-104,Critical,94.32,1
2957,270.9,25.81,49.84,Overload,Transformer,T-104,Critical,95.49,1
2958,238.24,20.84,49.95,Overload,Transformer,T-104,Critical,94.41,1
2959,268.58,38.39,50.03,Overload,Transformer,T-104,Critical,88.8,1
2960,259.43,35.57,49.59,Overload,Transformer,T-104,Critical,89.38,1
2961,230.61,31.87,50.39,Overload,Transformer,T-104,Critical,93.37,1
2962,279.1,21.26,50.4,Overload,Transformer,T-104,Critical,94.51,1
2963,245.71,39.47,49.79,Overload,Transformer,T-104,Critical,95.11,1
2964,274.04,35.15,50.06,Overload,Transformer,T-104,Critical,88.96,1
2965,256.6,27.14,50.29,Overload,Transformer,T-104,Critical,94.07,1
2966,275.53,20.3,50.31,Overload,Transformer,T-104,Critical,95.51,1
2967,269.47,22.6,49.58,Overload,Transformer,T-104,Critical,88.17,1
2968,261.44,32.59,50.49,Overload,Transformer,T-104,Critical,91.18,1
2969,246.6,32.49,50.33,Overload,Transformer,T-104,Critical,95.49,1
2970,270.16,28.53,50.13,Overload,Transformer,T-104,Critical,94.85,1
2971,254.53,24.33,49.67,Overload,Transformer,T-104,Critical,88.0,1
2972,265.91,22.22,49.74,Overload,Transformer,T-104,Critical,90.38,1
2973,258.02,27.96,50.17,Overload,Transformer,T-104,Critical,88.45,1
2974,236.2,29.98,49.84,Overload,Transformer,T-104,Critical,90.37,1
2975,233.35,37.91,50.19,Overload,Transformer,T-104,Critical,88.97,1
2976,233.25,39.5,50.18,Overload,Transformer,T-104,Critical,91.34,1
2977,265.09,35.13,50.28,Overload,Transformer,T-104,Critical,91.82,1
2978,251.49,20.22,50.43,Overload,Transformer,T-104,Critical,92.83,1
2979,240.16,38.39,50.41,Overload,Transformer,T-104,Critical,95.91,1
2980,273.7,39.96,49.74,Overload,Transformer,T-104,Critical,94.74,1
2981,271.15,24.62,49.6,Overload,Transformer,T-104,Critical,95.84,1
2982,244.8,37.42,49.5,Overload,Transformer,T-104,Critical,88.17,1
2983,253.29,24.77,50.19,Overload,Transformer,T-104,Critical,92.52,1
2984,233.87,23.25,49.89,Overload,Transformer,T-104,Critical,89.48,1
2985,269.61,28.32,49.59,Overload,Transformer,T-104,Critical,91.87,1
2986,234.54,22.58,49.74,Overload,Transformer,T-104,Critical,94.88,1
2987,276.23,36.53,49.83,Overload,Transformer,T-104,Critical,90.18,1
2988,257.46,34.44,50.49,Overload,Transformer,T-104,Critical,89.05,1
2989,232.46,33.89,50.33,Overload,Transformer,T-104,Critical,94.77,1
2990,263.92,39.08,50.01,Overload,Transformer,T-104,Critical,95.31,1
2991,278.39,36.94,49.81,Overload,Transformer,T-104,Critical,89.57,1
2992,257.41,29.06,50.38,Overload,Transformer,T-104,Critical,88.8,1
2993,242.89,35.04,49.59,Overload,Transformer,T-104,Critical,90.57,1
2994,249.36,32.45,49.66,Overload,Transformer,T-104,Critical,94.88,1
2995,252.38,38.34,49.97,Overload,Transformer,T-104,Critical,90.2,1
2996,237.09,20.07,50.03,Overload,Transformer,T-104,Critical,88.86,1
2997,249.59,31.79,49.78,Overload,Transformer,T-104,Critical,89.4,1
2998,268.74,38.94,49.6,Overload,Transformer,T-104,Critical,89.24,1
2999,278.0,20.76,50.48,Overload,Transformer,T-104,Critical,88.04,1
3000,273.68,26.15,50.44,Overload,Transformer,T-104,Critical,90.54,1
3001,262.72,21.6,49.74,Overload,Transformer,T-104,Critical,94.19,1
3002,256.43,38.56,49.93,Overload,Transformer,T-104,Critical,94.96,1
3003,252.45,39.58,50.46,Overload,Transformer,T-104,Critical,90.63,1
3004,274.3,36.95,49.71,Overload,Transformer,T-104,Critical,92.99,1
3005,233.63,36.73,49.67,Overload,Transformer,T-104,Critical,88.57,1
3006,250.01,31.54,50.35,Overload,Transformer,T-104,Critical,95.79,1
3007,251.97,21.21,50.25,Overload,Transformer,T-104,Critical,92.52,1
3008,252.39,26.19,50.0,Overload,Transformer,T-104,Critical,90.71,1
3009,267.85,30.88,50.38,Overload,Transformer,T-104,Critical,92.35,1
3010,241.91,37.02,50.06,Overload,Transformer,T-104,Critical,89.65,1
3011,261.18,27.15,50.34,Overload,Transformer,T-104,Critical,91.63,1
3012,266.32,21.91,49.9,Overload,Transformer,T-104,Critical,95.87,1
3013,270.42,23.2,49.78,Overload,Transformer,T-104,Critical,90.64,1
3014,262.52,35.14,50.25,Overload,Transformer,T-104,Critical,92.08,1
3015,270.54,28.74,49.62,Overload,Transformer,T-104,Critical,92.52,1
3016,277.62,35.86,50.08,Overload,Transformer,T-104,Critical,93.17,1
3017,276.53,28.57,49.83,Overload,Transformer,T-104,Critical,95.82,1
3018,273.17,26.46,49.96,Overload,Transformer,T-104,Critical,91.32,1
3019,237.45,39.16,49.9,Overload,Transformer,T-104,Critical,95.0,1
3020,239.47,30.96,49.52,Overload,Transformer,T-104,Critical,94.11,1
3021,259.05,32.51,49.55,Overload,Transformer,T-104,Critical,89.69,1
3022,233.72,25.78,50.13,Overload,Transformer,T-104,Critical,92.53,1
3023,260.61,30.99,49.77,Overload,Transformer,T-104,Critical,89.96,1
3024,236.85,36.98,50.12,Overload,Transformer,T-104,Critical,89.49,1
3025,238.86,37.46,50.24,Overload,Transformer,T-104,Critical,93.28,1
3026,250.34,25.24,50.48,Overload,Transformer,T-104,Critical,94.38,1
3027,245.09,36.95,50.26,Overload,Transformer,T-104,Critical,90.38,1
3028,251.33,23.72,49.61,Overload,Transformer,T-104,Critical,93.78,1
3029,243.38,36.4,50.5,Overload,Transformer,T-104,Critical,88.61,1
3030,253.65,36.04,50.29,Overload,Transformer,T-104,Critical,94.08,1
3031,247.45,29.08,50.09,Overload,Transformer,T-104,Critical,95.79,1
3032,246.38,38.46,49.77,Overload,Transformer,T-104,Critical,95.91,1
3033,263.51,29.27,50.11,Overload,Transformer,T-104,Critical,90.18,1
3034,243.71,22.27,49.61,Overload,Transformer,T-104,Critical,90.78,1
3035,268.14,32.16,49.6,Overload,Transformer,T-104,Critical,94.82,1
3036,260.07,39.22,50.17,Overload,Transformer,T-104,Critical,89.4,1
3037,253.69,32.97,49.53,Overload,Transformer,T-104,Critical,88.12,1
3038,236.47,25.03,49.93,Overload,Transformer,T-104,Critical,91.9,1
3039,236.9,33.47,50.1,Overload,Transformer,T-104,Critical,90.36,1
3040,230.68,21.55,49.89,Overload,Transformer,T-104,Critical,89.23,1
3041,248.84,32.56,50.05,Overload,Transformer,T-104,Critical,89.85,1
3042,247.19,32.28,50.36,Overload,Transformer,T-104,Critical,94.03,1
3043,257.67,27.25,49.87,Overload,Transformer,T-104,Critical,95.04,1
3044,231.96,39.76,50.16,Overload,Transformer,T-104,Critical,93.45,1
3045,231.9,32.11,49.98,Overload,Transformer,T-104,Critical,88.85,1
3046,243.9,37.81,50.05,Overload,Transformer,T-104,Critical,91.31,1
3047,233.63,34.28,50.2,Overload,Transformer,T-104,Critical,92.91,1
3048,255.51,28.68,50.09,Overload,Transformer,T-104,Critical,89.87,1
3049,277.06,31.78,49.81,Overload,Transformer,T-104,Critical,91.6,1
3050,270.28,23.23,49.79,Overload,Transformer,T-104,Critical,93.44,1
3051,245.77,35.85,49.63,Overload,Transformer,T-104,Critical,94.1,1
3052,233.42,20.25,50.4,Overload,Transformer,T-104,Critical,92.65,1
3053,247.59,24.65,50.12,Overload,Transformer,T-104,Critical,92.07,1
3054,279.58,39.66,50.14,Overload,Transformer,T-104,Critical,91.54,1
3055,254.56,33.65,49.6,Overload,Transformer,T-104,Critical,90.63,1
3056,233.76,21.47,49.7,Overload,Transformer,T-104,Critical,91.88,1
3057,269.24,29.71,49.84,Overload,Transformer,T-104,Critical,88.66,1
3058,257.51,25.43,50.11,Overload,Transformer,T-104,Critical,95.82,1
3059,235.57,24.24,49.97,Overload,Transformer,T-104,Critical,95.75,1
3060,268.59,37.96,49.83,Overload,Transformer,T-104,Critical,95.94,1
3061,235.14,21.06,50.36,Overload,Transformer,T-104,Critical,95.42,1
3062,234.53,22.27,49.53,Overload,Transformer,T-104,Critical,88.84,1
3063,240.47,39.4,50.17,Overload,Transformer,T-104,Critical,94.23,1
3064,268.81,30.7,50.3,Overload,Transformer,T-104,Critical,92.77,1
3065,245.73,31.22,50.03,Overload,Transformer,T-104,Critical,94.59,1
3066,279.09,28.22,50.26,Overload,Transformer,T-104,Critical,88.8,1
3067,268.84,27.43,49.54,Overload,Transformer,T-104,Critical,90.91,1
3068,260.53,22.39,50.42,Overload,Transformer,T-104,Critical,88.62,1
3069,276.5,34.14,49.83,Overload,Transformer,T-104,Critical,91.13,1
3070,267.04,32.03,50.17,Overload,Transformer,T-104,Critical,91.11,1
3071,254.39,39.8,49.71,Overload,Transformer,T-104,Critical,91.34,1
3072,244.59,35.3,50.26,Overload,Transformer,T-104,Critical,90.34,1
3073,234.07,20.23,49.93,Overload,Transformer,T-104,Critical,91.28,1
3074,279.42,29.4,49.76,Overload,Transformer,T-104,Critical,95.13,1
3075,254.55,31.98,49.6,Overload,Transformer,T-104,Critical,91.06,1
3076,277.21,31.79,49.84,Overload,Transformer,T-104,Critical,93.01,1
3077,275.52,25.48,50.01,Overload,Transformer,T-104,Critical,95.67,1
3078,238.62,34.39,50.11,Overload,Transformer,T-104,Critical,93.44,1
3079,247.56,26.28,50.18,Overload,Transformer,T-104,Critical,89.72,1
3080,250.98,23.76,49.51,Overload,Transformer,T-104,Critical,95.76,1
3081,251.59,39.39,49.64,Overload,Transformer,T-104,Critical,92.7,1
3082,240.05,35.8,50.28,Overload,Transformer,T-104,Critical,88.9,1
3083,275.6,23.89,50.11,Overload,Transformer,T-104,Critical,95.89,1
3084,274.12,39.13,49.84,Overload,Transformer,T-104,Critical,88.84,1
3085,239.42,30.01,50.29,Overload,Transformer,T-104,Critical,89.2,1
3086,262.99,26.47,49.84,Overload,Transformer,T-104,Critical,93.3,1
3087,253.35,36.24,49.66,Overload,Transformer,T-104,Critical,94.32,1
3088,233.21,23.88,50.16,Overload,Transformer,T-104,Critical,94.84,1
3089,242.63,26.54,50.04,Overload,Transformer,T-104,Critical,89.69,1
3090,270.56,35.47,49.65,Overload,Transformer,T-104,Critical,91.71,1
3091,268.74,26.75,50.13,Overload,Transformer,T-104,Critical,88.4,1
3092,260.43,23.05,50.33,Overload,Transformer,T-104,Critical,90.84,1
3093,244.08,36.82,49.55,Overload,Transformer,T-104,Critical,91.17,1
3094,248.5,25.7,50.41,Overload,Transformer,T-104,Critical,94.01,1
3095,233.2,34.29,50.03,Overload,Transformer,T-104,Critical,95.21,1
3096,245.65,31.48,50.0,Overload,Transformer,T-104,Critical,91.92,1
3097,252.81,24.11,50.26,Overload,Transformer,T-104,Critical,91.61,1
3098,277.93,25.22,50.18,Overload,Transformer,T-104,Critical,95.53,1
3099,263.17,37.43,50.33,Overload,Transformer,T-104,Critical,90.88,1
3100,260.01,23.13,50.04,Overload,Transformer,T-104,Critical,89.84,1
3101,267.19,30.56,49.91,Overload,Transformer,T-104,Critical,90.15,1
3102,279.93,21.43,49.54,Overload,Transformer,T-104,Critical,89.74,1
3103,278.55,39.58,50.15,Overload,Transformer,T-104,Critical,95.04,1
3104,240.7,39.44,49.64,Overload,Transformer,T-104,Critical,88.81,1
3105,235.61,31.46,50.28,Overload,Transformer,T-104,Critical,90.93,1
3106,278.89,28.69,49.65,Overload,Transformer,T-104,Critical,91.73,1
3107,263.95,36.64,49.96,Overload,Transformer,T-104,Critical,92.75,1
3108,243.37,32.92,50.49,Overload,Transformer,T-104,Critical,88.39,1
3109,274.33,31.25,49.75,Overload,Transformer,T-104,Critical,95.64,1
3110,254.17,26.63,49.68,Overload,Transformer,T-104,Critical,89.96,1
3111,271.64,32.29,50.41,Overload,Transformer,T-104,Critical,89.86,1
3112,236.06,20.12,50.01,Overload,Transformer,T-104,Critical,95.99,1
3113,264.75,26.17,50.38,Overload,Transformer,T-104,Critical,94.25,1
3114,230.77,36.34,49.8,Overload,Transformer,T-104,Critical,89.2,1
3115,241.32,29.37,49.92,Overload,Transformer,T-104,Critical,90.31,1
3116,238.61,35.24,50.49,Overload,Transformer,T-104,Critical,94.22,1
3117,244.8,24.9,49.72,Overload,Transformer,T-104,Critical,89.09,1
3118,257.57,32.11,50.21,Overload,Transformer,T-104,Critical,93.44,1
3119,244.62,26.61,50.18,Overload,Transformer,T-104,Critical,90.8,1
3120,240.63,27.49,49.77,Overload,Transformer,T-104,Critical,88.71,1
3121,271.51,37.06,49.72,Overload,Transformer,T-104,Critical,88.52,1
3122,266.94,24.23,49.89,Overload,Transformer,T-104,Critical,88.51,1
3123,241.31,35.86,50.3,Overload,Transformer,T-104,Critical,89.66,1
3124,246.8,22.68,49.57,Overload,Transformer,T-104,Critical,95.94,1
3125,262.78,30.84,50.27,Overload,Transformer,T-104,Critical,94.72,1
3126,270.34,20.33,49.69,Overload,Transformer,T-104,Critical,93.24,1
3127,248.79,39.65,50.17,Overload,Transformer,T-104,Critical,95.65,1
3128,240.07,37.28,49.82,Overload,Transformer,T-104,Critical,95.92,1
3129,237.88,30.33,50.29,Overload,Transformer,T-104,Critical,91.46,1
3130,253.4,39.73,49.93,Overload,Transformer,T-104,Critical,92.83,1
3131,232.73,36.84,50.15,Overload,Transformer,T-104,Critical,91.23,1
3132,230.81,31.83,49.51,Overload,Transformer,T-104,Critical,88.01,1
3133,260.8,23.78,49.69,Overload,Transformer,T-104,Critical,93.23,1
3134,232.68,26.27,49.65,Overload,Transformer,T-104,Critical,92.64,1
3135,263.09,34.42,49.76,Overload,Transformer,T-104,Critical,88.71,1
3136,233.93,28.52,50.45,Overload,Transformer,T-104,Critical,89.74,1
3137,242.84,22.02,50.11,Overload,Transformer,T-104,Critical,93.44,1
3138,262.15,37.22,49.99,Overload,Transformer,T-104,Critical,89.08,1
3139,244.47,33.25,50.11,Overload,Transformer,T-104,Critical,92.25,1
3140,264.15,32.75,50.38,Overload,Transformer,T-104,Critical,92.69,1
3141,268.93,24.97,50.18,Overload,Transformer,T-104,Critical,95.22,1
3142,249.29,35.58,50.22,Overload,Transformer,T-104,Critical,88.48,1
3143,259.08,22.6,50.47,Overload,Transformer,T-104,Critical,94.49,1
3144,235.49,22.44,50.09,Overload,Transformer,T-104,Critical,90.76,1
3145,231.75,30.83,49.89,Overload,Transformer,T-104,Critical,88.81,1
3146,270.1,38.3,50.26,Overload,Transformer,T-104,Critical,94.58,1
3147,240.82,25.27,49.71,Overload,Transformer,T-104,Critical,94.12,1
3148,277.4,34.34,50.38,Overload,Transformer,T-104,Critical,93.11,1
3149,249.38,28.52,49.58,Overload,Transformer,T-104,Critical,88.25,1
3150,264.77,28.77,50.05,Overload,Transformer,T-104,Critical,92.46,1
3151,243.87,29.52,49.97,Overload,Transformer,T-104,Critical,91.11,1
3152,271.03,29.02,50.1,Overload,Transformer,T-104,Critical,95.16,1
3153,273.31,37.81,49.77,Overload,Transformer,T-104,Critical,88.28,1
3154,243.05,25.57,50.41,Overload,Transformer,T-104,Critical,93.19,1
3155,234.09,22.71,49.66,Overload,Transformer,T-104,Critical,93.04,1
3156,266.77,37.19,50.44,Overload,Transformer,T-104,Critical,89.61,1
3157,245.49,24.81,49.86,Overload,Transformer,T-104,Critical,95.32,1
3158,258.76,34.76,49.99,Overload,Transformer,T-104,Critical,88.23,1
3159,233.21,30.76,50.22,Overload,Transformer,T-104,Critical,89.72,1
3160,266.1,36.21,49.91,Overload,Transformer,T-104,Critical,93.97,1
3161,250.2,33.57,50.26,Overload,Transformer,T-104,Critical,95.94,1
3162,247.27,28.22,49.67,Overload,Transformer,T-104,Critical,89.63,1
3163,264.67,38.34,49.89,Overload,Transformer,T-104,Critical,89.44,1
3164,244.25,29.1,49.79,Overload,Transformer,T-104,Critical,89.87,1
3165,266.8,20.16,50.04,Overload,Transformer,T-104,Critical,94.35,1
3166,243.31,32.07,50.17,Overload,Transformer,T-104,Critical,93.24,1
3167,252.29,26.93,50.34,Overload,Transformer,T-104,Critical,94.07,1
3168,246.06,22.06,49.57,Overload,Transformer,T-104,Critical,88.75,1
3169,259.14,21.03,49.84,Overload,Transformer,T-104,Critical,94.03,1
3170,244.72,35.27,50.25,Overload,Transformer,T-104,Critical,89.97,1
3171,266.44,34.96,49.9,Overload,Transformer,T-104,Critical,89.68,1
3172,256.06,38.43,50.14,Overload,Transformer,T-104,Critical,89.38,1
3173,264.14,28.54,50.09,Overload,Transformer,T-104,Critical,93.87,1
3174,255.75,36.28,50.22,Overload,Transformer,T-104,Critical,92.92,1
3175,237.54,36.72,50.44,Overload,Transformer,T-104,Critical,89.1,1
3176,254.41,25.18,50.25,Overload,Transformer,T-104,Critical,93.77,1
3177,237.04,37.54,49.68,Overload,Transformer,T-104,Critical,94.38,1
3178,252.85,26.57,49.66,Overload,Transformer,T-104,Critical,89.34,1
3179,263.09,31.01,49.62,Overload,Transformer,T-104,Critical,88.9,1
3180,233.62,34.88,50.21,Overload,Transformer,T-104,Critical,88.47,1
3181,258.01,21.69,50.4,Overload,Transformer,T-104,Critical,95.26,1
3182,264.91,38.52,50.31,Overload,Transformer,T-104,Critical,94.63,1
3183,258.49,26.12,49.72,Overload,Transformer,T-104,Critical,90.62,1
3184,261.42,23.45,49.76,Overload,Transformer,T-104,Critical,91.74,1
3185,241.65,31.77,50.42,Overload,Transformer,T-104,Critical,93.98,1
3186,263.32,31.65,49.99,Overload,Transformer,T-104,Critical,89.49,1
3187,274.74,24.97,49.59,Overload,Transformer,T-104,Critical,94.0,1
3188,238.78,27.44,49.53,Overload,Transformer,T-104,Critical,89.1,1
3189,238.66,21.09,50.16,Overload,Transformer,T-104,Critical,94.7,1
3190,248.67,37.49,49.71,Overload,Transformer,T-104,Critical,90.6,1
3191,237.54,32.41,49.92,Overload,Transformer,T-104,Critical,92.91,1
3192,268.08,30.91,50.13,Overload,Transformer,T-104,Critical,95.48,1
3193,244.95,27.18,50.22,Overload,Transformer,T-104,Critical,92.89,1
3194,238.93,27.52,49.97,Overload,Transformer,T-104,Critical,91.36,1
3195,238.91,38.49,50.26,Overload,Transformer,T-104,Critical,91.85,1
3196,264.0,37.95,49.64,Overload,Transformer,T-104,Critical,90.0,1
3197,257.14,35.98,49.54,Overload,Transformer,T-104,Critical,95.87,1
3198,252.75,27.18,49.79,Overload,Transformer,T-104,Critical,89.39,1
3199,269.58,39.11,49.91,Overload,Transformer,T-104,Critical,95.62,1
3200,271.19,29.62,50.17,Overload,Transformer,T-104,Critical,91.48,1
3201,257.94,21.16,50.2,Overload,Transformer,T-104,Critical,88.42,1
3202,270.85,36.5,49.74,Overload,Transformer,T-104,Critical,90.59,1
3203,254.07,31.93,49.79,Overload,Transformer,T-104,Critical,92.74,1
3204,244.89,21.11,49.5,Overload,Transformer,T-104,Critical,88.81,1
3205,269.61,39.23,49.93,Overload,Transformer,T-104,Critical,92.1,1
3206,237.34,31.02,49.64,Overload,Transformer,T-104,Critical,92.89,1
3207,276.66,23.91,50.26,Overload,Transformer,T-104,Critical,88.19,1
3208,248.77,22.21,49.85,Overload,Transformer,T-104,Critical,89.39,1
3209,248.67,28.35,49.8,Overload,Transformer,T-104,Critical,93.25,1
3210,275.94,28.01,49.69,Overload,Transformer,T-104,Critical,90.17,1
3211,272.7,31.43,49.96,Overload,Transformer,T-104,Critical,89.2,1
3212,252.49,25.57,50.44,Overload,Transformer,T-104,Critical,95.07,1
3213,234.2,30.33,49.73,Overload,Transformer,T-104,Critical,91.29,1
3214,273.84,30.55,49.83,Overload,Transformer,T-104,Critical,89.66,1
3215,270.02,32.49,49.97,Overload,Transformer,T-104,Critical,89.74,1
3216,246.71,39.2,50.02,Overload,Transformer,T-104,Critical,91.21,1
3217,256.07,35.58,49.84,Overload,Transformer,T-104,Critical,89.43,1
3218,259.25,33.3,50.21,Overload,Transformer,T-104,Critical,95.06,1
3219,248.56,21.51,50.46,Overload,Transformer,T-104,Critical,91.48,1
3220,261.16,33.33,50.05,Overload,Transformer,T-104,Critical,89.64,1
3221,267.76,36.08,50.05,Overload,Transformer,T-104,Critical,91.91,1
3222,235.7,21.68,49.84,Overload,Transformer,T-104,Critical,90.49,1
3223,277.68,35.67,50.16,Overload,Transformer,T-104,Critical,92.14,1
3224,238.37,39.57,49.88,Overload,Transformer,T-104,Critical,88.86,1
3225,254.69,37.48,50.39,Overload,Transformer,T-104,Critical,88.09,1
3226,274.31,25.43,49.54,Overload,Transformer,T-104,Critical,94.78,1
3227,273.19,31.92,50.07,Overload,Transformer,T-104,Critical,94.5,1
3228,269.32,37.8,50.05,Overload,Transformer,T-104,Critical,95.74,1
3229,279.81,22.33,50.35,Overload,Transformer,T-104,Critical,92.0,1
3230,249.38,32.26,49.56,Overload,Transformer,T-104,Critical,92.05,1
3231,273.54,24.27,49.93,Overload,Transformer,T-104,Critical,95.52,1
3232,251.43,27.17,49.94,Overload,Transformer,T-104,Critical,92.16,1
3233,261.6,36.01,49.95,Overload,Transformer,T-104,Critical,94.54,1
3234,256.69,26.77,50.16,Overload,Transformer,T-104,Critical,93.74,1
3235,257.9,21.13,49.67,Overload,Transformer,T-104,Critical,90.28,1
3236,244.13,33.47,49.52,Overload,Transformer,T-104,Critical,94.05,1
3237,243.27,26.2,50.03,Overload,Transformer,T-104,Critical,89.73,1
3238,274.22,21.71,49.94,Overload,Transformer,T-104,Critical,94.8,1
3239,260.79,25.85,49.92,Overload,Transformer,T-104,Critical,93.65,1
3240,278.66,37.86,49.84,Overload,Transformer,T-104,Critical,95.99,1
3241,230.18,20.55,50.32,Overload,Transformer,T-104,Critical,89.6,1
3242,233.04,24.74,49.93,Overload,Transformer,T-104,Critical,93.84,1
3243,261.22,24.75,50.0,Overload,Transformer,T-104,Critical,95.41,1
3244,270.75,26.46,50.48,Overload,Transformer,T-104,Critical,93.67,1
3245,233.12,20.7,49.67,Overload,Transformer,T-104,Critical,93.82,1
3246,239.19,30.23,49.59,Overload,Transformer,T-104,Critical,95.37,1
3247,247.2,38.16,50.44,Overload,Transformer,T-104,Critical,88.05,1
3248,253.21,20.49,50.41,Overload,Transformer,T-104,Critical,92.15,1
3249,233.75,22.21,49.88,Overload,Transformer,T-104,Critical,95.52,1
3250,264.65,37.35,49.87,Overload,Transformer,T-104,Critical,88.35,1
3251,278.72,20.34,50.45,Overload,Transformer,T-104,Critical,90.95,1
3252,230.5,33.78,50.48,Overload,Transformer,T-104,Critical,95.73,1
3253,238.05,23.62,50.07,Overload,Transformer,T-104,Critical,93.1,1
3254,266.97,23.62,50.46,Overload,Transformer,T-104,Critical,93.11,1
3255,272.35,30.8,49.91,Overload,Transformer,T-104,Critical,95.82,1
3256,259.11,37.34,50.45,Overload,Transformer,T-104,Critical,93.4,1
3257,257.45,20.07,49.54,Overload,Transformer,T-104,Critical,89.61,1
3258,239.3,25.1,49.8,Overload,Transformer,T-104,Critical,90.88,1
3259,251.03,21.98,49.54,Overload,Transformer,T-104,Critical,93.39,1
3260,256.87,28.88,50.13,Overload,Transformer,T-104,Critical,94.62,1
3261,251.38,32.82,50.45,Overload,Transformer,T-104,Critical,94.72,1
3262,251.3,32.89,49.68,Overload,Transformer,T-104,Critical,92.48,1
3263,279.07,30.37,50.43,Overload,Transformer,T-104,Critical,91.26,1
3264,279.94,31.58,49.54,Overload,Transformer,T-104,Critical,92.69,1
3265,243.73,20.65,50.32,Overload,Transformer,T-104,Critical,90.21,1
3266,269.83,25.76,49.69,Overload,Transformer,T-104,Critical,95.79,1
3267,248.08,32.03,50.11,Overload,Transformer,T-104,Critical,92.48,1
3268,275.73,33.49,49.9,Overload,Transformer,T-104,Critical,94.9,1
3269,239.05,30.88,50.45,Overload,Transformer,T-104,Critical,93.0,1
3270,270.85,33.07,50.34,Overload,Transformer,T-104,Critical,95.56,1
3271,243.65,23.39,49.98,Overload,Transformer,T-104,Critical,93.61,1
3272,241.36,20.08,49.84,Overload,Transformer,T-104,Critical,95.75,1
3273,264.75,28.03,49.69,Overload,Transformer,T-104,Critical,90.85,1
3274,238.49,22.13,50.41,Overload,Transformer,T-104,Critical,95.98,1
3275,238.21,21.09,49.83,Overload,Transformer,T-104,Critical,91.69,1
3276,240.24,26.03,49.7,Overload,Transformer,T-104,Critical,94.19,1
3277,265.63,32.7,49.89,Overload,Transformer,T-104,Critical,95.27,1
3278,278.48,23.47,49.72,Overload,Transformer,T-104,Critical,92.21,1
3279,234.56,28.73,50.08,Overload,Transformer,T-104,Critical,92.18,1
3280,246.55,30.85,50.46,Overload,Transformer,T-104,Critical,89.65,1
3281,262.74,20.87,49.57,Overload,Transformer,T-104,Critical,92.41,1
3282,235.25,20.45,49.67,Overload,Transformer,T-104,Critical,92.52,1
3283,265.17,24.05,50.17,Overload,Transformer,T-104,Critical,89.46,1
3284,260.67,28.24,50.15,Overload,Transformer,T-104,Critical,95.96,1
3285,276.89,20.09,50.39,Overload,Transformer,T-104,Critical,88.53,1
3286,277.65,25.64,49.88,Overload,Transformer,T-104,Critical,88.73,1
3287,235.61,34.53,50.44,Overload,Transformer,T-104,Critical,92.89,1
3288,265.79,35.24,49.76,Overload,Transformer,T-104,Critical,88.36,1
3289,230.09,27.01,49.74,Overload,Transformer,T-104,Critical,88.5,1
3290,238.98,22.49,50.41,Overload,Transformer,T-104,Critical,89.12,1
3291,256.88,31.86,50.04,Overload,Transformer,T-104,Critical,88.79,1
3292,245.94,21.03,49.9,Overload,Transformer,T-104,Critical,89.51,1
3293,258.08,33.86,50.03,Overload,Transformer,T-104,Critical,91.47,1
3294,249.37,36.83,49.72,Overload,Transformer,T-104,Critical,93.87,1
3295,267.87,28.38,49.8,Overload,Transformer,T-104,Critical,91.76,1
3296,234.66,20.92,49.61,Overload,Transformer,T-104,Critical,89.5,1
3297,255.21,36.98,49.74,Overload,Transformer,T-104,Critical,95.48,1
3298,277.75,39.18,50.34,Overload,Transformer,T-104,Critical,90.91,1
3299,233.63,31.38,50.06,Overload,Transformer,T-104,Critical,94.8,1
3300,279.8,30.16,49.85,Overload,Transformer,T-104,Critical,89.49,1
3301,230.24,30.18,50.06,Overload,Transformer,T-104,Critical,94.6,1
3302,255.23,38.33,50.13,Overload,Transformer,T-104,Critical,94.72,1
3303,237.42,37.11,50.18,Overload,Transformer,T-104,Critical,89.36,1
3304,239.49,38.53,49.53,Overload,Transformer,T-104,Critical,91.7,1
3305,245.67,33.3,50.34,Overload,Transformer,T-104,Critical,90.88,1
3306,251.35,39.64,50.28,Overload,Transformer,T-104,Critical,95.18,1
3307,251.94,24.68,49.91,Overload,Transformer,T-104,Critical,93.73,1
3308,235.47,25.41,49.55,Overload,Transformer,T-104,Critical,91.46,1
3309,271.37,20.49,50.18,Overload,Transformer,T-104,Critical,95.46,1
3310,241.85,33.87,50.48,Overload,Transformer,T-104,Critical,95.7,1
3311,241.75,22.01,49.65,Overload,Transformer,T-104,Critical,93.62,1
3312,266.29,33.48,49.84,Overload,Transformer,T-104,Critical,89.36,1
3313,259.04,29.67,50.23,Overload,Transformer,T-104,Critical,91.53,1
3314,246.93,25.87,49.71,Overload,Transformer,T-104,Critical,90.13,1
3315,234.74,26.94,49.54,Overload,Transformer,T-104,Critical,89.49,1
3316,267.34,26.51,50.17,Overload,Transformer,T-104,Critical,93.74,1
3317,259.06,39.17,49.52,Overload,Transformer,T-104,Critical,93.91,1
3318,277.94,37.25,49.67,Overload,Transformer,T-104,Critical,90.61,1
3319,238.62,32.03,50.21,Overload,Transformer,T-104,Critical,90.54,1
3320,256.98,33.82,49.92,Overload,Transformer,T-104,Critical,94.83,1
3321,268.58,21.29,50.12,Overload,Transformer,T-104,Critical,89.88,1
3322,257.88,39.14,50.38,Overload,Transformer,T-104,Critical,91.24,1
3323,244.58,24.69,50.03,Overload,Transformer,T-104,Critical,88.91,1
3324,257.46,20.03,49.82,Overload,Transformer,T-104,Critical,89.76,1
3325,278.56,34.54,49.85,Overload,Transformer,T-104,Critical,88.74,1
3326,255.84,24.27,50.04,Overload,Transformer,T-104,Critical,94.68,1
3327,260.79,32.68,50.04,Overload,Transformer,T-104,Critical,95.42,1
3328,276.6,30.25,49.81,Overload,Transformer,T-104,Critical,91.68,1
3329,239.33,32.73,50.0,Overload,Transformer,T-104,Critical,88.83,1
3330,239.88,29.59,50.39,Overload,Transformer,T-104,Critical,92.53,1
3331,264.08,26.78,50.07,Overload,Transformer,T-104,Critical,91.58,1
3332,262.96,21.01,49.99,Overload,Transformer,T-104,Critical,90.37,1
3333,246.31,39.22,49.68,Overload,Transformer,T-104,Critical,90.49,1
3334,255.49,37.26,49.92,Overload,Transformer,T-104,Critical,93.95,1
3335,272.82,26.2,49.89,Overload,Transformer,T-104,Critical,90.85,1
3336,271.64,20.89,49.81,Overload,Transformer,T-104,Critical,93.44,1
3337,258.27,28.73,50.04,Overload,Transformer,T-104,Critical,89.58,1
3338,251.54,30.03,50.4,Overload,Transformer,T-104,Critical,90.09,1
3339,273.39,32.88,49.52,Overload,Transformer,T-104,Critical,93.8,1
3340,231.78,39.95,50.37,Overload,Transformer,T-104,Critical,90.38,1
3341,242.87,27.63,49.86,Overload,Transformer,T-104,Critical,90.98,1
3342,245.91,32.42,49.66,Overload,Transformer,T-104,Critical,94.77,1
3343,270.62,29.53,50.35,Overload,Transformer,T-104,Critical,89.98,1
3344,230.88,32.38,49.96,Overload,Transformer,T-104,Critical,92.54,1
3345,274.97,39.4,50.13,Overload,Transformer,T-104,Critical,94.11,1
3346,234.19,23.21,50.23,Overload,Transformer,T-104,Critical,91.45,1
3347,252.3,26.17,50.11,Overload,Transformer,T-104,Critical,89.48,1
3348,261.35,23.48,49.56,Overload,Transformer,T-104,Critical,90.64,1
3349,241.56,37.78,49.55,Overload,Transformer,T-104,Critical,89.41,1
3350,257.44,29.62,49.55,Overload,Transformer,T-104,Critical,88.06,1
3351,279.4,33.18,49.87,Overload,Transformer,T-104,Critical,91.76,1
3352,243.33,26.9,50.15,Overload,Transformer,T-104,Critical,95.06,1
3353,239.21,36.81,49.62,Overload,Transformer,T-104,Critical,89.72,1
3354,231.86,22.82,50.42,Overload,Transformer,T-104,Critical,91.68,1
3355,233.88,39.19,50.38,Overload,Transformer,T-104,Critical,94.04,1
3356,276.67,24.4,50.34,Overload,Transformer,T-104,Critical,93.52,1
3357,273.49,35.94,49.85,Overload,Transformer,T-104,Critical,94.2,1
3358,243.12,26.57,49.61,Overload,Transformer,T-104,Critical,95.48,1
3359,244.55,30.41,49.89,Overload,Transformer,T-104,Critical,95.68,1
3360,246.75,35.57,50.36,Overload,Transformer,T-104,Critical,91.48,1
3361,248.91,34.95,50.41,Overload,Transformer,T-104,Critical,94.04,1
3362,241.36,37.77,49.89,Overload,Transformer,T-104,Critical,92.61,1
3363,271.57,23.77,50.28,Overload,Transformer,T-104,Critical,92.77,1
3364,274.67,23.44,49.92,Overload,Transformer,T-104,Critical,94.66,1
3365,230.96,22.24,50.49,Overload,Transformer,T-104,Critical,90.24,1
3366,278.78,23.65,49.86,Overload,Transformer,T-104,Critical,94.02,1
3367,262.89,31.62,50.03,Overload,Transformer,T-104,Critical,94.75,1
3368,241.75,28.85,49.66,Overload,Transformer,T-104,Critical,92.77,1
3369,242.53,26.68,49.97,Overload,Transformer,T-104,Critical,88.21,1
3370,234.6,33.72,49.93,Overload,Transformer,T-104,Critical,94.92,1
3371,264.73,20.16,50.12,Overload,Transformer,T-104,Critical,88.75,1
3372,269.05,39.83,50.03,Overload,Transformer,T-104,Critical,93.46,1
3373,241.87,28.75,50.36,Overload,Transformer,T-104,Critical,89.34,1
3374,243.28,28.91,50.21,Overload,Transformer,T-104,Critical,91.01,1
3375,276.39,21.89,49.87,Overload,Transformer,T-104,Critical,93.67,1
3376,241.3,33.13,49.66,Overload,Transformer,T-104,Critical,88.45,1
3377,236.05,38.6,50.05,Overload,Transformer,T-104,Critical,94.37,1
3378,246.63,31.85,49.99,Overload,Transformer,T-104,Critical,95.57,1
3379,267.38,34.61,49.55,Overload,Transformer,T-104,Critical,92.4,1
3380,253.35,38.56,49.76,Overload,Transformer,T-104,Critical,90.16,1
3381,250.57,24.87,49.63,Overload,Transformer,T-104,Critical,94.86,1
3382,257.91,37.23,50.33,Overload,Transformer,T-104,Critical,90.26,1
3383,257.39,21.66,50.42,Overload,Transformer,T-104,Critical,91.23,1
3384,249.68,26.06,49.96,Overload,Transformer,T-104,Critical,90.01,1
3385,248.74,36.0,50.33,Overload,Transformer,T-104,Critical,90.43,1
3386,253.45,37.48,49.55,Overload,Transformer,T-104,Critical,95.11,1
3387,240.96,33.57,50.08,Overload,Transformer,T-104,Critical,92.42,1
3388,272.97,22.03,49.85,Overload,Transformer,T-104,Critical,92.31,1
3389,270.56,24.33,50.3,Overload,Transformer,T-104,Critical,91.2,1
3390,239.45,35.18,49.59,Overload,Transformer,T-104,Critical,92.12,1
3391,233.19,27.13,50.1,Overload,Transformer,T-104,Critical,92.45,1
3392,250.23,28.58,49.73,Overload,Transformer,T-104,Critical,91.65,1
3393,277.66,37.01,49.65,Overload,Transformer,T-104,Critical,88.24,1
3394,276.68,30.53,50.04,Overload,Transformer,T-104,Critical,94.25,1
3395,245.73,29.64,50.47,Overload,Transformer,T-104,Critical,93.38,1
3396,237.69,22.66,49.7,Overload,Transformer,T-104,Critical,94.13,1
3397,244.77,20.43,50.44,Overload,Transformer,T-104,Critical,89.36,1
3398,230.48,24.74,49.74,Overload,Transformer,T-104,Critical,91.38,1
3399,276.02,37.58,49.96,Overload,Transformer,T-104,Critical,91.29,1
3400,257.75,24.87,49.55,Overload,Transformer,T-104,Critical,95.51,1
3401,239.33,23.97,49.97,Overload,Transformer,T-104,Critical,91.93,1
3402,230.92,22.96,49.88,Overload,Transformer,T-104,Critical,93.47,1
3403,241.42,28.46,50.06,Overload,Transformer,T-104,Critical,95.11,1
3404,246.3,22.67,49.99,Overload,Transformer,T-104,Critical,93.97,1
3405,235.49,28.49,49.52,Overload,Transformer,T-104,Critical,88.27,1
3406,254.15,25.96,50.35,Overload,Transformer,T-104,Critical,92.82,1
3407,252.7,28.16,50.0,Overload,Transformer,T-104,Critical,88.32,1
3408,274.64,39.97,49.68,Overload,Transformer,T-104,Critical,88.96,1
3409,237.18,33.22,50.16,Overload,Transformer,T-104,Critical,94.78,1
3410,267.59,28.99,50.11,Overload,Transformer,T-104,Critical,93.51,1
3411,255.64,29.51,50.15,Overload,Transformer,T-104,Critical,92.46,1
3412,262.2,32.26,50.22,Overload,Transformer,T-104,Critical,93.14,1
3413,255.99,33.64,49.95,Overload,Transformer,T-104,Critical,89.93,1
3414,230.07,31.2,50.09,Overload,Transformer,T-104,Critical,95.78,1
3415,248.07,27.88,49.7,Overload,Transformer,T-104,Critical,88.56,1
3416,268.64,24.99,50.11,Overload,Transformer,T-104,Critical,93.5,1
3417,253.56,37.53,49.94,Overload,Transformer,T-104,Critical,90.28,1
3418,274.8,37.23,49.66,Overload,Transformer,T-104,Critical,88.21,1
3419,234.5,25.73,50.47,Overload,Transformer,T-104,Critical,92.47,1
3420,248.66,37.77,49.95,Overload,Transformer,T-104,Critical,90.52,1
3421,277.06,36.99,50.34,Overload,Transformer,T-104,Critical,92.1,1
3422,269.47,23.59,50.07,Overload,Transformer,T-104,Critical,95.87,1
3423,244.55,35.89,49.99,Overload,Transformer,T-104,Critical,88.32,1
3424,268.15,23.37,50.13,Overload,Transformer,T-104,Critical,88.69,1
3425,277.34,25.83,49.73,Overload,Transformer,T-104,Critical,89.03,1
3426,277.3,34.24,50.24,Overload,Transformer,T-104,Critical,92.0,1
3427,253.74,22.2,50.06,Overload,Transformer,T-104,Critical,89.98,1
3428,278.86,35.93,49.91,Overload,Transformer,T-104,Critical,89.21,1
3429,269.27,22.44,49.69,Overload,Transformer,T-104,Critical,89.69,1
3430,257.84,35.74,49.81,Overload,Transformer,T-104,Critical,88.68,1
3431,253.23,34.96,49.72,Overload,Transformer,T-104,Critical,89.76,1
3432,277.36,39.08,50.49,Overload,Transformer,T-104,Critical,94.46,1
3433,239.41,24.24,49.84,Overload,Transformer,T-104,Critical,90.55,1
3434,277.83,35.78,50.22,Overload,Transformer,T-104,Critical,89.49,1
3435,275.48,36.56,49.66,Overload,Transformer,T-104,Critical,94.97,1
3436,243.61,21.62,50.16,Overload,Transformer,T-104,Critical,93.23,1
3437,234.75,26.38,50.49,Overload,Transformer,T-104,Critical,93.43,1
3438,266.5,24.26,49.58,Overload,Transformer,T-104,Critical,90.22,1
3439,242.44,24.69,49.69,Overload,Transformer,T-104,Critical,92.6,1
3440,246.41,36.41,49.68,Overload,Transformer,T-104,Critical,91.72,1
3441,230.68,29.63,49.56,Overload,Transformer,T-104,Critical,95.82,1
3442,269.53,29.8,49.59,Overload,Transformer,T-104,Critical,92.74,1
3443,267.94,23.81,50.07,Overload,Transformer,T-104,Critical,94.51,1
3444,268.41,36.06,50.38,Overload,Transformer,T-104,Critical,95.5,1
3445,250.28,31.38,50.29,Overload,Transformer,T-104,Critical,93.58,1
3446,279.78,20.27,49.86,Overload,Transformer,T-104,Critical,90.25,1
3447,243.12,24.45,50.21,Overload,Transformer,T-104,Critical,88.68,1
3448,267.08,33.87,49.75,Overload,Transformer,T-104,Critical,90.02,1
3449,261.44,35.24,50.38,Overload,Transformer,T-104,Critical,94.82,1
3450,278.24,31.63,50.41,Overload,Transformer,T-104,Critical,94.47,1
3451,274.73,20.23,50.47,Overload,Transformer,T-104,Critical,91.79,1
3452,269.91,22.54,49.9,Overload,Transformer,T-104,Critical,90.17,1
3453,244.58,22.47,50.31,Overload,Transformer,T-104,Critical,88.07,1
3454,245.63,23.49,50.09,Overload,Transformer,T-104,Critical,90.03,1
3455,242.95,29.77,50.15,Overload,Transformer,T-104,Critical,88.97,1
3456,238.78,24.94,50.47,Overload,Transformer,T-104,Critical,91.18,1
3457,259.95,24.83,49.99,Overload,Transformer,T-104,Critical,88.59,1
3458,231.74,29.37,49.9,Overload,Transformer,T-104,Critical,89.1,1
3459,264.38,39.86,49.9,Overload,Transformer,T-104,Critical,93.0,1
3460,278.15,36.63,49.96,Overload,Transformer,T-104,Critical,93.9,1
3461,236.41,30.24,49.78,Overload,Transformer,T-104,Critical,89.29,1
3462,251.31,22.62,50.2,Overload,Transformer,T-104,Critical,91.65,1
3463,256.56,22.93,49.64,Overload,Transformer,T-104,Critical,92.67,1
3464,279.25,21.93,49.79,Overload,Transformer,T-104,Critical,94.96,1
3465,233.61,37.52,50.02,Overload,Transformer,T-104,Critical,91.27,1
3466,245.48,25.94,49.81,Overload,Transformer,T-104,Critical,95.08,1
3467,266.19,33.39,50.3,Overload,Transformer,T-104,Critical,90.06,1
3468,260.9,29.2,50.28,Overload,Transformer,T-104,Critical,90.47,1
3469,262.16,37.64,49.9,Overload,Transformer,T-104,Critical,88.53,1
3470,255.8,26.92,50.17,Overload,Transformer,T-104,Critical,95.61,1
3471,254.28,29.32,50.15,Overload,Transformer,T-104,Critical,88.83,1
3472,242.68,38.38,50.17,Overload,Transformer,T-104,Critical,88.11,1
3473,240.23,33.66,50.26,Overload,Transformer,T-104,Critical,94.72,1
3474,244.61,38.62,50.05,Overload,Transformer,T-104,Critical,93.57,1
3475,259.84,22.45,50.46,Overload,Transformer,T-104,Critical,88.98,1
3476,242.74,36.27,50.12,Overload,Transformer,T-104,Critical,94.71,1
3477,255.79,27.54,50.42,Overload,Transformer,T-104,Critical,88.29,1
3478,272.81,24.62,50.35,Overload,Transformer,T-104,Critical,89.11,1
3479,259.01,37.76,49.97,Overload,Transformer,T-104,Critical,93.97,1
3480,270.23,34.73,50.43,Overload,Transformer,T-104,Critical,91.57,1
3481,238.66,20.96,49.75,Overload,Transformer,T-104,Critical,89.15,1
3482,257.9,23.7,49.54,Overload,Transformer,T-104,Critical,88.29,1
3483,271.58,31.83,49.86,Overload,Transformer,T-104,Critical,95.15,1
3484,233.51,39.61,50.12,Overload,Transformer,T-104,Critical,89.47,1
3485,263.95,35.27,49.93,Overload,Transformer,T-104,Critical,94.89,1
3486,237.54,25.58,49.59,Overload,Transformer,T-104,Critical,89.69,1
3487,241.94,38.35,49.58,Overload,Transformer,T-104,Critical,91.42,1
3488,256.62,37.97,50.5,Overload,Transformer,T-104,Critical,94.03,1
3489,278.54,35.74,50.46,Overload,Transformer,T-104,Critical,93.66,1
3490,233.99,28.04,50.15,Overload,Transformer,T-104,Critical,90.81,1
3491,243.67,31.55,50.43,Overload,Transformer,T-104,Critical,88.28,1
3492,268.46,34.45,50.46,Overload,Transformer,T-104,Critical,95.45,1
3493,268.11,30.41,49.7,Overload,Transformer,T-104,Critical,92.36,1
3494,268.27,37.91,50.29,Overload,Transformer,T-104,Critical,89.56,1
3495,259.98,26.64,49.51,Overload,Transformer,T-104,Critical,89.6,1
3496,235.66,36.85,49.76,Overload,Transformer,T-104,Critical,90.28,1
3497,278.0,27.58,49.51,Overload,Transformer,T-104,Critical,90.27,1
3498,235.96,22.06,49.58,Overload,Transformer,T-104,Critical,92.75,1
3499,239.47,27.22,50.36,Overload,Transformer,T-104,Critical,91.39,1
3500,275.78,29.96,49.9,Overload,Transformer,T-104,Critical,94.0,1
3501,233.66,21.79,50.15,Overload,Transformer,T-104,Critical,91.9,1
3502,269.52,38.33,49.89,Overload,Transformer,T-104,Critical,92.77,1
3503,255.03,39.63,50.33,Overload,Transformer,T-104,Critical,95.29,1
3504,242.72,35.45,49.77,Overload,Transformer,T-104,Critical,89.67,1
3505,277.21,20.39,50.47,Overload,Transformer,T-104,Critical,89.19,1
3506,270.97,25.52,49.85,Overload,Transformer,T-104,Critical,89.73,1
3507,259.28,26.96,50.16,Overload,Transformer,T-104,Critical,88.13,1
3508,233.22,21.99,49.92,Overload,Transformer,T-104,Critical,94.52,1
3509,274.41,24.9,50.07,Overload,Transformer,T-104,Critical,94.15,1
3510,244.44,28.18,50.02,Overload,Transformer,T-104,Critical,89.08,1
3511,231.3,23.06,50.13,Overload,Transformer,T-104,Critical,88.59,1
3512,239.48,26.76,49.58,Overload,Transformer,T-104,Critical,89.53,1
3513,275.56,20.39,50.15,Overload,Transformer,T-104,Critical,91.08,1
3514,263.63,31.77,49.72,Overload,Transformer,T-104,Critical,94.78,1
3515,254.6,36.45,49.91,Overload,Transformer,T-104,Critical,95.88,1
3516,268.52,39.32,50.01,Overload,Transformer,T-104,Critical,91.79,1
3517,267.77,37.61,50.46,Overload,Transformer,T-104,Critical,90.6,1
3518,269.94,24.21,50.05,Overload,Transformer,T-104,Critical,89.44,1
3519,247.37,38.63,49.65,Overload,Transformer,T-104,Critical,93.06,1
3520,259.65,22.41,49.83,Overload,Transformer,T-104,Critical,92.5,1
3521,239.36,36.01,50.47,Overload,Transformer,T-104,Critical,89.72,1
3522,239.35,29.1,50.25,Overload,Transformer,T-104,Critical,90.25,1
3523,230.99,30.82,50.46,Overload,Transformer,T-104,Critical,91.13,1
3524,251.01,39.38,50.19,Overload,Transformer,T-104,Critical,93.75,1
3525,258.14,39.49,50.19,Overload,Transformer,T-104,Critical,95.16,1
3526,264.97,34.7,49.79,Overload,Transformer,T-104,Critical,90.43,1
3527,269.15,25.93,50.06,Overload,Transformer,T-104,Critical,89.99,1
3528,270.85,22.21,50.33,Overload,Transformer,T-104,Critical,92.82,1
3529,239.35,30.84,49.78,Overload,Transformer,T-104,Critical,90.59,1
3530,247.58,21.27,50.49,Overload,Transformer,T-104,Critical,88.25,1
3531,263.12,27.42,50.15,Overload,Transformer,T-104,Critical,90.85,1
3532,263.69,34.58,50.19,Overload,Transformer,T-104,Critical,88.91,1
3533,262.84,25.6,49.53,Overload,Transformer,T-104,Critical,91.32,1
3534,251.68,29.34,50.2,Overload,Transformer,T-104,Critical,90.47,1
3535,245.76,21.21,50.19,Overload,Transformer,T-104,Critical,92.54,1
3536,247.47,34.1,50.04,Overload,Transformer,T-104,Critical,91.75,1
3537,255.57,32.73,50.16,Overload,Transformer,T-104,Critical,90.31,1
3538,237.04,23.13,50.14,Overload,Transformer,T-104,Critical,94.98,1
3539,250.47,23.39,50.26,Overload,Transformer,T-104,Critical,94.66,1
3540,274.03,32.14,50.36,Overload,Transformer,T-104,Critical,88.12,1
3541,235.36,21.85,50.21,Overload,Transformer,T-104,Critical,88.56,1
3542,254.82,29.45,49.81,Overload,Transformer,T-104,Critical,94.96,1
3543,238.52,27.05,50.27,Overload,Transformer,T-104,Critical,88.24,1
3544,263.65,36.33,50.43,Overload,Transformer,T-104,Critical,95.01,1
3545,245.97,31.73,49.58,Overload,Transformer,T-104,Critical,90.06,1
3546,234.71,26.3,50.38,Overload,Transformer,T-104,Critical,90.78,1
3547,258.09,28.67,49.96,Overload,Transformer,T-104,Critical,95.76,1
3548,244.81,32.55,49.92,Overload,Transformer,T-104,Critical,88.49,1
3549,254.47,36.27,49.6,Overload,Transformer,T-104,Critical,88.56,1
3550,237.68,35.29,50.22,Overload,Transformer,T-104,Critical,92.52,1
3551,253.41,37.77,50.27,Overload,Transformer,T-104,Critical,94.5,1
3552,270.66,32.85,49.96,Overload,Transformer,T-104,Critical,94.92,1
3553,276.3,20.48,49.55,Overload,Transformer,T-104,Critical,95.67,1
3554,243.86,37.47,49.89,Overload,Transformer,T-104,Critical,88.95,1
3555,234.02,23.13,49.75,Overload,Transformer,T-104,Critical,91.91,1
3556,265.07,39.73,49.94,Overload,Transformer,T-104,Critical,92.15,1
3557,256.09,30.79,50.02,Overload,Transformer,T-104,Critical,88.07,1
3558,230.09,21.95,49.6,Overload,Transformer,T-104,Critical,93.64,1
3559,240.25,37.89,50.43,Overload,Transformer,T-104,Critical,95.81,1
3560,276.95,25.44,50.01,Overload,Transformer,T-104,Critical,89.4,1
3561,270.31,37.77,50.35,Overload,Transformer,T-104,Critical,91.47,1
3562,267.93,21.95,49.54,Overload,Transformer,T-104,Critical,94.03,1
3563,251.27,39.91,49.6,Overload,Transformer,T-104,Critical,94.85,1
3564,254.0,36.54,50.32,Overload,Transformer,T-104,Critical,95.33,1
3565,244.89,39.0,49.65,Overload,Transformer,T-104,Critical,88.66,1
3566,251.58,36.57,49.97,Overload,Transformer,T-104,Critical,94.63,1
3567,266.48,24.19,50.45,Overload,Transformer,T-104,Critical,88.49,1
3568,274.91,26.09,50.0,Overload,Transformer,T-104,Critical,91.38,1
3569,238.59,27.16,49.69,Overload,Transformer,T-104,Critical,89.63,1
3570,239.35,29.78,50.3,Overload,Transformer,T-104,Critical,92.55,1
3571,274.66,32.73,50.19,Overload,Transformer,T-104,Critical,93.34,1
3572,252.47,33.79,49.57,Overload,Transformer,T-104,Critical,94.88,1
3573,268.89,24.9,50.27,Overload,Transformer,T-104,Critical,88.1,1
3574,240.86,21.3,50.28,Overload,Transformer,T-104,Critical,94.05,1
3575,270.68,20.09,50.0,Overload,Transformer,T-104,Critical,93.64,1
3576,237.77,33.0,49.58,Overload,Transformer,T-104,Critical,89.45,1
3577,253.79,33.07,49.65,Overload,Transformer,T-104,Critical,89.48,1
3578,240.22,24.77,49.73,Overload,Transformer,T-104,Critical,91.16,1
3579,262.69,28.76,50.28,Overload,Transformer,T-104,Critical,93.75,1
3580,236.33,20.98,50.38,Overload,Transformer,T-104,Critical,88.64,1
3581,237.42,20.44,50.13,Overload,Transformer,T-104,Critical,92.66,1
3582,279.35,37.74,49.91,Overload,Transformer,T-104,Critical,90.97,1
3583,244.84,23.05,49.64,Overload,Transformer,T-104,Critical,89.06,1
3584,235.71,24.81,49.81,Overload,Transformer,T-104,Critical,95.69,1
3585,258.92,39.75,49.87,Overload,Transformer,T-104,Critical,91.66,1
3586,246.23,23.66,49.64,Overload,Transformer,T-104,Critical,95.56,1
3587,279.34,20.9,49.65,Overload,Transformer,T-104,Critical,91.39,1
3588,239.32,27.28,49.63,Overload,Transformer,T-104,Critical,91.65,1
3589,243.58,27.04,49.59,Overload,Transformer,T-104,Critical,91.43,1
3590,279.16,26.58,50.38,Overload,Transformer,T-104,Critical,94.75,1
3591,277.6,35.8,50.16,Overload,Transformer,T-104,Critical,94.85,1
3592,233.78,29.26,50.49,Overload,Transformer,T-104,Critical,94.16,1
3593,278.1,35.59,50.37,Overload,Transformer,T-104,Critical,93.65,1
3594,268.03,30.46,50.42,Overload,Transformer,T-104,Critical,94.6,1
3595,272.19,33.46,49.8,Overload,Transformer,T-104,Critical,88.29,1
3596,276.78,31.72,49.8,Overload,Transformer,T-104,Critical,89.19,1
3597,271.48,36.73,50.31,Overload,Transformer,T-104,Critical,93.16,1
3598,248.3,26.08,49.51,Overload,Transformer,T-104,Critical,94.67,1
3599,234.37,32.62,50.0,Overload,Transformer,T-104,Critical,92.21,1
3600,276.34,20.63,50.27,Overload,Transformer,T-104,Critical,88.42,1
3601,231.91,28.6,49.56,Overload,Transformer,T-104,Critical,94.31,1
3602,256.48,20.58,49.54,Overload,Transformer,T-104,Critical,92.9,1
3603,270.31,28.76,50.05,Overload,Transformer,T-104,Critical,94.4,1
3604,260.53,24.5,50.11,Overload,Transformer,T-104,Critical,93.03,1
3605,266.71,32.42,50.47,Overload,Transformer,T-104,Critical,89.58,1
3606,277.55,30.77,50.17,Overload,Transformer,T-104,Critical,88.8,1
3607,249.03,35.39,50.21,Overload,Transformer,T-104,Critical,88.32,1
3608,257.33,21.77,50.5,Overload,Transformer,T-104,Critical,95.18,1
3609,231.05,37.17,50.42,Overload,Transformer,T-104,Critical,90.83,1
3610,265.98,28.84,50.16,Overload,Transformer,T-104,Critical,90.72,1
3611,246.13,28.49,49.65,Overload,Transformer,T-104,Critical,94.65,1
3612,247.43,28.0,50.39,Overload,Transformer,T-104,Critical,91.97,1
3613,257.21,39.13,50.39,Overload,Transformer,T-104,Critical,89.36,1
3614,253.66,39.43,49.87,Overload,Transformer,T-104,Critical,90.97,1
3615,239.75,22.29,50.24,Overload,Transformer,T-104,Critical,94.16,1
3616,278.45,35.47,49.74,Overload,Transformer,T-104,Critical,88.32,1
3617,279.27,26.81,49.81,Overload,Transformer,T-104,Critical,95.25,1
3618,259.25,24.3,50.39,Overload,Transformer,T-104,Critical,95.95,1
3619,234.33,37.25,49.89,Overload,Transformer,T-104,Critical,92.19,1
3620,275.74,39.47,49.76,Overload,Transformer,T-104,Critical,89.7,1
3621,234.03,31.24,49.51,Overload,Transformer,T-104,Critical,91.3,1
3622,233.67,28.1,49.54,Overload,Transformer,T-104,Critical,94.68,1
3623,240.49,26.57,50.37,Overload,Transformer,T-104,Critical,93.97,1
3624,240.95,21.44,50.22,Overload,Transformer,T-104,Critical,91.13,1
3625,268.3,28.91,49.85,Overload,Transformer,T-104,Critical,91.61,1
3626,267.43,38.04,49.55,Overload,Transformer,T-104,Critical,92.19,1
3627,231.64,29.37,50.39,Overload,Transformer,T-104,Critical,90.89,1
3628,276.62,32.61,50.43,Overload,Transformer,T-104,Critical,94.06,1
3629,235.17,24.62,49.89,Overload,Transformer,T-104,Critical,89.36,1
3630,254.75,29.43,50.46,Overload,Transformer,T-104,Critical,91.47,1
3631,269.28,38.84,50.38,Overload,Transformer,T-104,Critical,89.67,1
3632,254.8,26.95,49.9,Overload,Transformer,T-104,Critical,90.89,1
3633,271.32,29.04,50.02,Overload,Transformer,T-104,Critical,95.86,1
3634,233.0,29.76,50.27,Overload,Transformer,T-104,Critical,89.21,1
3635,260.58,24.79,50.37,Overload,Transformer,T-104,Critical,90.62,1
3636,246.45,31.96,49.68,Overload,Transformer,T-104,Critical,90.28,1
3637,250.83,27.07,50.02,Overload,Transformer,T-104,Critical,92.8,1
3638,258.33,33.08,49.81,Overload,Transformer,T-104,Critical,89.01,1
3639,268.04,37.02,49.76,Overload,Transformer,T-104,Critical,91.26,1
3640,254.93,30.67,50.16,Overload,Transformer,T-104,Critical,88.33,1
3641,266.07,21.24,49.97,Overload,Transformer,T-104,Critical,94.62,1
3642,252.56,22.98,50.49,Overload,Transformer,T-104,Critical,95.11,1
3643,268.57,28.23,49.68,Overload,Transformer,T-104,Critical,95.53,1
3644,256.62,37.05,49.84,Overload,Transformer,T-104,Critical,90.68,1
3645,279.28,30.44,49.64,Overload,Transformer,T-104,Critical,89.76,1
3646,254.1,20.85,49.96,Overload,Transformer,T-104,Critical,91.35,1
3647,268.97,27.1,50.48,Overload,Transformer,T-104,Critical,89.45,1
3648,259.55,21.79,50.23,Overload,Transformer,T-104,Critical,95.96,1
3649,270.96,31.11,49.98,Overload,Transformer,T-104,Critical,94.68,1
3650,276.8,39.78,49.9,Overload,Transformer,T-104,Critical,95.93,1
3651,237.8,25.07,49.59,Overload,Transformer,T-104,Critical,90.17,1
3652,268.4,37.06,50.28,Overload,Transformer,T-104,Critical,93.05,1
3653,255.7,34.17,49.89,Overload,Transformer,T-104,Critical,94.73,1
3654,263.86,33.96,50.04,Overload,Transformer,T-104,Critical,95.08,1
3655,242.6,27.62,50.28,Overload,Transformer,T-104,Critical,91.94,1
3656,274.46,26.93,49.87,Overload,Transformer,T-104,Critical,95.11,1
3657,253.22,30.32,49.83,Overload,Transformer,T-104,Critical,90.21,1
3658,262.8,22.4,50.38,Overload,Transformer,T-104,Critical,94.23,1
3659,239.54,33.88,50.1,Overload,Transformer,T-104,Critical,89.48,1
3660,243.66,28.18,50.2,Overload,Transformer,T-104,Critical,93.11,1
3661,256.61,35.37,50.26,Overload,Transformer,T-104,Critical,92.94,1
3662,269.35,26.69,50.38,Overload,Transformer,T-104,Critical,92.92,1
3663,271.12,30.93,49.72,Overload,Transformer,T-104,Critical,92.34,1
3664,248.56,33.95,49.98,Overload,Transformer,T-104,Critical,94.69,1
3665,263.9,33.69,49.72,Overload,Transformer,T-104,Critical,95.87,1
3666,272.08,35.78,49.83,Overload,Transformer,T-104,Critical,92.29,1
3667,236.86,30.77,49.65,Overload,Transformer,T-104,Critical,92.42,1
3668,262.44,27.8,50.0,Overload,Transformer,T-104,Critical,95.01,1
3669,235.43,35.83,49.67,Overload,Transformer,T-104,Critical,88.29,1
3670,239.28,35.3,49.91,Overload,Transformer,T-104,Critical,94.98,1
3671,256.24,20.45,50.22,Overload,Transformer,T-104,Critical,88.88,1
3672,269.47,23.36,49.85,Overload,Transformer,T-104,Critical,94.09,1
3673,277.71,27.43,50.33,Overload,Transformer,T-104,Critical,89.53,1
3674,270.36,33.15,49.69,Overload,Transformer,T-104,Critical,90.42,1
3675,236.59,27.66,49.7,Overload,Transformer,T-104,Critical,93.15,1
3676,279.73,20.24,50.04,Overload,Transformer,T-104,Critical,92.59,1
3677,275.71,30.12,50.04,Overload,Transformer,T-104,Critical,91.77,1
3678,243.45,21.12,49.91,Overload,Transformer,T-104,Critical,88.42,1
3679,257.52,26.15,50.03,Overload,Transformer,T-104,Critical,89.07,1
3680,276.63,37.89,49.69,Overload,Transformer,T-104,Critical,90.75,1
3681,260.67,21.91,49.85,Overload,Transformer,T-104,Critical,90.01,1
3682,275.78,37.05,50.08,Overload,Transformer,T-104,Critical,92.16,1
3683,276.54,38.65,50.47,Overload,Transformer,T-104,Critical,89.0,1
3684,238.03,33.53,50.04,Overload,Transformer,T-104,Critical,88.15,1
3685,233.1,37.76,50.37,Overload,Transformer,T-104,Critical,90.86,1
3686,274.55,31.87,50.31,Overload,Transformer,T-104,Critical,91.42,1
3687,235.67,28.67,49.96,Overload,Transformer,T-104,Critical,92.41,1
3688,235.28,39.83,49.74,Overload,Transformer,T-104,Critical,89.59,1
3689,256.34,30.74,49.94,Overload,Transformer,T-104,Critical,94.18,1
3690,255.83,32.19,50.22,Overload,Transformer,T-104,Critical,88.2,1
3691,258.53,37.68,49.52,Overload,Transformer,T-104,Critical,91.24,1
3692,276.31,27.06,49.96,Overload,Transformer,T-104,Critical,95.85,1
3693,239.97,21.31,50.36,Overload,Transformer,T-104,Critical,94.95,1
3694,253.6,30.28,50.34,Overload,Transformer,T-104,Critical,93.91,1
3695,243.26,20.34,49.98,Overload,Transformer,T-104,Critical,94.87,1
3696,274.79,39.12,50.38,Overload,Transformer,T-104,Critical,92.64,1
3697,252.23,35.5,50.24,Overload,Transformer,T-104,Critical,92.31,1
3698,234.37,38.52,49.96,Overload,Transformer,T-104,Critical,90.91,1
3699,261.48,33.48,49.71,Overload,Transformer,T-104,Critical,94.7,1
3700,244.5,23.73,49.91,Overload,Transformer,T-104,Critical,93.84,1
3701,278.27,36.19,50.44,Overload,Transformer,T-104,Critical,89.12,1
3702,233.56,31.15,49.79,Overload,Transformer,T-104,Critical,94.62,1
3703,263.6,39.41,49.75,Overload,Transformer,T-104,Critical,91.89,1
3704,255.06,24.78,50.09,Overload,Transformer,T-104,Critical,91.55,1
3705,252.34,27.25,49.52,Overload,Transformer,T-104,Critical,92.18,1
3706,246.76,20.03,49.81,Overload,Transformer,T-104,Critical,90.23,1
3707,249.67,22.64,50.01,Overload,Transformer,T-104,Critical,93.54,1
3708,261.51,36.08,49.95,Overload,Transformer,T-104,Critical,92.15,1
3709,270.52,28.55,50.2,Overload,Transformer,T-104,Critical,91.48,1
3710,250.89,35.2,49.67,Overload,Transformer,T-104,Critical,90.71,1
3711,241.21,27.18,49.73,Overload,Transformer,T-104,Critical,92.64,1
3712,269.91,35.73,49.86,Overload,Transformer,T-104,Critical,95.91,1
3713,259.69,27.99,50.34,Overload,Transformer,T-104,Critical,93.84,1
3714,267.46,23.92,49.97,Overload,Transformer,T-104,Critical,94.89,1
3715,255.2,33.67,50.09,Overload,Transformer,T-104,Critical,94.74,1
3716,244.23,31.51,49.62,Overload,Transformer,T-104,Critical,93.52,1
3717,266.6,20.86,50.18,Overload,Transformer,T-104,Critical,91.32,1
3718,236.2,28.4,49.69,Overload,Transformer,T-104,Critical,91.32,1
3719,249.22,34.77,50.27,Overload,Transformer,T-104,Critical,92.86,1
3720,231.13,38.62,50.19,Overload,Transformer,T-104,Critical,88.27,1
3721,270.94,24.01,50.08,Overload,Transformer,T-104,Critical,91.73,1
3722,250.99,37.79,49.94,Overload,Transformer,T-104,Critical,88.6,1
3723,277.33,38.41,50.18,Overload,Transformer,T-104,Critical,91.74,1
3724,234.64,35.81,49.58,Overload,Transformer,T-104,Critical,88.55,1
3725,256.87,23.2,49.51,Overload,Transformer,T-104,Critical,91.38,1
3726,236.86,23.21,49.58,Overload,Transformer,T-104,Critical,89.64,1
3727,265.77,36.18,49.95,Overload,Transformer,T-104,Critical,92.05,1
3728,231.63,21.39,49.76,Overload,Transformer,T-104,Critical,92.35,1
3729,266.98,32.1,49.89,Overload,Transformer,T-104,Critical,88.95,1
3730,269.04,27.28,50.24,Overload,Transformer,T-104,Critical,92.1,1
3731,266.93,38.15,50.42,Overload,Transformer,T-104,Critical,92.28,1
3732,255.58,25.31,50.44,Overload,Transformer,T-104,Critical,91.66,1
3733,236.38,28.65,49.63,Overload,Transformer,T-104,Critical,92.02,1
3734,258.06,26.76,49.57,Overload,Transformer,T-104,Critical,95.55,1
3735,268.67,36.78,49.87,Overload,Transformer,T-104,Critical,94.09,1
3736,254.27,24.02,49.62,Overload,Transformer,T-104,Critical,90.76,1
3737,236.88,39.97,49.55,Overload,Transformer,T-104,Critical,91.53,1
3738,252.6,26.01,50.07,Overload,Transformer,T-104,Critical,89.2,1
3739,269.2,26.65,50.09,Overload,Transformer,T-104,Critical,93.73,1
3740,274.45,36.72,50.11,Overload,Transformer,T-104,Critical,91.11,1
3741,255.16,35.37,50.38,Overload,Transformer,T-104,Critical,88.83,1
3742,249.24,35.52,49.93,Overload,Transformer,T-104,Critical,90.66,1
3743,250.57,32.06,50.5,Overload,Transformer,T-104,Critical,91.94,1
3744,240.42,23.26,49.54,Overload,Transformer,T-104,Critical,92.47,1
3745,257.23,24.1,50.2,Overload,Transformer,T-104,Critical,93.93,1
3746,242.95,26.88,50.49,Overload,Transformer,T-104,Critical,90.99,1
3747,268.04,29.05,50.29,Overload,Transformer,T-104,Critical,94.15,1
3748,263.39,37.1,50.44,Overload,Transformer,T-104,Critical,92.64,1
3749,241.87,27.97,50.26,Overload,Transformer,T-104,Critical,93.21,1
3750,238.89,21.02,50.18,Overload,Transformer,T-104,Critical,90.01,1
3751,254.98,34.93,50.06,Overload,Transformer,T-104,Critical,88.67,1
3752,239.28,24.39,49.76,Overload,Transformer,T-104,Critical,92.52,1
3753,255.2,24.06,49.57,Overload,Transformer,T-104,Critical,89.37,1
3754,279.22,29.37,50.37,Overload,Transformer,T-104,Critical,94.79,1
3755,255.58,34.13,49.69,Overload,Transformer,T-104,Critical,93.51,1
3756,243.62,36.64,49.58,Overload,Transformer,T-104,Critical,94.19,1
3757,235.0,37.62,49.8,Overload,Transformer,T-104,Critical,93.24,1
3758,254.38,27.33,50.15,Overload,Transformer,T-104,Critical,95.58,1
3759,232.06,38.38,50.11,Overload,Transformer,T-104,Critical,94.46,1
3760,249.19,29.44,50.37,Overload,Transformer,T-104,Critical,91.32,1
3761,256.73,20.4,49.66,Overload,Transformer,T-104,Critical,93.13,1
3762,265.85,31.65,49.64,Overload,Transformer,T-104,Critical,91.56,1
3763,247.75,29.91,50.37,Overload,Transformer,T-104,Critical,94.21,1
3764,234.2,37.81,49.97,Overload,Transformer,T-104,Critical,93.95,1
3765,237.0,33.41,49.74,Overload,Transformer,T-104,Critical,91.51,1
3766,230.84,23.03,49.59,Overload,Transformer,T-104,Critical,89.92,1
3767,235.0,33.84,49.53,Overload,Transformer,T-104,Critical,92.94,1
3768,237.04,38.9,50.43,Overload,Transformer,T-104,Critical,89.8,1
3769,260.72,20.56,50.43,Overload,Transformer,T-104,Critical,92.18,1
3770,232.16,26.85,49.58,Overload,Transformer,T-104,Critical,91.14,1
3771,263.5,29.4,49.88,Overload,Transformer,T-104,Critical,88.95,1
3772,242.25,22.0,50.31,Overload,Transformer,T-104,Critical,89.08,1
3773,259.77,26.85,49.73,Overload,Transformer,T-104,Critical,93.12,1
3774,252.85,28.0,50.09,Overload,Transformer,T-104,Critical,91.93,1
3775,245.17,31.18,50.17,Overload,Transformer,T-104,Critical,88.21,1
3776,253.29,21.15,49.69,Overload,Transformer,T-104,Critical,92.48,1
3777,273.31,37.66,49.57,Overload,Transformer,T-104,Critical,91.35,1
3778,259.15,22.94,50.27,Overload,Transformer,T-104,Critical,93.95,1
3779,275.17,20.17,49.72,Overload,Transformer,T-104,Critical,94.62,1
3780,263.53,37.89,49.56,Overload,Transformer,T-104,Critical,92.78,1
3781,258.45,20.71,50.01,Overload,Transformer,T-104,Critical,92.88,1
3782,239.56,25.47,50.14,Overload,Transformer,T-104,Critical,91.75,1
3783,272.9,26.85,49.77,Overload,Transformer,T-104,Critical,95.88,1
3784,275.56,20.58,50.27,Overload,Transformer,T-104,Critical,88.88,1
3785,231.37,25.47,49.77,Overload,Transformer,T-104,Critical,94.55,1
3786,265.53,39.63,50.21,Overload,Transformer,T-104,Critical,91.35,1
3787,264.95,39.99,50.21,Overload,Transformer,T-104,Critical,94.09,1
3788,276.92,22.27,50.2,Overload,Transformer,T-104,Critical,94.81,1
3789,277.72,24.22,50.0,Overload,Transformer,T-104,Critical,93.44,1
3790,242.37,32.01,49.76,Overload,Transformer,T-104,Critical,90.67,1
3791,252.08,30.58,49.95,Overload,Transformer,T-104,Critical,91.95,1
3792,244.93,23.18,49.55,Overload,Transformer,T-104,Critical,89.57,1
3793,259.1,35.72,49.67,Overload,Transformer,T-104,Critical,88.87,1
3794,267.46,26.1,50.45,Overload,Transformer,T-104,Critical,93.71,1
3795,246.34,25.79,50.02,Overload,Transformer,T-104,Critical,88.63,1
3796,235.88,23.52,50.27,Overload,Transformer,T-104,Critical,92.11,1
3797,230.53,33.47,49.92,Overload,Transformer,T-104,Critical,92.09,1
3798,240.71,31.04,50.48,Overload,Transformer,T-104,Critical,88.59,1
3799,244.2,24.86,49.75,Overload,Transformer,T-104,Critical,91.03,1
3800,270.91,38.26,49.7,Overload,Transformer,T-104,Critical,92.34,1
3801,261.84,30.44,49.93,Overload,Transformer,T-104,Critical,89.54,1
3802,254.41,28.02,50.3,Overload,Transformer,T-104,Critical,94.11,1
3803,236.7,21.77,50.41,Overload,Transformer,T-104,Critical,92.28,1
3804,272.89,21.16,50.03,Overload,Transformer,T-104,Critical,92.32,1
3805,273.04,21.95,49.74,Overload,Transformer,T-104,Critical,91.25,1
3806,273.29,38.78,50.49,Overload,Transformer,T-104,Critical,95.67,1
3807,230.3,20.95,49.65,Overload,Transformer,T-104,Critical,90.79,1
3808,271.5,37.85,49.69,Overload,Transformer,T-104,Critical,92.96,1
3809,275.87,29.27,49.6,Overload,Transformer,T-104,Critical,91.66,1
3810,248.79,31.55,49.94,Overload,Transformer,T-104,Critical,88.14,1
3811,279.7,30.87,49.97,Overload,Transformer,T-104,Critical,95.64,1
3812,237.79,23.78,50.31,Overload,Transformer,T-104,Critical,90.09,1
3813,269.96,25.43,49.53,Overload,Transformer,T-104,Critical,92.14,1
3814,239.83,35.16,50.14,Overload,Transformer,T-104,Critical,95.39,1
3815,269.15,23.62,50.3,Overload,Transformer,T-104,Critical,93.13,1
3816,263.45,36.65,50.07,Overload,Transformer,T-104,Critical,91.73,1
3817,261.83,25.96,49.68,Overload,Transformer,T-104,Critical,92.93,1
3818,241.69,21.6,49.5,Overload,Transformer,T-104,Critical,92.87,1
3819,248.11,35.05,49.88,Overload,Transformer,T-104,Critical,91.89,1
3820,250.35,33.01,49.86,Overload,Transformer,T-104,Critical,95.71,1
3821,276.81,36.96,50.42,Overload,Transformer,T-104,Critical,91.59,1
3822,256.82,34.84,50.2,Overload,Transformer,T-104,Critical,95.13,1
3823,265.82,39.96,49.85,Overload,Transformer,T-104,Critical,94.66,1
3824,264.88,33.83,49.83,Overload,Transformer,T-104,Critical,94.28,1
3825,275.02,24.37,50.13,Overload,Transformer,T-104,Critical,91.14,1
3826,279.48,29.58,49.73,Overload,Transformer,T-104,Critical,91.05,1
3827,262.69,21.52,50.1,Overload,Transformer,T-104,Critical,95.45,1
3828,272.52,21.35,50.49,Overload,Transformer,T-104,Critical,93.59,1
3829,238.11,20.25,49.67,Overload,Transformer,T-104,Critical,94.71,1
3830,231.08,24.66,50.26,Overload,Transformer,T-104,Critical,92.69,1
3831,269.14,34.92,49.55,Overload,Transformer,T-104,Critical,95.14,1
3832,241.35,31.07,50.14,Overload,Transformer,T-104,Critical,89.35,1
3833,278.81,29.76,49.56,Overload,Transformer,T-104,Critical,95.5,1
3834,259.31,33.98,50.03,Overload,Transformer,T-104,Critical,94.68,1
3835,231.66,25.37,49.97,Overload,Transformer,T-104,Critical,88.61,1
3836,265.3,27.87,49.77,Overload,Transformer,T-104,Critical,88.03,1
3837,265.99,36.68,49.9,Overload,Transformer,T-104,Critical,92.51,1
3838,241.38,32.44,49.51,Overload,Transformer,T-104,Critical,91.91,1
3839,262.21,38.36,49.88,Overload,Transformer,T-104,Critical,94.12,1
3840,259.88,38.54,49.9,Overload,Transformer,T-104,Critical,90.55,1
3841,274.36,20.98,49.64,Overload,Transformer,T-104,Critical,88.66,1
3842,272.16,20.21,50.36,Overload,Transformer,T-104,Critical,91.61,1
3843,230.2,28.03,49.69,Overload,Transformer,T-104,Critical,93.0,1
3844,263.97,29.75,49.54,Overload,Transformer,T-104,Critical,93.25,1
3845,272.1,34.41,50.33,Overload,Transformer,T-104,Critical,89.6,1
3846,274.44,26.44,49.51,Overload,Transformer,T-104,Critical,94.75,1
3847,277.09,33.11,49.73,Overload,Transformer,T-104,Critical,90.01,1
3848,253.33,37.96,49.65,Overload,Transformer,T-104,Critical,94.61,1
3849,244.57,36.17,50.42,Overload,Transformer,T-104,Critical,91.42,1
3850,248.25,36.04,50.03,Overload,Transformer,T-104,Critical,93.48,1
3851,261.14,23.06,50.34,Overload,Transformer,T-104,Critical,89.57,1
3852,276.61,25.01,50.23,Overload,Transformer,T-104,Critical,90.28,1
3853,245.89,26.2,50.25,Overload,Transformer,T-104,Critical,92.45,1
3854,274.15,26.15,50.19,Overload,Transformer,T-104,Critical,94.02,1
3855,237.57,28.01,49.98,Overload,Transformer,T-104,Critical,90.85,1
3856,246.11,33.73,49.72,Overload,Transformer,T-104,Critical,93.68,1
3857,276.75,31.3,50.11,Overload,Transformer,T-104,Critical,88.55,1
3858,273.22,25.71,50.12,Overload,Transformer,T-104,Critical,95.83,1
3859,259.78,34.49,49.95,Overload,Transformer,T-104,Critical,88.48,1
3860,269.88,20.7,50.2,Overload,Transformer,T-104,Critical,88.18,1
3861,273.12,23.15,50.01,Overload,Transformer,T-104,Critical,92.78,1
3862,252.88,26.82,49.97,Overload,Transformer,T-104,Critical,90.49,1
3863,251.91,27.18,50.07,Overload,Transformer,T-104,Critical,89.9,1
3864,279.43,30.02,49.69,Overload,Transformer,T-104,Critical,91.82,1
3865,273.32,20.44,50.18,Overload,Transformer,T-104,Critical,92.38,1
3866,238.48,36.35,49.87,Overload,Transformer,T-104,Critical,90.35,1
3867,271.41,32.77,50.4,Overload,Transformer,T-104,Critical,93.04,1
3868,267.04,36.73,49.55,Overload,Transformer,T-104,Critical,94.21,1
3869,260.69,21.39,50.01,Overload,Transformer,T-104,Critical,88.66,1
3870,266.8,30.93,50.45,Overload,Transformer,T-104,Critical,89.47,1
3871,260.3,24.23,50.11,Overload,Transformer,T-104,Critical,93.78,1
3872,266.12,36.3,50.35,Overload,Transformer,T-104,Critical,88.62,1
3873,247.16,33.74,50.0,Overload,Transformer,T-104,Critical,89.53,1
3874,257.64,28.15,49.89,Overload,Transformer,T-104,Critical,94.48,1
3875,250.38,20.53,49.56,Overload,Transformer,T-104,Critical,94.85,1
3876,278.03,33.77,49.86,Overload,Transformer,T-104,Critical,95.51,1
3877,263.14,36.89,50.27,Overload,Transformer,T-104,Critical,91.03,1
3878,253.94,23.72,49.79,Overload,Transformer,T-104,Critical,94.23,1
3879,274.7,34.49,49.97,Overload,Transformer,T-104,Critical,88.69,1
3880,232.85,27.49,49.96,Overload,Transformer,T-104,Critical,92.87,1
3881,230.32,39.79,49.86,Overload,Transformer,T-104,Critical,94.78,1
3882,256.75,22.61,50.3,Overload,Transformer,T-104,Critical,93.68,1
3883,256.37,30.29,49.59,Overload,Transformer,T-104,Critical,93.25,1
3884,275.56,21.86,49.76,Overload,Transformer,T-104,Critical,95.22,1
3885,244.22,33.08,50.03,Overload,Transformer,T-104,Critical,92.77,1
3886,250.79,26.0,49.55,Overload,Transformer,T-104,Critical,93.95,1
3887,267.3,33.41,50.14,Overload,Transformer,T-104,Critical,89.95,1
3888,231.12,36.17,49.99,Overload,Transformer,T-104,Critical,90.45,1
3889,235.1,21.25,49.85,Overload,Transformer,T-104,Critical,94.44,1
3890,275.94,37.94,50.42,Overload,Transformer,T-104,Critical,95.26,1
3891,256.36,24.39,50.3,Overload,Transformer,T-104,Critical,89.71,1
3892,243.36,24.67,50.01,Overload,Transformer,T-104,Critical,90.57,1
3893,237.71,29.06,50.37,Overload,Transformer,T-104,Critical,92.56,1
3894,273.92,23.92,49.67,Overload,Transformer,T-104,Critical,92.6,1
3895,253.17,33.2,50.29,Overload,Transformer,T-104,Critical,94.01,1
3896,277.11,27.97,49.71,Overload,Transformer,T-104,Critical,92.41,1
3897,235.54,25.78,49.71,Overload,Transformer,T-104,Critical,91.17,1
3898,235.56,20.64,50.16,Overload,Transformer,T-104,Critical,92.88,1
3899,265.42,33.21,49.61,Overload,Transformer,T-104,Critical,90.33,1
3900,236.48,36.86,50.25,Overload,Transformer,T-104,Critical,89.61,1
3901,247.07,39.33,50.09,Overload,Transformer,T-104,Critical,94.41,1
3902,243.23,24.2,50.28,Overload,Transformer,T-104,Critical,93.49,1
3903,264.05,31.05,50.06,Overload,Transformer,T-104,Critical,93.89,1
3904,243.5,27.06,50.37,Overload,Transformer,T-104,Critical,90.47,1
3905,257.32,34.05,50.5,Overload,Transformer,T-104,Critical,91.48,1
3906,251.4,36.85,50.31,Overload,Transformer,T-104,Critical,93.85,1
3907,253.16,26.48,50.11,Overload,Transformer,T-104,Critical,95.01,1
3908,274.19,22.17,49.93,Overload,Transformer,T-104,Critical,91.72,1
3909,278.88,33.56,49.91,Overload,Transformer,T-104,Critical,88.21,1
3910,258.27,21.92,50.33,Overload,Transformer,T-104,Critical,94.02,1
3911,253.03,28.58,50.4,Overload,Transformer,T-104,Critical,90.31,1
3912,242.45,38.78,50.31,Overload,Transformer,T-104,Critical,94.57,1
3913,239.76,22.87,49.53,Overload,Transformer,T-104,Critical,89.9,1
3914,268.71,24.8,50.23,Overload,Transformer,T-104,Critical,90.02,1
3915,249.76,39.66,49.74,Overload,Transformer,T-104,Critical,91.01,1
3916,245.05,22.19,49.99,Overload,Transformer,T-104,Critical,91.03,1
3917,264.74,36.35,50.04,Overload,Transformer,T-104,Critical,88.26,1
3918,260.95,21.11,50.12,Overload,Transformer,T-104,Critical,93.48,1
3919,239.89,36.39,50.41,Overload,Transformer,T-104,Critical,94.5,1
3920,245.26,31.73,50.41,Overload,Transformer,T-104,Critical,90.57,1
3921,271.0,20.19,49.5,Overload,Transformer,T-104,Critical,94.08,1
3922,268.07,35.78,50.43,Overload,Transformer,T-104,Critical,88.94,1
3923,241.6,38.07,49.68,Overload,Transformer,T-104,Critical,93.46,1
3924,256.52,21.66,49.79,Overload,Transformer,T-104,Critical,92.16,1
3925,272.62,34.15,50.12,Overload,Transformer,T-104,Critical,91.97,1
3926,244.93,22.38,49.91,Overload,Transformer,T-104,Critical,88.23,1
3927,240.55,28.65,49.92,Overload,Transformer,T-104,Critical,88.35,1
3928,259.45,30.99,49.58,Overload,Transformer,T-104,Critical,95.55,1
3929,234.97,37.1,49.5,Overload,Transformer,T-104,Critical,95.06,1
3930,230.99,35.16,49.86,Overload,Transformer,T-104,Critical,93.91,1
3931,250.09,21.42,50.27,Overload,Transformer,T-104,Critical,88.57,1
3932,276.11,21.02,49.98,Overload,Transformer,T-104,Critical,93.78,1
3933,249.66,24.34,50.26,Overload,Transformer,T-104,Critical,94.27,1
3934,276.13,27.52,50.01,Overload,Transformer,T-104,Critical,90.91,1
3935,242.85,35.02,49.84,Overload,Transformer,T-104,Critical,91.43,1
3936,250.18,34.25,50.42,Overload,Transformer,T-104,Critical,93.33,1
3937,253.58,35.58,50.14,Overload,Transformer,T-104,Critical,88.48,1
3938,234.78,20.76,49.96,Overload,Transformer,T-104,Critical,94.61,1
3939,245.65,27.68,50.41,Overload,Transformer,T-104,Critical,94.7,1
3940,263.25,25.34,49.62,Overload,Transformer,T-104,Critical,88.13,1
3941,235.35,25.85,50.05,Overload,Transformer,T-104,Critical,88.51,1
3942,236.81,23.62,50.13,Overload,Transformer,T-104,Critical,92.93,1
3943,257.54,25.01,49.87,Overload,Transformer,T-104,Critical,88.77,1
3944,241.32,37.95,50.48,Overload,Transformer,T-104,Critical,93.18,1
3945,275.84,32.85,49.53,Overload,Transformer,T-104,Critical,95.97,1
3946,234.95,33.65,49.75,Overload,Transformer,T-104,Critical,91.14,1
3947,262.3,28.73,49.75,Overload,Transformer,T-104,Critical,90.68,1
3948,247.08,39.19,50.3,Overload,Transformer,T-104,Critical,91.67,1
3949,239.99,36.22,49.66,Overload,Transformer,T-104,Critical,89.68,1
3950,248.3,37.61,49.63,Overload,Transformer,T-104,Critical,88.98,1
3951,254.7,25.53,50.07,Overload,Transformer,T-104,Critical,91.61,1
3952,251.75,22.24,49.64,Overload,Transformer,T-104,Critical,94.57,1
3953,274.29,24.69,49.61,Overload,Transformer,T-104,Critical,88.43,1
3954,260.41,34.31,49.87,Overload,Transformer,T-104,Critical,93.44,1
3955,265.65,38.71,49.56,Overload,Transformer,T-104,Critical,89.54,1
3956,233.43,37.36,50.29,Overload,Transformer,T-104,Critical,92.6,1
3957,234.18,25.47,49.8,Overload,Transformer,T-104,Critical,92.49,1
3958,242.9,21.46,50.23,Overload,Transformer,T-104,Critical,90.39,1
3959,252.62,22.55,50.3,Overload,Transformer,T-104,Critical,92.52,1
3960,275.08,29.91,50.44,Overload,Transformer,T-104,Critical,95.13,1
3961,258.82,38.68,49.82,Overload,Transformer,T-104,Critical,90.93,1
3962,232.27,31.78,50.22,Overload,Transformer,T-104,Critical,94.19,1
3963,237.49,28.88,49.68,Overload,Transformer,T-104,Critical,93.3,1
3964,237.9,38.08,49.73,Overload,Transformer,T-104,Critical,90.33,1
3965,272.55,29.17,49.52,Overload,Transformer,T-104,Critical,91.96,1
3966,234.23,39.71,50.09,Overload,Transformer,T-104,Critical,90.05,1
3967,258.19,21.54,50.3,Overload,Transformer,T-104,Critical,95.4,1
3968,273.72,26.84,49.83,Overload,Transformer,T-104,Critical,88.28,1
3969,262.57,30.7,49.96,Overload,Transformer,T-104,Critical,95.26,1
3970,238.39,20.19,49.57,Overload,Transformer,T-104,Critical,89.79,1
3971,231.66,30.06,49.81,Overload,Transformer,T-104,Critical,89.44,1
3972,267.5,24.09,50.19,Overload,Transformer,T-104,Critical,90.79,1
3973,255.59,38.68,49.54,Overload,Transformer,T-104,Critical,92.0,1
3974,272.72,31.76,49.78,Overload,Transformer,T-104,Critical,91.18,1
3975,264.01,37.82,49.54,Overload,Transformer,T-104,Critical,88.57,1
3976,246.25,24.66,49.76,Overload,Transformer,T-104,Critical,89.77,1
3977,239.79,22.61,50.43,Overload,Transformer,T-104,Critical,89.15,1
3978,240.22,24.93,50.43,Overload,Transformer,T-104,Critical,94.05,1
3979,269.48,22.1,50.34,Overload,Transformer,T-104,Critical,91.27,1
3980,243.14,31.52,50.32,Overload,Transformer,T-104,Critical,94.23,1
3981,274.5,38.56,49.74,Overload,Transformer,T-104,Critical,91.39,1
3982,230.73,37.59,49.65,Overload,Transformer,T-104,Critical,94.89,1
3983,246.47,27.36,49.54,Overload,Transformer,T-104,Critical,90.62,1
3984,274.42,20.51,49.91,Overload,Transformer,T-104,Critical,88.25,1
3985,248.55,23.45,49.75,Overload,Transformer,T-104,Critical,95.02,1
3986,251.8,25.48,50.09,Overload,Transformer,T-104,Critical,89.14,1
3987,242.97,30.92,49.74,Overload,Transformer,T-104,Critical,93.43,1
3988,254.57,35.44,50.45,Overload,Transformer,T-104,Critical,88.93,1
3989,246.73,26.39,49.65,Overload,Transformer,T-104,Critical,94.48,1
3990,267.99,29.69,50.04,Overload,Transformer,T-104,Critical,88.48,1
3991,257.78,35.83,50.07,Overload,Transformer,T-104,Critical,90.12,1
3992,263.38,27.23,50.04,Overload,Transformer,T-104,Critical,91.9,1
3993,249.06,34.38,50.38,Overload,Transformer,T-104,Critical,88.04,1
3994,276.68,30.23,50.2,Overload,Transformer,T-104,Critical,94.84,1
3995,253.36,36.7,49.68,Overload,Transformer,T-104,Critical,89.27,1
3996,262.87,37.4,50.39,Overload,Transformer,T-104,Critical,93.15,1
3997,256.27,26.63,50.48,Overload,Transformer,T-104,Critical,90.56,1
3998,267.21,30.64,50.11,Overload,Transformer,T-104,Critical,91.15,1
3999,278.24,31.43,50.44,Overload,Transformer,T-104,Critical,88.06,1
4000,258.63,34.34,50.25,Overload,Transformer,T-104,Critical,95.24,1
4001,230.22,20.01,49.97,Overload,Transformer,T-104,Critical,88.23,1
4002,278.73,24.44,49.97,Overload,Transformer,T-104,Critical,88.49,1
4003,256.1,27.6,49.54,Overload,Transformer,T-104,Critical,90.68,1
4004,249.57,39.8,49.71,Overload,Transformer,T-104,Critical,92.36,1
4005,279.37,35.84,50.49,Overload,Transformer,T-104,Critical,95.75,1
4006,254.48,33.93,49.61,Overload,Transformer,T-104,Critical,91.53,1
4007,270.45,30.11,50.2,Overload,Transformer,T-104,Critical,93.97,1
4008,242.67,37.51,49.96,Overload,Transformer,T-104,Critical,89.68,1
4009,273.27,28.36,50.25,Overload,Transformer,T-104,Critical,92.38,1
4010,249.09,36.2,50.08,Overload,Transformer,T-104,Critical,91.12,1
4011,235.48,37.91,49.54,Overload,Transformer,T-104,Critical,94.91,1
4012,248.0,32.79,50.42,Overload,Transformer,T-104,Critical,89.21,1
4013,258.35,35.29,50.26,Overload,Transformer,T-104,Critical,92.21,1
4014,261.24,35.15,50.34,Overload,Transformer,T-104,Critical,94.09,1
4015,247.7,39.93,49.93,Overload,Transformer,T-104,Critical,88.2,1
4016,248.13,22.56,49.62,Overload,Transformer,T-104,Critical,90.25,1
4017,232.67,33.77,49.57,Overload,Transformer,T-104,Critical,89.63,1
4018,234.64,21.26,49.77,Overload,Transformer,T-104,Critical,92.58,1
4019,278.23,37.51,50.38,Overload,Transformer,T-104,Critical,89.41,1
4020,243.25,21.53,50.28,Overload,Transformer,T-104,Critical,88.56,1
4021,257.83,24.96,49.74,Overload,Transformer,T-104,Critical,95.93,1
4022,267.84,36.74,50.07,Overload,Transformer,T-104,Critical,94.97,1
4023,262.27,38.92,49.78,Overload,Transformer,T-104,Critical,92.76,1
4024,264.51,27.86,50.38,Overload,Transformer,T-104,Critical,95.84,1
4025,254.69,27.81,49.97,Overload,Transformer,T-104,Critical,94.82,1
4026,262.27,20.9,50.04,Overload,Transformer,T-104,Critical,88.14,1
4027,268.93,26.57,49.97,Overload,Transformer,T-104,Critical,94.39,1
4028,232.32,23.17,49.9,Overload,Transformer,T-104,Critical,89.84,1
4029,246.9,39.96,50.33,Overload,Transformer,T-104,Critical,95.07,1
4030,276.85,26.82,49.8,Overload,Transformer,T-104,Critical,89.87,1
4031,271.51,33.59,49.74,Overload,Transformer,T-104,Critical,91.02,1
4032,255.34,30.56,50.39,Overload,Transformer,T-104,Critical,91.04,1
4033,275.43,28.83,50.25,Overload,Transformer,T-104,Critical,95.44,1
4034,275.38,21.14,49.71,Overload,Transformer,T-104,Critical,91.82,1
4035,251.58,32.82,50.44,Overload,Transformer,T-104,Critical,88.9,1
4036,252.59,23.85,50.39,Overload,Transformer,T-104,Critical,95.72,1
4037,253.94,22.08,50.29,Overload,Transformer,T-104,Critical,93.58,1
4038,247.73,37.75,50.48,Overload,Transformer,T-104,Critical,92.46,1
4039,258.29,25.95,50.08,Overload,Transformer,T-104,Critical,91.52,1
4040,245.11,21.34,49.75,Overload,Transformer,T-104,Critical,89.58,1
4041,257.1,32.03,50.11,Overload,Transformer,T-104,Critical,91.11,1
4042,251.06,36.68,49.98,Overload,Transformer,T-104,Critical,95.9,1
4043,251.98,32.99,49.55,Overload,Transformer,T-104,Critical,93.23,1
4044,272.57,38.85,50.5,Overload,Transformer,T-104,Critical,90.26,1
4045,258.77,29.01,50.06,Overload,Transformer,T-104,Critical,89.26,1
4046,272.81,38.19,49.95,Overload,Transformer,T-104,Critical,90.24,1
4047,237.04,33.68,49.81,Overload,Transformer,T-104,Critical,95.28,1
4048,263.55,32.91,50.06,Overload,Transformer,T-104,Critical,88.37,1
4049,276.6,32.56,50.49,Overload,Transformer,T-104,Critical,92.3,1
4050,265.51,21.12,50.13,Overload,Transformer,T-104,Critical,94.12,1
4051,268.93,35.4,49.73,Overload,Transformer,T-104,Critical,95.8,1
4052,279.76,21.51,50.44,Overload,Transformer,T-104,Critical,90.32,1
4053,264.46,26.76,50.47,Overload,Transformer,T-104,Critical,88.81,1
4054,254.89,28.56,49.83,Overload,Transformer,T-104,Critical,93.16,1
4055,236.55,34.33,50.48,Overload,Transformer,T-104,Critical,94.44,1
4056,273.0,27.19,49.82,Overload,Transformer,T-104,Critical,92.14,1
4057,232.29,38.91,49.64,Overload,Transformer,T-104,Critical,95.22,1
4058,234.18,36.45,49.65,Overload,Transformer,T-104,Critical,88.31,1
4059,265.97,25.61,50.21,Overload,Transformer,T-104,Critical,92.44,1
4060,235.44,38.64,49.95,Overload,Transformer,T-104,Critical,93.88,1
4061,255.05,32.09,49.8,Overload,Transformer,T-104,Critical,89.6,1
4062,257.13,28.8,49.89,Overload,Transformer,T-104,Critical,93.38,1
4063,264.53,20.92,49.84,Overload,Transformer,T-104,Critical,91.29,1
4064,234.84,24.72,49.55,Overload,Transformer,T-104,Critical,95.97,1
4065,266.83,21.75,49.52,Overload,Transformer,T-104,Critical,93.75,1
4066,251.96,35.74,50.42,Overload,Transformer,T-104,Critical,92.79,1
4067,239.36,35.64,50.46,Overload,Transformer,T-104,Critical,92.64,1
4068,264.1,26.75,49.88,Overload,Transformer,T-104,Critical,93.88,1
4069,276.39,32.58,50.29,Overload,Transformer,T-104,Critical,89.37,1
4070,240.6,30.64,49.68,Overload,Transformer,T-104,Critical,93.08,1
4071,244.58,35.83,50.31,Overload,Transformer,T-104,Critical,91.71,1
4072,239.04,32.94,50.49,Overload,Transformer,T-104,Critical,92.98,1
4073,231.79,20.35,49.82,Overload,Transformer,T-104,Critical,89.57,1
4074,270.65,36.9,49.76,Overload,Transformer,T-104,Critical,90.61,1
4075,241.81,38.17,50.0,Overload,Transformer,T-104,Critical,93.25,1
4076,250.77,32.62,49.89,Overload,Transformer,T-104,Critical,90.72,1
4077,261.72,31.82,49.79,Overload,Transformer,T-104,Critical,89.19,1
4078,248.43,28.3,50.13,Overload,Transformer,T-104,Critical,95.32,1
4079,231.81,24.87,49.69,Overload,Transformer,T-104,Critical,92.02,1
4080,251.49,34.58,49.74,Overload,Transformer,T-104,Critical,92.76,1
4081,274.19,38.21,50.46,Overload,Transformer,T-104,Critical,94.19,1
4082,275.3,24.69,49.7,Overload,Transformer,T-104,Critical,88.05,1
4083,265.34,38.75,49.69,Overload,Transformer,T-104,Critical,93.1,1
4084,267.32,38.55,50.15,Overload,Transformer,T-104,Critical,95.76,1
4085,247.23,27.0,50.04,Overload,Transformer,T-104,Critical,91.07,1
4086,230.07,34.64,50.25,Overload,Transformer,T-104,Critical,93.98,1
4087,247.25,30.45,49.86,Overload,Transformer,T-104,Critical,88.13,1
4088,258.12,22.48,49.58,Overload,Transformer,T-104,Critical,94.04,1
4089,230.48,39.18,50.02,Overload,Transformer,T-104,Critical,95.86,1
4090,232.9,31.67,49.85,Overload,Transformer,T-104,Critical,94.75,1
4091,248.06,25.21,50.36,Overload,Transformer,T-104,Critical,91.0,1
4092,230.84,27.81,50.15,Overload,Transformer,T-104,Critical,90.03,1
4093,251.6,21.13,50.09,Overload,Transformer,T-104,Critical,94.05,1
4094,250.67,28.4,49.59,Overload,Transformer,T-104,Critical,89.62,1
4095,237.73,29.63,50.03,Overload,Transformer,T-104,Critical,95.59,1
4096,233.66,32.0,50.03,Overload,Transformer,T-104,Critical,92.13,1
4097,273.66,24.11,49.54,Overload,Transformer,T-104,Critical,93.38,1
4098,247.26,20.35,49.75,Overload,Transformer,T-104,Critical,90.47,1
4099,260.84,23.45,49.91,Overload,Transformer,T-104,Critical,91.86,1
4100,252.96,39.48,49.55,Overload,Transformer,T-104,Critical,95.61,1
4101,259.1,35.91,49.93,Overload,Transformer,T-104,Critical,91.63,1
4102,273.97,37.92,49.74,Overload,Transformer,T-104,Critical,89.59,1
4103,254.81,38.01,49.82,Overload,Transformer,T-104,Critical,93.22,1
4104,265.41,35.57,50.06,Overload,Transformer,T-104,Critical,91.22,1
4105,278.35,32.23,50.23,Overload,Transformer,T-104,Critical,90.76,1
4106,263.5,25.16,49.75,Overload,Transformer,T-104,Critical,93.72,1
4107,256.07,33.67,49.77,Overload,Transformer,T-104,Critical,92.79,1
4108,252.2,31.94,49.79,Overload,Transformer,T-104,Critical,93.72,1
4109,270.3,25.2,49.8,Overload,Transformer,T-104,Critical,93.29,1
4110,264.78,34.08,50.18,Overload,Transformer,T-104,Critical,91.14,1
4111,249.74,25.1,49.66,Overload,Transformer,T-104,Critical,93.54,1
4112,234.66,38.76,50.33,Overload,Transformer,T-104,Critical,94.86,1
4113,275.33,28.17,50.35,Overload,Transformer,T-104,Critical,89.26,1
4114,231.08,35.7,49.57,Overload,Transformer,T-104,Critical,95.91,1
4115,263.74,35.07,49.75,Overload,Transformer,T-104,Critical,93.39,1
4116,232.16,36.76,49.67,Overload,Transformer,T-104,Critical,93.58,1
4117,241.22,21.37,49.98,Overload,Transformer,T-104,Critical,89.35,1
4118,266.47,24.75,49.84,Overload,Transformer,T-104,Critical,92.54,1
4119,244.25,27.56,50.32,Overload,Transformer,T-104,Critical,89.43,1
4120,234.11,26.57,49.92,Overload,Transformer,T-104,Critical,92.34,1
4121,248.62,35.8,49.54,Overload,Transformer,T-104,Critical,91.45,1
4122,249.11,32.95,50.47,Overload,Transformer,T-104,Critical,92.08,1
4123,279.34,26.04,49.53,Overload,Transformer,T-104,Critical,89.33,1
4124,249.76,26.33,49.6,Overload,Transformer,T-104,Critical,91.46,1
4125,246.91,22.45,49.8,Overload,Transformer,T-104,Critical,95.09,1
4126,245.1,34.28,50.11,Overload,Transformer,T-104,Critical,91.42,1
4127,241.95,27.38,50.09,Overload,Transformer,T-104,Critical,90.81,1
4128,240.74,22.33,50.38,Overload,Transformer,T-104,Critical,91.52,1
4129,261.26,29.81,50.37,Overload,Transformer,T-104,Critical,92.38,1
4130,254.04,38.49,50.22,Overload,Transformer,T-104,Critical,88.89,1
4131,238.89,35.74,50.34,Overload,Transformer,T-104,Critical,92.36,1
4132,257.72,32.64,49.94,Overload,Transformer,T-104,Critical,93.44,1
4133,235.42,39.23,50.25,Overload,Transformer,T-104,Critical,93.05,1
4134,245.82,23.22,49.91,Overload,Transformer,T-104,Critical,93.29,1
4135,261.69,27.65,50.11,Overload,Transformer,T-104,Critical,94.51,1
4136,231.31,29.01,50.26,Overload,Transformer,T-104,Critical,92.37,1
4137,262.57,30.33,50.49,Overload,Transformer,T-104,Critical,88.44,1
4138,254.55,21.83,49.66,Overload,Transformer,T-104,Critical,91.06,1
4139,237.78,39.27,50.45,Overload,Transformer,T-104,Critical,90.69,1
4140,261.99,30.68,50.32,Overload,Transformer,T-104,Critical,93.02,1
4141,230.01,35.26,50.25,Overload,Transformer,T-104,Critical,92.08,1
4142,275.15,38.17,50.02,Overload,Transformer,T-104,Critical,92.86,1
4143,279.83,25.98,49.82,Overload,Transformer,T-104,Critical,89.46,1
4144,274.79,34.89,49.61,Overload,Transformer,T-104,Critical,95.85,1
4145,266.55,37.01,49.55,Overload,Transformer,T-104,Critical,92.04,1
4146,264.93,30.86,50.17,Overload,Transformer,T-104,Critical,94.54,1
4147,248.72,36.97,49.66,Overload,Transformer,T-104,Critical,90.17,1
4148,232.17,27.29,49.88,Overload,Transformer,T-104,Critical,94.44,1
4149,262.66,28.73,50.15,Overload,Transformer,T-104,Critical,88.42,1
4150,239.01,32.54,50.14,Overload,Transformer,T-104,Critical,94.19,1
4151,250.15,34.45,50.18,Overload,Transformer,T-104,Critical,95.71,1
4152,240.76,31.03,50.1,Overload,Transformer,T-104,Critical,95.99,1
4153,240.06,30.46,49.85,Overload,Transformer,T-104,Critical,92.21,1
4154,241.61,20.95,50.07,Overload,Transformer,T-104,Critical,90.69,1
4155,239.1,26.48,49.55,Overload,Transformer,T-104,Critical,95.6,1
4156,259.06,36.3,49.92,Overload,Transformer,T-104,Critical,95.23,1
4157,254.17,31.48,49.99,Overload,Transformer,T-104,Critical,93.87,1
4158,258.33,25.43,49.65,Overload,Transformer,T-104,Critical,92.85,1
4159,254.46,21.92,49.9,Overload,Transformer,T-104,Critical,92.12,1
4160,271.34,21.52,49.85,Overload,Transformer,T-104,Critical,94.58,1
4161,262.42,25.8,50.35,Overload,Transformer,T-104,Critical,91.95,1
4162,254.92,39.53,50.45,Overload,Transformer,T-104,Critical,90.87,1
4163,237.03,26.51,49.53,Overload,Transformer,T-104,Critical,88.17,1
4164,249.78,38.82,50.37,Overload,Transformer,T-104,Critical,92.09,1
4165,258.26,20.12,49.72,Overload,Transformer,T-104,Critical,88.2,1
4166,267.73,22.91,50.37,Overload,Transformer,T-104,Critical,93.15,1
4167,241.47,23.15,50.13,Overload,Transformer,T-104,Critical,95.21,1
4168,265.92,26.97,50.09,Overload,Transformer,T-104,Critical,90.49,1
4169,279.96,34.98,50.11,Overload,Transformer,T-104,Critical,91.39,1
4170,260.91,26.83,49.53,Overload,Transformer,T-104,Critical,91.16,1
4171,276.52,32.53,49.58,Overload,Transformer,T-104,Critical,95.08,1
4172,243.44,24.88,49.8,Overload,Transformer,T-104,Critical,92.62,1
4173,257.23,29.83,50.22,Overload,Transformer,T-104,Critical,90.53,1
4174,269.1,23.51,50.28,Overload,Transformer,T-104,Critical,93.31,1
4175,264.16,29.63,50.17,Overload,Transformer,T-104,Critical,88.64,1
4176,272.58,21.11,49.65,Overload,Transformer,T-104,Critical,92.61,1
4177,266.97,21.53,50.42,Overload,Transformer,T-104,Critical,95.79,1
4178,260.3,29.62,50.24,Overload,Transformer,T-104,Critical,90.63,1
4179,254.66,38.32,50.46,Overload,Transformer,T-104,Critical,95.42,1
4180,243.12,24.65,49.8,Overload,Transformer,T-104,Critical,91.53,1
4181,245.71,27.48,50.12,Overload,Transformer,T-104,Critical,94.1,1
4182,266.78,36.29,49.53,Overload,Transformer,T-104,Critical,88.38,1
4183,269.47,30.66,50.08,Overload,Transformer,T-104,Critical,88.42,1
4184,242.77,32.77,50.36,Overload,Transformer,T-104,Critical,95.34,1
4185,255.02,30.91,50.33,Overload,Transformer,T-104,Critical,92.3,1
4186,255.84,38.1,50.29,Overload,Transformer,T-104,Critical,95.27,1
4187,240.91,30.49,50.34,Overload,Transformer,T-104,Critical,88.89,1
4188,269.73,23.66,50.31,Overload,Transformer,T-104,Critical,92.9,1
4189,239.66,29.47,50.18,Overload,Transformer,T-104,Critical,93.07,1
4190,251.36,37.99,50.02,Overload,Transformer,T-104,Critical,92.05,1
4191,233.11,38.44,49.68,Overload,Transformer,T-104,Critical,92.23,1
4192,270.18,24.31,50.03,Overload,Transformer,T-104,Critical,89.93,1
4193,267.98,31.29,50.36,Overload,Transformer,T-104,Critical,95.16,1
4194,262.44,34.51,50.05,Overload,Transformer,T-104,Critical,91.08,1
4195,262.41,38.17,49.92,Overload,Transformer,T-104,Critical,90.52,1
4196,249.42,28.71,49.57,Overload,Transformer,T-104,Critical,91.99,1
4197,254.72,31.77,49.86,Overload,Transformer,T-104,Critical,92.9,1
4198,273.91,39.11,50.08,Overload,Transformer,T-104,Critical,88.34,1
4199,278.46,34.12,49.84,Overload,Transformer,T-104,Critical,89.18,1
4200,237.17,23.35,49.55,Overload,Transformer,T-104,Critical,95.22,1
4201,257.04,34.0,50.33,Overload,Transformer,T-104,Critical,94.33,1
4202,274.13,39.35,49.94,Overload,Transformer,T-104,Critical,95.6,1
4203,266.16,21.41,50.18,Overload,Transformer,T-104,Critical,93.49,1
4204,275.29,27.46,50.08,Overload,Transformer,T-104,Critical,88.1,1
4205,246.6,21.24,50.02,Overload,Transformer,T-104,Critical,94.54,1
4206,240.32,30.55,49.7,Overload,Transformer,T-104,Critical,88.97,1
4207,255.55,21.58,50.09,Overload,Transformer,T-104,Critical,88.25,1
4208,235.34,31.0,50.09,Overload,Transformer,T-104,Critical,88.23,1
4209,258.67,36.77,50.22,Overload,Transformer,T-104,Critical,89.05,1
4210,259.62,33.45,49.54,Overload,Transformer,T-104,Critical,94.84,1
4211,275.31,37.01,50.32,Overload,Transformer,T-104,Critical,93.96,1
4212,261.67,33.57,50.31,Overload,Transformer,T-104,Critical,93.3,1
4213,246.39,27.52,50.4,Overload,Transformer,T-104,Critical,88.14,1
4214,264.94,39.1,50.21,Overload,Transformer,T-104,Critical,95.95,1
4215,264.38,20.69,50.33,Overload,Transformer,T-104,Critical,90.28,1
4216,252.3,26.24,49.77,Overload,Transformer,T-104,Critical,91.45,1
4217,248.94,32.67,50.31,Overload,Transformer,T-104,Critical,90.38,1
4218,240.69,33.34,50.17,Overload,Transformer,T-104,Critical,95.21,1
4219,230.8,37.06,50.02,Overload,Transformer,T-104,Critical,92.97,1
4220,234.57,28.65,49.73,Overload,Transformer,T-104,Critical,90.03,1
4221,255.2,36.25,50.24,Overload,Transformer,T-104,Critical,92.73,1
4222,256.97,28.55,50.47,Overload,Transformer,T-104,Critical,92.48,1
4223,242.7,24.6,50.11,Overload,Transformer,T-104,Critical,92.18,1
4224,230.38,36.6,50.2,Overload,Transformer,T-104,Critical,93.29,1
4225,233.44,27.24,50.44,Overload,Transformer,T-104,Critical,94.9,1
4226,244.28,23.14,49.95,Overload,Transformer,T-104,Critical,90.85,1
4227,264.11,39.33,49.86,Overload,Transformer,T-104,Critical,88.5,1
4228,274.88,20.76,50.45,Overload,Transformer,T-104,Critical,93.32,1
4229,277.08,23.99,49.54,Overload,Transformer,T-104,Critical,91.91,1
4230,252.53,26.63,50.46,Overload,Transformer,T-104,Critical,94.58,1
4231,263.08,23.26,50.23,Overload,Transformer,T-104,Critical,93.82,1
4232,251.25,38.5,49.67,Overload,Transformer,T-104,Critical,90.14,1
4233,233.16,35.91,50.12,Overload,Transformer,T-104,Critical,90.52,1
4234,238.19,20.8,49.67,Overload,Transformer,T-104,Critical,91.63,1
4235,242.36,25.18,50.38,Overload,Transformer,T-104,Critical,92.12,1
4236,266.46,20.71,49.87,Overload,Transformer,T-104,Critical,91.83,1
4237,239.32,22.4,50.37,Overload,Transformer,T-104,Critical,95.52,1
4238,233.94,26.98,50.46,Overload,Transformer,T-104,Critical,88.67,1
4239,262.18,39.44,50.48,Overload,Transformer,T-104,Critical,91.77,1
4240,238.14,24.04,50.39,Overload,Transformer,T-104,Critical,95.29,1
4241,260.39,35.32,50.24,Overload,Transformer,T-104,Critical,93.29,1
4242,271.36,33.71,50.03,Overload,Transformer,T-104,Critical,89.9,1
4243,267.19,29.47,49.79,Overload,Transformer,T-104,Critical,94.42,1
4244,264.84,38.75,49.67,Overload,Transformer,T-104,Critical,93.19,1
4245,242.21,38.07,49.6,Overload,Transformer,T-104,Critical,93.25,1
4246,269.55,27.1,50.45,Overload,Transformer,T-104,Critical,94.81,1
4247,244.73,20.15,49.8,Overload,Transformer,T-104,Critical,90.25,1
4248,274.5,39.34,49.57,Overload,Transformer,T-104,Critical,91.77,1
4249,257.42,21.86,49.88,Overload,Transformer,T-104,Critical,90.54,1
4250,256.8,33.22,50.2,Overload,Transformer,T-104,Critical,89.09,1
4251,270.65,33.57,50.39,Overload,Transformer,T-104,Critical,91.59,1
4252,274.69,37.32,49.94,Overload,Transformer,T-104,Critical,91.05,1
4253,276.64,34.3,50.43,Overload,Transformer,T-104,Critical,94.38,1
4254,260.46,22.32,49.79,Overload,Transformer,T-104,Critical,95.75,1
4255,245.97,21.87,50.21,Overload,Transformer,T-104,Critical,93.87,1
4256,244.27,25.95,49.97,Overload,Transformer,T-104,Critical,88.17,1
4257,269.47,26.34,50.35,Overload,Transformer,T-104,Critical,94.42,1
4258,263.07,26.5,50.02,Overload,Transformer,T-104,Critical,91.56,1
4259,246.94,36.96,49.98,Overload,Transformer,T-104,Critical,94.66,1
4260,235.26,22.82,50.48,Overload,Transformer,T-104,Critical,92.7,1
4261,255.49,30.46,49.72,Overload,Transformer,T-104,Critical,93.75,1
4262,234.24,31.47,50.07,Overload,Transformer,T-104,Critical,95.31,1
4263,256.31,22.74,50.07,Overload,Transformer,T-104,Critical,88.73,1
4264,240.19,20.62,50.01,Overload,Transformer,T-104,Critical,88.68,1
4265,253.47,38.66,50.22,Overload,Transformer,T-104,Critical,88.62,1
4266,241.21,33.47,50.39,Overload,Transformer,T-104,Critical,88.26,1
4267,270.62,31.24,50.05,Overload,Transformer,T-104,Critical,95.66,1
4268,267.38,37.0,49.85,Overload,Transformer,T-104,Critical,92.43,1
4269,260.77,26.43,50.07,Overload,Transformer,T-104,Critical,89.89,1
4270,237.17,27.48,50.24,Overload,Transformer,T-104,Critical,95.33,1
4271,252.89,32.86,49.6,Overload,Transformer,T-104,Critical,95.24,1
4272,258.43,35.61,50.29,Overload,Transformer,T-104,Critical,90.05,1
4273,256.46,39.21,49.59,Overload,Transformer,T-104,Critical,93.46,1
4274,278.11,26.01,50.36,Overload,Transformer,T-104,Critical,95.47,1
4275,267.35,24.63,49.83,Overload,Transformer,T-104,Critical,88.29,1
4276,271.57,36.99,50.13,Overload,Transformer,T-104,Critical,90.82,1
4277,233.84,35.06,50.23,Overload,Transformer,T-104,Critical,95.3,1
4278,266.53,36.57,50.25,Overload,Transformer,T-104,Critical,93.05,1
4279,251.35,38.04,50.15,Overload,Transformer,T-104,Critical,91.19,1
4280,234.17,25.81,50.04,Overload,Transformer,T-104,Critical,90.21,1
4281,241.06,30.55,49.67,Overload,Transformer,T-104,Critical,94.4,1
4282,254.22,31.48,49.65,Overload,Transformer,T-104,Critical,90.6,1
4283,250.5,36.16,50.27,Overload,Transformer,T-104,Critical,89.78,1
4284,260.81,24.87,50.49,Overload,Transformer,T-104,Critical,95.62,1
4285,258.16,33.98,50.3,Overload,Transformer,T-104,Critical,93.77,1
4286,264.99,39.17,50.1,Overload,Transformer,T-104,Critical,93.09,1
4287,272.46,33.4,50.23,Overload,Transformer,T-104,Critical,89.87,1
4288,248.56,22.95,50.01,Overload,Transformer,T-104,Critical,91.65,1
4289,279.86,32.22,50.29,Overload,Transformer,T-104,Critical,90.67,1
4290,271.58,32.3,50.2,Overload,Transformer,T-104,Critical,90.36,1
4291,257.43,32.68,50.09,Overload,Transformer,T-104,Critical,95.32,1
4292,274.91,39.42,50.17,Overload,Transformer,T-104,Critical,95.78,1
4293,271.62,25.42,49.93,Overload,Transformer,T-104,Critical,89.91,1
4294,230.21,23.76,49.5,Overload,Transformer,T-104,Critical,93.76,1
4295,251.28,26.25,50.26,Overload,Transformer,T-104,Critical,94.66,1
4296,278.76,32.84,49.96,Overload,Transformer,T-104,Critical,90.44,1
4297,241.12,24.26,49.91,Overload,Transformer,T-104,Critical,95.93,1
4298,230.04,23.94,49.69,Overload,Transformer,T-104,Critical,93.74,1
4299,247.62,29.15,49.65,Overload,Transformer,T-104,Critical,91.24,1
4300,235.16,30.66,49.6,Overload,Transformer,T-104,Critical,94.32,1
4301,258.33,34.48,49.92,Overload,Transformer,T-104,Critical,91.05,1
4302,234.91,30.48,50.01,Overload,Transformer,T-104,Critical,91.74,1
4303,267.03,36.65,50.25,Overload,Transformer,T-104,Critical,89.15,1
4304,261.1,21.61,50.19,Overload,Transformer,T-104,Critical,91.05,1
4305,236.62,37.24,50.11,Overload,Transformer,T-104,Critical,90.84,1
4306,231.54,30.75,50.42,Overload,Transformer,T-104,Critical,92.77,1
4307,278.58,22.73,50.07,Overload,Transformer,T-104,Critical,94.39,1
4308,256.28,21.82,50.08,Overload,Transformer,T-104,Critical,92.89,1
4309,266.44,35.22,50.27,Overload,Transformer,T-104,Critical,93.31,1
4310,240.79,28.08,50.28,Overload,Transformer,T-104,Critical,95.63,1
4311,233.95,30.71,49.81,Overload,Transformer,T-104,Critical,89.8,1
4312,255.29,32.12,49.51,Overload,Transformer,T-104,Critical,94.24,1
4313,270.99,39.31,49.68,Overload,Transformer,T-104,Critical,92.76,1
4314,251.33,26.7,50.07,Overload,Transformer,T-104,Critical,94.26,1
4315,231.15,39.39,50.31,Overload,Transformer,T-104,Critical,94.01,1
4316,268.02,27.78,50.25,Overload,Transformer,T-104,Critical,91.09,1
4317,274.94,23.54,49.79,Overload,Transformer,T-104,Critical,92.41,1
4318,245.96,28.48,49.99,Overload,Transformer,T-104,Critical,94.85,1
4319,256.16,27.25,49.75,Overload,Transformer,T-104,Critical,91.27,1
4320,255.79,34.92,49.62,Overload,Transformer,T-104,Critical,89.77,1
4321,248.98,27.21,49.89,Overload,Transformer,T-104,Critical,94.35,1
4322,246.21,30.04,50.12,Overload,Transformer,T-104,Critical,89.86,1
4323,265.93,30.94,49.95,Overload,Transformer,T-104,Critical,94.48,1
4324,242.17,37.66,50.06,Overload,Transformer,T-104,Critical,92.87,1
4325,273.75,36.35,50.1,Overload,Transformer,T-104,Critical,94.03,1
4326,251.67,30.95,49.56,Overload,Transformer,T-104,Critical,88.72,1
4327,271.47,21.19,49.67,Overload,Transformer,T-104,Critical,94.37,1
4328,230.06,25.65,50.08,Overload,Transformer,T-104,Critical,92.76,1
4329,268.86,30.12,50.01,Overload,Transformer,T-104,Critical,93.8,1
4330,254.93,32.17,50.4,Overload,Transformer,T-104,Critical,91.21,1
4331,249.26,20.07,50.11,Overload,Transformer,T-104,Critical,88.24,1
4332,255.21,36.08,50.05,Overload,Transformer,T-104,Critical,90.16,1
4333,269.31,25.39,50.23,Overload,Transformer,T-104,Critical,92.88,1
4334,238.5,38.1,49.7,Overload,Transformer,T-104,Critical,95.92,1
4335,230.37,25.27,49.7,Overload,Transformer,T-104,Critical,88.11,1
4336,266.62,33.87,50.29,Overload,Transformer,T-104,Critical,90.05,1
4337,252.22,33.18,49.94,Overload,Transformer,T-104,Critical,93.58,1
4338,261.7,22.29,50.28,Overload,Transformer,T-104,Critical,93.77,1
4339,262.79,23.1,49.77,Overload,Transformer,T-104,Critical,91.15,1
4340,244.0,24.56,50.31,Overload,Transformer,T-104,Critical,93.11,1
4341,258.27,24.52,50.42,Overload,Transformer,T-104,Critical,89.53,1
4342,269.75,39.33,50.23,Overload,Transformer,T-104,Critical,95.94,1
4343,262.55,24.35,49.7,Overload,Transformer,T-104,Critical,90.6,1
4344,230.36,33.63,49.77,Overload,Transformer,T-104,Critical,94.52,1
4345,247.96,29.6,50.47,Overload,Transformer,T-104,Critical,89.94,1
4346,266.06,35.1,49.72,Overload,Transformer,T-104,Critical,92.01,1
4347,247.51,35.44,50.12,Overload,Transformer,T-104,Critical,91.81,1
4348,268.97,24.7,50.25,Overload,Transformer,T-104,Critical,94.92,1
4349,273.93,35.67,49.91,Overload,Transformer,T-104,Critical,95.85,1
4350,248.98,32.77,49.66,Overload,Transformer,T-104,Critical,95.84,1
4351,265.2,35.07,49.57,Overload,Transformer,T-104,Critical,94.11,1
4352,268.74,33.44,49.79,Overload,Transformer,T-104,Critical,91.92,1
4353,235.52,29.43,49.74,Overload,Transformer,T-104,Critical,90.79,1
4354,238.13,24.6,49.58,Overload,Transformer,T-104,Critical,95.36,1
4355,256.52,27.93,50.04,Overload,Transformer,T-104,Critical,93.03,1
4356,276.09,23.57,49.8,Overload,Transformer,T-104,Critical,95.81,1
4357,248.56,20.45,49.65,Overload,Transformer,T-104,Critical,88.21,1
4358,279.5,25.58,50.42,Overload,Transformer,T-104,Critical,95.97,1
4359,259.99,20.66,49.58,Overload,Transformer,T-104,Critical,91.85,1
4360,250.31,32.12,49.94,Overload,Transformer,T-104,Critical,95.47,1
4361,256.74,33.87,50.4,Overload,Transformer,T-104,Critical,89.17,1
4362,241.49,22.15,49.64,Overload,Transformer,T-104,Critical,92.1,1
4363,246.06,28.46,50.48,Overload,Transformer,T-104,Critical,89.25,1
4364,257.04,21.98,49.82,Overload,Transformer,T-104,Critical,92.22,1
4365,277.33,27.82,49.56,Overload,Transformer,T-104,Critical,91.11,1
4366,237.29,24.6,50.12,Overload,Transformer,T-104,Critical,88.54,1
4367,253.24,32.19,49.92,Overload,Transformer,T-104,Critical,88.15,1
4368,279.28,27.34,50.28,Overload,Transformer,T-104,Critical,90.61,1
4369,253.75,27.77,49.84,Overload,Transformer,T-104,Critical,88.17,1
4370,248.0,37.79,50.19,Overload,Transformer,T-104,Critical,89.16,1
4371,259.56,37.84,50.2,Overload,Transformer,T-104,Critical,89.19,1
4372,273.39,26.03,49.95,Overload,Transformer,T-104,Critical,92.21,1
4373,272.53,38.63,50.43,Overload,Transformer,T-104,Critical,88.06,1
4374,276.09,21.09,49.77,Overload,Transformer,T-104,Critical,92.12,1
4375,254.0,32.09,49.98,Overload,Transformer,T-104,Critical,95.48,1
4376,242.03,25.48,50.42,Overload,Transformer,T-104,Critical,88.61,1
4377,260.48,33.63,50.01,Overload,Transformer,T-104,Critical,93.55,1
4378,238.64,37.05,49.64,Overload,Transformer,T-104,Critical,91.21,1
4379,233.76,30.9,50.17,Overload,Transformer,T-104,Critical,95.53,1
4380,266.97,30.82,50.43,Overload,Transformer,T-104,Critical,91.83,1
4381,258.06,31.92,49.91,Overload,Transformer,T-104,Critical,94.71,1
4382,239.26,31.1,50.22,Overload,Transformer,T-104,Critical,95.23,1
4383,274.2,30.17,50.14,Overload,Transformer,T-104,Critical,91.15,1
4384,253.41,38.13,50.43,Overload,Transformer,T-104,Critical,95.16,1
4385,236.92,37.0,50.45,Overload,Transformer,T-104,Critical,90.89,1
4386,255.93,35.58,50.06,Overload,Transformer,T-104,Critical,95.95,1
4387,252.79,34.28,50.29,Overload,Transformer,T-104,Critical,91.95,1
4388,272.85,30.92,49.91,Overload,Transformer,T-104,Critical,88.86,1
4389,249.67,34.68,50.42,Overload,Transformer,T-104,Critical,90.01,1
4390,247.76,23.08,50.19,Overload,Transformer,T-104,Critical,95.68,1
4391,262.05,32.34,50.05,Overload,Transformer,T-104,Critical,88.71,1
4392,266.48,32.04,50.16,Overload,Transformer,T-104,Critical,95.19,1
4393,269.2,35.62,50.43,Overload,Transformer,T-104,Critical,95.92,1
4394,259.06,22.18,49.96,Overload,Transformer,T-104,Critical,94.3,1
4395,231.39,21.14,49.57,Overload,Transformer,T-104,Critical,93.85,1
4396,255.06,27.38,49.61,Overload,Transformer,T-104,Critical,93.86,1
4397,246.05,25.31,50.15,Overload,Transformer,T-104,Critical,92.47,1
4398,248.12,32.83,49.77,Overload,Transformer,T-104,Critical,94.36,1
4399,241.47,23.18,50.28,Overload,Transformer,T-104,Critical,93.66,1
4400,239.13,22.32,50.34,Overload,Transformer,T-104,Critical,94.21,1
4401,246.36,33.16,49.62,Overload,Transformer,T-104,Critical,92.06,1
4402,230.94,27.83,49.57,Overload,Transformer,T-104,Critical,91.8,1
4403,251.08,28.89,49.55,Overload,Transformer,T-104,Critical,90.89,1
4404,267.82,27.38,50.22,Overload,Transformer,T-104,Critical,90.96,1
4405,251.16,31.28,50.45,Overload,Transformer,T-104,Critical,88.87,1
4406,231.65,32.16,50.45,Overload,Transformer,T-104,Critical,95.92,1
4407,254.21,29.36,50.14,Overload,Transformer,T-104,Critical,92.45,1
4408,261.7,37.48,50.25,Overload,Transformer,T-104,Critical,91.98,1
4409,253.09,32.79,49.96,Overload,Transformer,T-104,Critical,91.66,1
4410,230.82,23.48,49.99,Overload,Transformer,T-104,Critical,94.58,1
4411,243.94,30.45,49.84,Overload,Transformer,T-104,Critical,88.84,1
4412,277.91,37.09,49.58,Overload,Transformer,T-104,Critical,93.76,1
4413,247.38,39.9,49.8,Overload,Transformer,T-104,Critical,89.91,1
4414,258.39,36.7,49.69,Overload,Transformer,T-104,Critical,93.68,1
4415,233.07,38.38,49.58,Overload,Transformer,T-104,Critical,95.31,1
4416,254.54,28.96,50.47,Overload,Transformer,T-104,Critical,95.92,1
4417,262.51,22.54,50.01,Overload,Transformer,T-104,Critical,92.23,1
4418,255.72,31.39,49.52,Overload,Transformer,T-104,Critical,93.69,1
4419,265.62,22.31,50.07,Overload,Transformer,T-104,Critical,92.55,1
4420,264.12,21.71,50.13,Overload,Transformer,T-104,Critical,90.25,1
4421,255.35,35.47,50.21,Overload,Transformer,T-104,Critical,88.95,1
4422,259.56,39.38,49.66,Overload,Transformer,T-104,Critical,94.82,1
4423,265.13,35.48,49.78,Overload,Transformer,T-104,Critical,90.3,1
4424,275.3,27.2,49.56,Overload,Transformer,T-104,Critical,92.8,1
4425,236.24,35.93,50.14,Overload,Transformer,T-104,Critical,95.0,1
4426,269.24,22.24,49.88,Overload,Transformer,T-104,Critical,94.2,1
4427,250.87,39.45,50.24,Overload,Transformer,T-104,Critical,88.12,1
4428,274.0,22.02,49.64,Overload,Transformer,T-104,Critical,93.88,1
4429,273.25,30.73,49.79,Overload,Transformer,T-104,Critical,90.81,1
4430,247.14,26.53,49.74,Overload,Transformer,T-104,Critical,92.87,1
4431,275.02,26.14,49.69,Overload,Transformer,T-104,Critical,94.71,1
4432,267.09,38.62,49.67,Overload,Transformer,T-104,Critical,89.15,1
4433,257.07,32.29,49.98,Overload,Transformer,T-104,Critical,92.79,1
4434,239.02,29.59,50.16,Overload,Transformer,T-104,Critical,91.46,1
4435,263.97,29.02,49.83,Overload,Transformer,T-104,Critical,90.43,1
4436,250.55,20.46,50.17,Overload,Transformer,T-104,Critical,94.76,1
4437,247.73,20.92,50.49,Overload,Transformer,T-104,Critical,90.11,1
4438,236.33,27.4,50.24,Overload,Transformer,T-104,Critical,90.35,1
4439,258.74,28.31,49.62,Overload,Transformer,T-104,Critical,90.64,1
4440,266.24,32.24,49.62,Overload,Transformer,T-104,Critical,89.31,1
4441,262.04,36.27,49.85,Overload,Transformer,T-104,Critical,92.76,1
4442,238.53,26.23,49.52,Overload,Transformer,T-104,Critical,94.15,1
4443,250.05,36.32,50.21,Overload,Transformer,T-104,Critical,94.63,1
4444,244.28,23.7,50.47,Overload,Transformer,T-104,Critical,93.74,1
4445,271.7,20.26,49.85,Overload,Transformer,T-104,Critical,93.94,1
4446,233.9,31.35,49.93,Overload,Transformer,T-104,Critical,88.14,1
4447,241.8,25.7,49.61,Overload,Transformer,T-104,Critical,93.05,1
4448,242.12,25.55,50.4,Overload,Transformer,T-104,Critical,91.74,1
4449,249.61,34.48,50.41,Overload,Transformer,T-104,Critical,88.2,1
4450,252.41,32.22,49.82,Overload,Transformer,T-104,Critical,94.18,1
4451,278.57,38.87,49.77,Overload,Transformer,T-104,Critical,89.81,1
4452,277.87,29.17,49.71,Overload,Transformer,T-104,Critical,93.66,1
4453,244.22,25.34,50.38,Overload,Transformer,T-104,Critical,89.3,1
4454,233.22,25.38,50.11,Overload,Transformer,T-104,Critical,88.98,1
4455,253.58,32.55,50.35,Overload,Transformer,T-104,Critical,89.84,1
4456,270.87,24.7,50.18,Overload,Transformer,T-104,Critical,91.45,1
4457,235.73,34.29,49.72,Overload,Transformer,T-104,Critical,89.41,1
4458,247.92,33.07,49.73,Overload,Transformer,T-104,Critical,89.47,1
4459,230.5,29.43,49.93,Overload,Transformer,T-104,Critical,89.87,1
4460,232.68,28.59,50.29,Overload,Transformer,T-104,Critical,93.72,1
4461,273.04,20.19,50.47,Overload,Transformer,T-104,Critical,90.73,1
4462,279.52,25.05,49.97,Overload,Transformer,T-104,Critical,90.83,1
4463,247.79,36.85,50.25,Overload,Transformer,T-104,Critical,95.94,1
4464,260.68,29.27,49.59,Overload,Transformer,T-104,Critical,95.97,1
4465,257.58,34.01,49.91,Overload,Transformer,T-104,Critical,92.38,1
4466,277.13,23.33,49.79,Overload,Transformer,T-104,Critical,89.22,1
4467,269.61,21.24,49.58,Overload,Transformer,T-104,Critical,90.39,1
4468,255.71,28.13,49.54,Overload,Transformer,T-104,Critical,95.66,1
4469,277.64,25.59,50.23,Overload,Transformer,T-104,Critical,92.63,1
4470,241.87,25.24,49.99,Overload,Transformer,T-104,Critical,91.35,1
4471,244.56,36.15,49.98,Overload,Transformer,T-104,Critical,93.24,1
4472,239.46,30.67,49.82,Overload,Transformer,T-104,Critical,92.21,1
4473,269.04,35.38,49.85,Overload,Transformer,T-104,Critical,93.55,1
4474,277.06,32.51,49.65,Overload,Transformer,T-104,Critical,93.44,1
4475,235.25,37.44,50.02,Overload,Transformer,T-104,Critical,91.08,1
4476,232.85,27.62,50.4,Overload,Transformer,T-104,Critical,88.17,1
4477,253.73,38.62,49.89,Overload,Transformer,T-104,Critical,91.43,1
4478,258.93,29.26,49.67,Overload,Transformer,T-104,Critical,88.15,1
4479,260.49,38.42,49.61,Overload,Transformer,T-104,Critical,89.69,1
4480,248.51,36.17,49.77,Overload,Transformer,T-104,Critical,95.06,1
4481,232.75,38.82,50.06,Overload,Transformer,T-104,Critical,93.27,1
4482,248.38,35.64,49.67,Overload,Transformer,T-104,Critical,88.39,1
4483,249.78,37.07,50.25,Overload,Transformer,T-104,Critical,92.14,1
4484,258.61,22.6,50.34,Overload,Transformer,T-104,Critical,94.3,1
4485,262.82,29.32,50.46,Overload,Transformer,T-104,Critical,95.03,1
4486,262.22,27.44,50.12,Overload,Transformer,T-104,Critical,92.6,1
4487,249.71,26.13,49.91,Overload,Transformer,T-104,Critical,92.59,1
4488,251.41,25.27,50.26,Overload,Transformer,T-104,Critical,92.25,1
4489,233.38,27.37,50.38,Overload,Transformer,T-104,Critical,94.04,1
4490,246.16,38.76,49.58,Overload,Transformer,T-104,Critical,95.69,1
4491,242.29,20.18,49.93,Overload,Transformer,T-104,Critical,90.87,1
4492,256.95,35.94,50.34,Overload,Transformer,T-104,Critical,91.21,1
4493,251.49,22.96,49.55,Overload,Transformer,T-104,Critical,93.13,1
4494,233.22,34.68,50.04,Overload,Transformer,T-104,Critical,89.59,1
4495,256.98,23.66,49.94,Overload,Transformer,T-104,Critical,94.4,1
4496,253.1,22.97,50.22,Overload,Transformer,T-104,Critical,89.49,1
4497,266.93,29.59,49.95,Overload,Transformer,T-104,Critical,94.81,1
4498,265.43,20.66,49.8,Overload,Transformer,T-104,Critical,94.97,1
4499,230.92,30.91,50.23,Overload,Transformer,T-104,Critical,92.97,1
4500,268.03,34.51,50.19,Overload,Transformer,T-104,Critical,94.57,1
4501,262.28,28.05,49.97,Overload,Transformer,T-104,Critical,93.73,1
4502,273.82,25.44,49.84,Overload,Transformer,T-104,Critical,95.45,1
4503,258.93,23.58,50.16,Overload,Transformer,T-104,Critical,95.93,1
4504,271.17,34.91,49.71,Overload,Transformer,T-104,Critical,95.01,1
4505,256.29,37.79,49.83,Overload,Transformer,T-104,Critical,88.5,1
4506,253.8,25.4,50.22,Overload,Transformer,T-104,Critical,95.66,1
4507,264.55,37.74,49.95,Overload,Transformer,T-104,Critical,94.17,1
4508,272.15,34.22,50.01,Overload,Transformer,T-104,Critical,93.01,1
4509,265.03,25.06,50.31,Overload,Transformer,T-104,Critical,95.6,1
4510,253.26,34.02,50.24,Overload,Transformer,T-104,Critical,93.3,1
4511,257.36,37.63,49.95,Overload,Transformer,T-104,Critical,88.49,1
4512,272.23,33.48,50.35,Overload,Transformer,T-104,Critical,89.11,1
4513,231.54,38.69,49.65,Overload,Transformer,T-104,Critical,94.48,1
4514,271.16,34.17,49.63,Overload,Transformer,T-104,Critical,93.34,1
4515,274.45,28.51,49.91,Overload,Transformer,T-104,Critical,91.54,1
4516,234.11,37.84,50.37,Overload,Transformer,T-104,Critical,95.98,1
4517,259.26,35.02,49.7,Overload,Transformer,T-104,Critical,93.34,1
4518,262.49,38.02,50.33,Overload,Transformer,T-104,Critical,95.51,1
4519,273.44,37.37,49.56,Overload,Transformer,T-104,Critical,94.77,1
4520,260.37,27.61,49.56,Overload,Transformer,T-104,Critical,93.42,1
4521,246.41,29.36,50.18,Overload,Transformer,T-104,Critical,95.29,1
4522,271.27,29.01,49.89,Overload,Transformer,T-104,Critical,89.92,1
4523,248.62,22.22,50.47,Overload,Transformer,T-104,Critical,92.59,1
4524,236.39,27.06,50.05,Overload,Transformer,T-104,Critical,92.26,1
4525,231.78,39.02,49.78,Overload,Transformer,T-104,Critical,88.13,1
4526,233.82,31.6,49.64,Overload,Transformer,T-104,Critical,88.33,1
4527,248.98,32.46,49.61,Overload,Transformer,T-104,Critical,90.51,1
4528,250.89,23.19,50.01,Overload,Transformer,T-104,Critical,88.68,1
4529,232.33,30.4,49.75,Overload,Transformer,T-104,Critical,88.76,1
4530,251.2,38.3,50.22,Overload,Transformer,T-104,Critical,94.52,1
4531,273.6,39.45,50.26,Overload,Transformer,T-104,Critical,92.87,1
4532,248.27,23.63,50.19,Overload,Transformer,T-104,Critical,95.96,1
4533,253.37,34.47,50.0,Overload,Transformer,T-104,Critical,91.46,1
4534,250.52,30.09,49.87,Overload,Transformer,T-104,Critical,93.99,1
4535,273.71,37.66,49.73,Overload,Transformer,T-104,Critical,95.17,1
4536,247.08,26.19,50.23,Overload,Transformer,T-104,Critical,90.44,1
4537,232.65,27.47,50.22,Overload,Transformer,T-104,Critical,90.62,1
4538,261.48,33.2,50.23,Overload,Transformer,T-104,Critical,95.18,1
4539,251.63,23.33,49.82,Overload,Transformer,T-104,Critical,91.46,1
4540,265.69,20.26,49.82,Overload,Transformer,T-104,Critical,94.24,1
4541,263.54,34.63,50.31,Overload,Transformer,T-104,Critical,94.27,1
4542,264.11,28.79,50.48,Overload,Transformer,T-104,Critical,92.55,1
4543,240.14,25.86,50.19,Overload,Transformer,T-104,Critical,95.4,1
4544,238.94,21.65,50.38,Overload,Transformer,T-104,Critical,95.32,1
4545,243.82,27.55,50.16,Overload,Transformer,T-104,Critical,90.64,1
4546,273.86,22.15,49.54,Overload,Transformer,T-104,Critical,89.67,1
4547,244.3,22.26,49.57,Overload,Transformer,T-104,Critical,94.04,1
4548,238.21,38.28,49.87,Overload,Transformer,T-104,Critical,93.36,1
4549,241.27,24.81,50.07,Overload,Transformer,T-104,Critical,92.49,1
4550,268.44,35.16,50.17,Overload,Transformer,T-104,Critical,91.59,1
4551,274.53,32.45,50.49,Overload,Transformer,T-104,Critical,94.55,1
4552,232.22,26.41,50.07,Overload,Transformer,T-104,Critical,93.77,1
4553,257.52,35.72,49.78,Overload,Transformer,T-104,Critical,89.47,1
4554,232.7,31.47,50.19,Overload,Transformer,T-104,Critical,90.61,1
4555,260.68,21.04,49.6,Overload,Transformer,T-104,Critical,93.61,1
4556,248.4,33.43,50.33,Overload,Transformer,T-104,Critical,94.82,1
4557,238.61,29.73,50.23,Overload,Transformer,T-104,Critical,94.19,1
4558,269.23,24.56,49.69,Overload,Transformer,T-104,Critical,92.72,1
4559,267.05,26.38,49.6,Overload,Transformer,T-104,Critical,93.73,1
4560,244.98,23.33,49.65,Overload,Transformer,T-104,Critical,90.52,1
4561,259.63,27.17,49.52,Overload,Transformer,T-104,Critical,88.78,1
4562,244.53,33.19,49.6,Overload,Transformer,T-104,Critical,92.49,1
4563,235.99,24.23,49.67,Overload,Transformer,T-104,Critical,88.54,1
4564,263.57,29.27,50.33,Overload,Transformer,T-104,Critical,88.79,1
4565,237.24,26.13,50.27,Overload,Transformer,T-104,Critical,90.45,1
4566,250.42,26.03,49.58,Overload,Transformer,T-104,Critical,95.52,1
4567,257.43,35.76,50.16,Overload,Transformer,T-104,Critical,92.11,1
4568,234.48,32.85,49.66,Overload,Transformer,T-104,Critical,91.32,1
4569,261.46,35.64,50.19,Overload,Transformer,T-104,Critical,93.37,1
4570,237.45,26.92,49.54,Overload,Transformer,T-104,Critical,93.76,1
4571,277.63,25.28,49.59,Overload,Transformer,T-104,Critical,91.8,1
4572,272.83,31.04,49.55,Overload,Transformer,T-104,Critical,95.79,1
4573,271.43,22.63,50.42,Overload,Transformer,T-104,Critical,91.61,1
4574,248.59,29.22,50.33,Overload,Transformer,T-104,Critical,93.28,1
4575,232.96,39.15,49.65,Overload,Transformer,T-104,Critical,93.96,1
4576,261.81,23.75,49.67,Overload,Transformer,T-104,Critical,94.96,1
4577,250.98,33.09,50.0,Overload,Transformer,T-104,Critical,93.82,1
4578,253.96,25.75,49.86,Overload,Transformer,T-104,Critical,94.87,1
4579,253.4,24.27,50.43,Overload,Transformer,T-104,Critical,94.37,1
4580,232.78,39.98,50.19,Overload,Transformer,T-104,Critical,89.28,1
4581,241.86,33.85,50.28,Overload,Transformer,T-104,Critical,89.91,1
4582,242.85,26.14,50.1,Overload,Transformer,T-104,Critical,89.37,1
4583,235.21,33.58,50.28,Overload,Transformer,T-104,Critical,92.01,1
4584,248.19,28.64,49.89,Overload,Transformer,T-104,Critical,95.68,1
4585,268.4,24.16,49.88,Overload,Transformer,T-104,Critical,92.35,1
4586,260.65,29.36,50.31,Overload,Transformer,T-104,Critical,94.14,1
4587,255.26,37.09,50.25,Overload,Transformer,T-104,Critical,94.23,1
4588,277.82,25.33,49.77,Overload,Transformer,T-104,Critical,95.11,1
4589,268.61,38.53,49.56,Overload,Transformer,T-104,Critical,93.02,1
4590,237.23,30.08,49.66,Overload,Transformer,T-104,Critical,89.02,1
4591,230.61,32.6,49.86,Overload,Transformer,T-104,Critical,88.84,1
4592,246.14,23.38,50.44,Overload,Transformer,T-104,Critical,90.56,1
4593,246.7,36.8,50.15,Overload,Transformer,T-104,Critical,93.68,1
4594,261.8,38.92,49.71,Overload,Transformer,T-104,Critical,95.91,1
4595,271.55,31.78,50.16,Overload,Transformer,T-104,Critical,93.19,1
4596,232.92,24.36,50.46,Overload,Transformer,T-104,Critical,92.27,1
4597,248.92,35.24,50.02,Overload,Transformer,T-104,Critical,88.11,1
4598,266.81,34.64,49.67,Overload,Transformer,T-104,Critical,95.65,1
4599,241.2,29.15,49.61,Overload,Transformer,T-104,Critical,92.83,1
4600,248.77,27.06,50.33,Overload,Transformer,T-104,Critical,88.08,1
4601,269.9,31.43,50.49,Overload,Transformer,T-104,Critical,92.72,1
4602,232.77,21.01,50.38,Overload,Transformer,T-104,Critical,94.73,1
4603,247.29,32.36,49.99,Overload,Transformer,T-104,Critical,95.74,1
4604,277.5,39.68,50.37,Overload,Transformer,T-104,Critical,95.28,1
4605,240.86,36.62,50.21,Overload,Transformer,T-104,Critical,95.7,1
4606,258.56,21.7,50.1,Overload,Transformer,T-104,Critical,93.49,1
4607,241.02,27.88,50.1,Overload,Transformer,T-104,Critical,90.99,1
4608,248.75,22.66,50.44,Overload,Transformer,T-104,Critical,94.0,1
4609,230.06,35.31,50.24,Overload,Transformer,T-104,Critical,88.08,1
4610,248.48,32.13,49.95,Overload,Transformer,T-104,Critical,94.22,1
4611,251.27,23.08,50.48,Overload,Transformer,T-104,Critical,89.94,1
4612,265.88,22.86,49.83,Overload,Transformer,T-104,Critical,91.54,1
4613,239.61,29.0,49.66,Overload,Transformer,T-104,Critical,92.47,1
4614,263.19,21.25,50.37,Overload,Transformer,T-104,Critical,89.48,1
4615,241.27,33.23,49.97,Overload,Transformer,T-104,Critical,92.0,1
4616,236.41,36.11,50.12,Overload,Transformer,T-104,Critical,89.08,1
4617,248.7,36.21,50.07,Overload,Transformer,T-104,Critical,88.87,1
4618,248.64,24.85,50.02,Overload,Transformer,T-104,Critical,94.75,1
4619,251.81,28.67,50.41,Overload,Transformer,T-104,Critical,92.61,1
4620,258.31,25.24,50.11,Overload,Transformer,T-104,Critical,92.61,1
4621,249.84,39.81,50.38,Overload,Transformer,T-104,Critical,94.0,1
4622,256.87,29.24,49.68,Overload,Transformer,T-104,Critical,90.45,1
4623,268.7,29.07,50.38,Overload,Transformer,T-104,Critical,89.18,1
4624,255.42,32.94,50.02,Overload,Transformer,T-104,Critical,95.11,1
4625,279.48,22.32,49.63,Overload,Transformer,T-104,Critical,89.04,1
4626,264.06,27.45,50.23,Overload,Transformer,T-104,Critical,91.24,1
4627,261.38,35.4,50.05,Overload,Transformer,T-104,Critical,92.32,1
4628,234.41,28.22,50.05,Overload,Transformer,T-104,Critical,91.7,1
4629,275.04,38.13,50.32,Overload,Transformer,T-104,Critical,91.0,1
4630,265.86,27.91,49.73,Overload,Transformer,T-104,Critical,90.74,1
4631,233.55,26.64,49.96,Overload,Transformer,T-104,Critical,95.64,1
4632,245.67,38.05,49.73,Overload,Transformer,T-104,Critical,89.53,1
4633,255.95,33.45,49.54,Overload,Transformer,T-104,Critical,89.77,1
4634,252.78,26.62,50.21,Overload,Transformer,T-104,Critical,92.09,1
4635,238.02,37.89,49.79,Overload,Transformer,T-104,Critical,93.85,1
4636,269.0,39.26,50.0,Overload,Transformer,T-104,Critical,92.93,1
4637,246.74,33.56,49.96,Overload,Transformer,T-104,Critical,91.5,1
4638,272.77,21.0,50.38,Overload,Transformer,T-104,Critical,94.82,1
4639,255.32,29.8,49.86,Overload,Transformer,T-104,Critical,95.95,1
4640,235.56,31.8,50.18,Overload,Transformer,T-104,Critical,95.47,1
4641,269.01,32.88,49.62,Overload,Transformer,T-104,Critical,90.99,1
4642,236.94,37.62,50.25,Overload,Transformer,T-104,Critical,94.06,1
4643,262.61,30.14,49.65,Overload,Transformer,T-104,Critical,90.64,1
4644,236.85,34.5,49.66,Overload,Transformer,T-104,Critical,93.62,1
4645,264.61,29.19,49.64,Overload,Transformer,T-104,Critical,90.52,1
4646,246.0,34.01,49.61,Overload,Transformer,T-104,Critical,94.63,1
4647,268.05,23.73,50.22,Overload,Transformer,T-104,Critical,93.35,1
4648,267.41,23.78,49.66,Overload,Transformer,T-104,Critical,89.89,1
4649,248.29,35.87,50.24,Overload,Transformer,T-104,Critical,95.4,1
4650,232.93,20.23,50.2,Overload,Transformer,T-104,Critical,90.23,1
4651,246.7,30.94,49.6,Overload,Transformer,T-104,Critical,93.14,1
4652,246.26,32.65,50.33,Overload,Transformer,T-104,Critical,89.37,1
4653,276.54,30.61,50.42,Overload,Transformer,T-104,Critical,89.66,1
4654,260.23,28.08,50.27,Overload,Transformer,T-104,Critical,92.85,1
4655,254.73,38.26,49.88,Overload,Transformer,T-104,Critical,89.76,1
4656,260.41,32.48,49.94,Overload,Transformer,T-104,Critical,91.89,1
4657,277.98,34.65,49.61,Overload,Transformer,T-104,Critical,89.7,1
4658,278.78,34.53,50.42,Overload,Transformer,T-104,Critical,90.43,1
4659,267.09,34.28,49.79,Overload,Transformer,T-104,Critical,92.41,1
4660,261.37,29.62,50.33,Overload,Transformer,T-104,Critical,94.66,1
4661,272.53,36.07,49.99,Overload,Transformer,T-104,Critical,91.05,1
4662,271.57,29.8,49.75,Overload,Transformer,T-104,Critical,92.06,1
4663,237.09,33.83,49.84,Overload,Transformer,T-104,Critical,90.09,1
4664,277.83,35.54,50.29,Overload,Transformer,T-104,Critical,92.99,1
4665,271.96,35.18,50.1,Overload,Transformer,T-104,Critical,95.69,1
4666,239.58,38.87,49.9,Overload,Transformer,T-104,Critical,92.23,1
4667,236.14,30.8,50.11,Overload,Transformer,T-104,Critical,95.98,1
4668,278.76,39.33,49.85,Overload,Transformer,T-104,Critical,95.93,1
4669,252.77,37.04,49.72,Overload,Transformer,T-104,Critical,92.05,1
4670,278.3,38.94,50.18,Overload,Transformer,T-104,Critical,94.38,1
4671,238.82,34.43,50.12,Overload,Transformer,T-104,Critical,88.73,1
4672,235.66,22.17,50.22,Overload,Transformer,T-104,Critical,89.13,1
4673,253.39,27.14,50.05,Overload,Transformer,T-104,Critical,93.65,1
4674,264.24,30.31,49.96,Overload,Transformer,T-104,Critical,91.18,1
4675,273.1,26.62,49.76,Overload,Transformer,T-104,Critical,93.95,1
4676,247.99,36.94,49.83,Overload,Transformer,T-104,Critical,93.62,1
4677,232.26,27.71,49.84,Overload,Transformer,T-104,Critical,94.53,1
4678,278.35,29.22,50.32,Overload,Transformer,T-104,Critical,93.6,1
4679,278.37,36.22,49.58,Overload,Transformer,T-104,Critical,93.71,1
4680,256.77,20.33,49.75,Overload,Transformer,T-104,Critical,95.37,1
4681,276.3,35.98,50.48,Overload,Transformer,T-104,Critical,94.45,1
4682,230.51,25.76,49.53,Overload,Transformer,T-104,Critical,88.75,1
4683,240.94,30.07,50.35,Overload,Transformer,T-104,Critical,94.9,1
4684,260.81,38.56,50.0,Overload,Transformer,T-104,Critical,95.11,1
4685,252.7,25.54,50.42,Overload,Transformer,T-104,Critical,91.1,1
4686,255.17,26.58,50.16,Overload,Transformer,T-104,Critical,95.96,1
4687,231.28,38.0,49.5,Overload,Transformer,T-104,Critical,90.91,1
4688,238.43,35.15,49.55,Overload,Transformer,T-104,Critical,92.43,1
4689,244.75,22.67,50.27,Overload,Transformer,T-104,Critical,89.74,1
4690,241.18,25.5,50.09,Overload,Transformer,T-104,Critical,93.28,1
4691,230.88,24.84,49.93,Overload,Transformer,T-104,Critical,90.66,1
4692,274.21,35.75,50.13,Overload,Transformer,T-104,Critical,90.7,1
4693,265.03,36.87,50.09,Overload,Transformer,T-104,Critical,94.28,1
4694,267.46,31.43,49.81,Overload,Transformer,T-104,Critical,93.97,1
4695,240.34,35.59,50.3,Overload,Transformer,T-104,Critical,94.58,1
4696,253.65,23.85,49.6,Overload,Transformer,T-104,Critical,93.95,1
4697,274.31,33.02,49.64,Overload,Transformer,T-104,Critical,95.48,1
4698,279.46,28.67,50.09,Overload,Transformer,T-104,Critical,94.22,1
4699,266.82,39.36,49.61,Overload,Transformer,T-104,Critical,92.65,1
4700,264.6,37.8,50.37,Overload,Transformer,T-104,Critical,95.82,1
4701,255.6,36.62,49.93,Overload,Transformer,T-104,Critical,91.38,1
4702,242.67,36.36,50.49,Overload,Transformer,T-104,Critical,90.05,1
4703,232.81,36.31,50.12,Overload,Transformer,T-104,Critical,95.68,1
4704,242.61,21.42,49.99,Overload,Transformer,T-104,Critical,88.68,1
4705,243.09,22.52,49.72,Overload,Transformer,T-104,Critical,88.85,1
4706,277.7,25.57,49.94,Overload,Transformer,T-104,Critical,95.19,1
4707,263.87,32.36,50.21,Overload,Transformer,T-104,Critical,94.63,1
4708,273.88,32.85,50.39,Overload,Transformer,T-104,Critical,92.28,1
4709,243.86,37.6,50.04,Overload,Transformer,T-104,Critical,95.25,1
4710,232.01,27.95,50.45,Overload,Transformer,T-104,Critical,90.0,1
4711,277.08,39.08,50.38,Overload,Transformer,T-104,Critical,92.51,1
4712,262.35,37.39,50.28,Overload,Transformer,T-104,Critical,93.04,1
4713,279.11,33.71,50.48,Overload,Transformer,T-104,Critical,88.46,1
4714,236.95,29.03,49.88,Overload,Transformer,T-104,Critical,94.26,1
4715,238.03,39.52,49.82,Overload,Transformer,T-104,Critical,91.43,1
4716,243.74,31.59,49.56,Overload,Transformer,T-104,Critical,89.2,1
4717,267.29,23.73,49.74,Overload,Transformer,T-104,Critical,94.34,1
4718,234.67,28.75,49.52,Overload,Transformer,T-104,Critical,90.77,1
4719,264.95,21.8,50.39,Overload,Transformer,T-104,Critical,95.28,1
4720,235.25,39.81,49.8,Overload,Transformer,T-104,Critical,88.67,1
4721,230.25,28.17,50.13,Overload,Transformer,T-104,Critical,90.66,1
4722,271.84,34.33,49.85,Overload,Transformer,T-104,Critical,93.87,1
4723,277.02,21.86,49.81,Overload,Transformer,T-104,Critical,91.71,1
4724,254.9,30.84,49.8,Overload,Transformer,T-104,Critical,93.34,1
4725,262.25,31.56,49.61,Overload,Transformer,T-104,Critical,91.82,1
4726,247.81,29.82,50.42,Overload,Transformer,T-104,Critical,91.84,1
4727,230.7,28.78,50.32,Overload,Transformer,T-104,Critical,94.24,1
4728,255.67,25.0,49.97,Overload,Transformer,T-104,Critical,92.51,1
4729,279.99,32.88,50.19,Overload,Transformer,T-104,Critical,91.93,1
4730,247.72,36.26,49.99,Overload,Transformer,T-104,Critical,95.96,1
4731,252.86,21.36,50.18,Overload,Transformer,T-104,Critical,88.37,1
4732,242.53,27.07,50.24,Overload,Transformer,T-104,Critical,91.95,1
4733,231.43,32.34,49.91,Overload,Transformer,T-104,Critical,95.37,1
4734,254.98,34.18,49.72,Overload,Transformer,T-104,Critical,94.09,1
4735,266.05,38.08,49.53,Overload,Transformer,T-104,Critical,91.58,1
4736,263.96,21.9,49.91,Overload,Transformer,T-104,Critical,95.54,1
4737,251.8,39.71,49.56,Overload,Transformer,T-104,Critical,93.74,1
4738,259.05,30.01,50.47,Overload,Transformer,T-104,Critical,89.04,1
4739,274.8,33.82,49.76,Overload,Transformer,T-104,Critical,95.21,1
4740,251.46,36.28,49.89,Overload,Transformer,T-104,Critical,94.81,1
4741,261.83,22.82,50.15,Overload,Transformer,T-104,Critical,89.53,1
4742,250.6,23.41,49.52,Overload,Transformer,T-104,Critical,89.7,1
4743,256.82,29.63,50.0,Overload,Transformer,T-104,Critical,89.98,1
4744,264.26,34.09,49.86,Overload,Transformer,T-104,Critical,95.05,1
4745,262.2,34.26,49.78,Overload,Transformer,T-104,Critical,88.0,1
4746,273.27,36.45,49.62,Overload,Transformer,T-104,Critical,90.99,1
4747,263.07,33.04,50.36,Overload,Transformer,T-104,Critical,89.12,1
4748,251.5,21.94,49.89,Overload,Transformer,T-104,Critical,88.12,1
4749,274.91,30.54,50.35,Overload,Transformer,T-104,Critical,88.48,1
4750,241.37,25.19,49.89,Overload,Transformer,T-104,Critical,94.42,1
4751,249.33,24.09,49.56,Overload,Transformer,T-104,Critical,88.64,1
4752,268.0,28.9,50.23,Overload,Transformer,T-104,Critical,93.46,1
4753,236.77,22.86,50.26,Overload,Transformer,T-104,Critical,93.77,1
4754,248.9,21.55,49.51,Overload,Transformer,T-104,Critical,90.31,1
4755,230.46,24.6,49.92,Overload,Transformer,T-104,Critical,88.97,1
4756,235.21,37.93,50.09,Overload,Transformer,T-104,Critical,95.48,1
4757,247.29,33.54,49.7,Overload,Transformer,T-104,Critical,92.95,1
4758,236.48,20.04,50.43,Overload,Transformer,T-104,Critical,92.44,1
4759,276.35,26.68,49.83,Overload,Transformer,T-104,Critical,91.21,1
4760,265.3,31.32,50.43,Overload,Transformer,T-104,Critical,88.2,1
4761,265.41,26.61,49.68,Overload,Transformer,T-104,Critical,92.08,1
4762,255.25,22.74,49.7,Overload,Transformer,T-104,Critical,91.27,1
4763,250.44,26.35,49.65,Overload,Transformer,T-104,Critical,88.03,1
4764,278.51,38.87,49.98,Overload,Transformer,T-104,Critical,95.96,1
4765,263.68,21.38,49.62,Overload,Transformer,T-104,Critical,95.33,1
4766,261.5,36.86,50.4,Overload,Transformer,T-104,Critical,91.58,1
4767,232.43,23.77,49.57,Overload,Transformer,T-104,Critical,89.51,1
4768,250.53,22.36,49.67,Overload,Transformer,T-104,Critical,91.57,1
4769,247.01,29.35,49.93,Overload,Transformer,T-104,Critical,93.16,1
4770,276.86,22.16,49.6,Overload,Transformer,T-104,Critical,94.82,1
4771,255.32,35.33,49.72,Overload,Transformer,T-104,Critical,94.63,1
4772,276.19,32.71,49.61,Overload,Transformer,T-104,Critical,95.16,1
4773,269.62,35.02,49.54,Overload,Transformer,T-104,Critical,94.39,1
4774,236.9,24.45,50.08,Overload,Transformer,T-104,Critical,90.12,1
4775,263.07,32.16,49.61,Overload,Transformer,T-104,Critical,93.25,1
4776,276.2,23.22,50.1,Overload,Transformer,T-104,Critical,90.73,1
4777,252.98,25.74,49.85,Overload,Transformer,T-104,Critical,88.23,1
4778,279.08,32.5,50.0,Overload,Transformer,T-104,Critical,91.07,1
4779,256.97,27.6,49.86,Overload,Transformer,T-104,Critical,91.71,1
4780,243.8,23.6,50.06,Overload,Transformer,T-104,Critical,94.74,1
4781,237.64,20.65,49.75,Overload,Transformer,T-104,Critical,95.84,1
4782,271.44,31.92,50.43,Overload,Transformer,T-104,Critical,91.56,1
4783,279.16,25.93,49.74,Overload,Transformer,T-104,Critical,93.1,1
4784,248.91,32.53,49.8,Overload,Transformer,T-104,Critical,92.94,1
4785,243.79,21.02,50.41,Overload,Transformer,T-104,Critical,95.07,1
4786,278.54,34.33,50.18,Overload,Transformer,T-104,Critical,92.47,1
4787,236.3,23.78,49.79,Overload,Transformer,T-104,Critical,95.12,1
4788,238.65,38.46,50.02,Overload,Transformer,T-104,Critical,93.72,1
4789,235.51,25.38,50.46,Overload,Transformer,T-104,Critical,90.13,1
4790,244.83,23.95,49.63,Overload,Transformer,T-104,Critical,89.87,1
4791,262.12,29.11,50.05,Overload,Transformer,T-104,Critical,88.98,1
4792,270.11,35.68,49.52,Overload,Transformer,T-104,Critical,91.07,1
4793,233.44,35.84,50.24,Overload,Transformer,T-104,Critical,95.22,1
4794,241.82,29.13,49.68,Overload,Transformer,T-104,Critical,90.97,1
4795,256.11,21.07,50.21,Overload,Transformer,T-104,Critical,92.35,1
4796,271.45,25.44,50.4,Overload,Transformer,T-104,Critical,95.99,1
4797,275.96,35.56,50.31,Overload,Transformer,T-104,Critical,92.59,1
4798,239.51,33.54,50.21,Overload,Transformer,T-104,Critical,95.88,1
4799,257.07,25.43,50.18,Overload,Transformer,T-104,Critical,95.84,1
4800,238.86,26.52,50.04,Overload,Transformer,T-104,Critical,89.36,1
4801,231.11,26.74,50.37,Overload,Transformer,T-104,Critical,88.35,1
4802,251.45,35.24,50.45,Overload,Transformer,T-104,Critical,95.88,1
4803,251.1,39.01,49.54,Overload,Transformer,T-104,Critical,93.97,1
4804,262.14,24.99,50.01,Overload,Transformer,T-104,Critical,89.04,1
4805,273.58,27.16,50.13,Overload,Transformer,T-104,Critical,89.27,1
4806,240.31,39.84,50.25,Overload,Transformer,T-104,Critical,95.7,1
4807,244.79,23.29,50.0,Overload,Transformer,T-104,Critical,91.96,1
4808,238.75,34.66,49.86,Overload,Transformer,T-104,Critical,89.49,1
4809,246.6,31.27,50.23,Overload,Transformer,T-104,Critical,91.86,1
4810,256.28,22.78,50.41,Overload,Transformer,T-104,Critical,95.43,1
4811,264.17,20.35,50.04,Overload,Transformer,T-104,Critical,93.03,1
4812,279.73,39.92,50.36,Overload,Transformer,T-104,Critical,88.51,1
4813,277.66,32.25,50.3,Overload,Transformer,T-104,Critical,91.26,1
4814,245.98,29.26,49.65,Overload,Transformer,T-104,Critical,90.86,1
4815,272.88,20.76,49.65,Overload,Transformer,T-104,Critical,89.0,1
4816,250.15,39.94,49.67,Overload,Transformer,T-104,Critical,89.16,1
4817,275.75,37.64,49.53,Overload,Transformer,T-104,Critical,94.01,1
4818,262.77,35.35,49.99,Overload,Transformer,T-104,Critical,95.93,1
4819,232.19,24.69,49.9,Overload,Transformer,T-104,Critical,91.6,1
4820,276.07,31.2,49.55,Overload,Transformer,T-104,Critical,91.26,1
4821,250.82,39.31,50.1,Overload,Transformer,T-104,Critical,93.09,1
4822,265.66,35.4,50.14,Overload,Transformer,T-104,Critical,89.9,1
4823,273.7,34.64,50.24,Overload,Transformer,T-104,Critical,95.97,1
4824,270.13,36.58,50.45,Overload,Transformer,T-104,Critical,89.21,1
4825,254.89,31.61,49.83,Overload,Transformer,T-104,Critical,94.72,1
4826,268.12,34.42,50.5,Overload,Transformer,T-104,Critical,90.08,1
4827,266.77,31.03,49.81,Overload,Transformer,T-104,Critical,89.28,1
4828,274.79,31.91,50.32,Overload,Transformer,T-104,Critical,92.36,1
4829,241.0,26.75,49.88,Overload,Transformer,T-104,Critical,95.78,1
4830,230.28,39.71,50.48,Overload,Transformer,T-104,Critical,95.97,1
4831,253.83,39.28,49.9,Overload,Transformer,T-104,Critical,88.21,1
4832,241.22,38.91,49.51,Overload,Transformer,T-104,Critical,92.37,1
4833,233.78,25.73,49.59,Overload,Transformer,T-104,Critical,94.88,1
4834,259.55,38.04,50.19,Overload,Transformer,T-104,Critical,95.77,1
4835,255.49,32.77,50.08,Overload,Transformer,T-104,Critical,91.87,1
4836,272.3,32.89,50.3,Overload,Transformer,T-104,Critical,94.29,1
4837,239.55,33.0,49.7,Overload,Transformer,T-104,Critical,92.67,1
4838,263.87,39.94,49.53,Overload,Transformer,T-104,Critical,88.73,1
4839,233.85,27.97,50.32,Overload,Transformer,T-104,Critical,94.75,1
4840,266.85,37.94,49.82,Overload,Transformer,T-104,Critical,88.71,1
4841,232.91,37.04,50.23,Overload,Transformer,T-104,Critical,93.59,1
4842,246.98,27.6,50.46,Overload,Transformer,T-104,Critical,88.51,1
4843,268.69,26.19,49.54,Overload,Transformer,T-104,Critical,93.94,1
4844,246.55,34.44,50.21,Overload,Transformer,T-104,Critical,92.28,1
4845,268.87,31.62,49.79,Overload,Transformer,T-104,Critical,93.87,1
4846,259.46,20.25,50.4,Overload,Transformer,T-104,Critical,92.37,1
4847,273.43,37.65,49.94,Overload,Transformer,T-104,Critical,92.06,1
4848,250.79,28.99,50.4,Overload,Transformer,T-104,Critical,94.31,1
4849,236.33,32.21,50.5,Overload,Transformer,T-104,Critical,92.76,1
4850,269.29,35.38,49.85,Overload,Transformer,T-104,Critical,90.97,1
4851,266.2,30.0,50.07,Overload,Transformer,T-104,Critical,93.7,1
4852,268.88,25.43,49.65,Overload,Transformer,T-104,Critical,90.33,1
4853,255.38,26.84,50.07,Overload,Transformer,T-104,Critical,88.43,1
4854,255.49,27.36,50.03,Overload,Transformer,T-104,Critical,91.38,1
4855,244.21,38.08,49.68,Overload,Transformer,T-104,Critical,93.45,1
4856,276.23,30.77,50.38,Overload,Transformer,T-104,Critical,89.0,1
4857,254.69,29.14,49.51,Overload,Transformer,T-104,Critical,91.55,1
4858,248.45,33.4,50.44,Overload,Transformer,T-104,Critical,88.69,1
4859,246.37,28.88,49.96,Overload,Transformer,T-104,Critical,94.2,1
4860,252.17,20.54,50.21,Overload,Transformer,T-104,Critical,95.08,1
4861,255.7,31.62,49.66,Overload,Transformer,T-104,Critical,89.77,1
4862,241.76,28.61,50.43,Overload,Transformer,T-104,Critical,92.17,1
4863,239.6,25.32,49.88,Overload,Transformer,T-104,Critical,92.99,1
4864,252.0,27.85,50.06,Overload,Transformer,T-104,Critical,89.93,1
4865,233.95,20.49,49.75,Overload,Transformer,T-104,Critical,88.73,1
4866,246.82,35.46,50.22,Overload,Transformer,T-104,Critical,92.89,1
4867,272.63,25.64,50.39,Overload,Transformer,T-104,Critical,91.19,1
4868,250.04,28.11,49.6,Overload,Transformer,T-104,Critical,95.8,1
4869,236.93,26.82,49.82,Overload,Transformer,T-104,Critical,88.6,1
4870,237.61,20.9,49.79,Overload,Transformer,T-104,Critical,94.93,1
4871,246.97,22.47,50.15,Overload,Transformer,T-104,Critical,95.97,1
4872,241.62,25.59,50.47,Overload,Transformer,T-104,Critical,89.43,1
4873,255.56,24.79,50.43,Overload,Transformer,T-104,Critical,95.85,1
4874,270.73,26.3,49.9,Overload,Transformer,T-104,Critical,89.94,1
4875,274.54,38.29,49.92,Overload,Transformer,T-104,Critical,93.25,1
4876,238.28,28.7,50.13,Overload,Transformer,T-104,Critical,91.08,1
4877,247.88,20.02,50.3,Overload,Transformer,T-104,Critical,95.11,1
4878,278.47,34.39,50.05,Overload,Transformer,T-104,Critical,90.15,1
4879,279.96,31.8,50.18,Overload,Transformer,T-104,Critical,93.46,1
4880,272.26,20.19,49.72,Overload,Transformer,T-104,Critical,93.32,1
4881,274.76,33.71,49.91,Overload,Transformer,T-104,Critical,90.89,1
4882,266.9,34.82,50.11,Overload,Transformer,T-104,Critical,90.33,1
4883,276.26,31.04,50.29,Overload,Transformer,T-104,Critical,89.71,1
4884,247.2,37.49,49.55,Overload,Transformer,T-104,Critical,92.1,1
4885,254.09,35.02,49.78,Overload,Transformer,T-104,Critical,89.75,1
4886,276.31,31.43,49.6,Overload,Transformer,T-104,Critical,89.54,1
4887,279.94,23.91,50.11,Overload,Transformer,T-104,Critical,91.36,1
4888,274.28,35.1,50.1,Overload,Transformer,T-104,Critical,88.09,1
4889,273.99,28.89,50.43,Overload,Transformer,T-104,Critical,91.96,1
4890,264.71,21.39,50.25,Overload,Transformer,T-104,Critical,90.7,1
4891,247.57,22.37,49.65,Overload,Transformer,T-104,Critical,89.49,1
4892,246.41,37.84,49.87,Overload,Transformer,T-104,Critical,93.79,1
4893,234.14,31.82,49.98,Overload,Transformer,T-104,Critical,95.82,1
4894,272.31,29.1,50.28,Overload,Transformer,T-104,Critical,89.54,1
4895,258.12,21.49,49.85,Overload,Transformer,T-104,Critical,89.81,1
4896,265.95,29.8,50.25,Overload,Transformer,T-104,Critical,92.12,1
4897,234.32,34.71,50.33,Overload,Transformer,T-104,Critical,95.23,1
4898,258.6,35.07,50.25,Overload,Transformer,T-104,Critical,89.25,1
4899,238.21,21.42,49.82,Overload,Transformer,T-104,Critical,91.79,1
4900,279.89,28.62,50.23,Overload,Transformer,T-104,Critical,93.55,1
4901,240.22,21.17,50.05,Overload,Transformer,T-104,Critical,93.6,1
4902,279.91,27.17,50.4,Overload,Transformer,T-104,Critical,91.06,1
4903,264.47,31.97,49.55,Overload,Transformer,T-104,Critical,88.63,1
4904,231.04,27.42,50.25,Overload,Transformer,T-104,Critical,89.38,1
4905,260.29,25.78,50.3,Overload,Transformer,T-104,Critical,94.39,1
4906,268.77,30.5,49.78,Overload,Transformer,T-104,Critical,94.48,1
4907,239.31,25.8,49.68,Overload,Transformer,T-104,Critical,93.39,1
4908,264.31,33.05,49.92,Overload,Transformer,T-104,Critical,88.8,1
4909,275.56,30.15,49.91,Overload,Transformer,T-104,Critical,92.71,1
4910,239.64,22.65,49.91,Overload,Transformer,T-104,Critical,89.82,1
4911,242.21,37.85,50.03,Overload,Transformer,T-104,Critical,91.87,1
4912,264.47,39.03,49.61,Overload,Transformer,T-104,Critical,94.67,1
4913,259.2,22.92,49.8,Overload,Transformer,T-104,Critical,91.86,1
4914,264.56,24.85,50.03,Overload,Transformer,T-104,Critical,93.48,1
4915,252.44,37.26,50.37,Overload,Transformer,T-104,Critical,91.77,1
4916,278.65,21.51,49.5,Overload,Transformer,T-104,Critical,91.05,1
4917,260.05,32.58,49.98,Overload,Transformer,T-104,Critical,89.0,1
4918,238.52,37.04,50.37,Overload,Transformer,T-104,Critical,93.39,1
4919,263.21,31.95,49.7,Overload,Transformer,T-104,Critical,91.43,1
4920,264.79,30.75,49.52,Overload,Transformer,T-104,Critical,95.63,1
4921,272.24,25.21,50.12,Overload,Transformer,T-104,Critical,95.39,1
4922,234.8,30.06,49.96,Overload,Transformer,T-104,Critical,91.28,1
4923,271.78,27.61,49.56,Overload,Transformer,T-104,Critical,88.53,1
4924,232.14,28.18,50.22,Overload,Transformer,T-104,Critical,89.63,1
4925,262.32,33.74,49.76,Overload,Transformer,T-104,Critical,92.8,1
4926,264.24,29.33,49.84,Overload,Transformer,T-104,Critical,92.95,1
4927,278.89,28.54,49.89,Overload,Transformer,T-104,Critical,91.71,1
4928,233.81,31.06,49.83,Overload,Transformer,T-104,Critical,88.97,1
4929,253.31,20.07,49.9,Overload,Transformer,T-104,Critical,88.85,1
4930,231.21,36.49,50.42,Overload,Transformer,T-104,Critical,89.66,1
4931,256.96,25.56,49.99,Overload,Transformer,T-104,Critical,91.49,1
4932,243.45,34.01,49.63,Overload,Transformer,T-104,Critical,88.42,1
4933,268.38,33.32,50.0,Overload,Transformer,T-104,Critical,91.74,1
4934,254.87,28.74,49.89,Overload,Transformer,T-104,Critical,92.0,1
4935,256.43,33.84,50.21,Overload,Transformer,T-104,Critical,91.02,1
4936,250.68,27.47,50.04,Overload,Transformer,T-104,Critical,91.63,1
4937,274.48,33.93,50.4,Overload,Transformer,T-104,Critical,93.67,1
4938,278.55,32.71,50.46,Overload,Transformer,T-104,Critical,89.27,1
4939,232.62,31.58,50.48,Overload,Transformer,T-104,Critical,91.34,1
4940,240.6,30.43,50.15,Overload,Transformer,T-104,Critical,90.52,1
4941,265.74,39.5,50.4,Overload,Transformer,T-104,Critical,90.33,1
4942,246.34,27.43,49.89,Overload,Transformer,T-104,Critical,88.8,1
4943,268.1,27.31,50.38,Overload,Transformer,T-104,Critical,95.42,1
4944,231.22,39.77,50.21,Overload,Transformer,T-104,Critical,92.16,1
4945,249.48,30.37,49.82,Overload,Transformer,T-104,Critical,92.98,1
4946,234.65,32.42,49.78,Overload,Transformer,T-104,Critical,88.14,1
4947,257.64,31.57,49.93,Overload,Transformer,T-104,Critical,88.58,1
4948,274.67,32.23,49.62,Overload,Transformer,T-104,Critical,92.09,1
4949,254.86,21.21,50.11,Overload,Transformer,T-104,Critical,94.47,1
4950,267.45,24.06,50.36,Overload,Transformer,T-104,Critical,90.74,1
4951,277.33,21.43,49.99,Overload,Transformer,T-104,Critical,92.78,1
4952,242.38,35.43,50.13,Overload,Transformer,T-104,Critical,88.14,1
4953,260.42,29.83,49.7,Overload,Transformer,T-104,Critical,95.97,1
4954,274.86,25.85,50.04,Overload,Transformer,T-104,Critical,90.53,1
4955,268.77,38.61,49.86,Overload,Transformer,T-104,Critical,94.44,1
4956,254.92,27.93,50.44,Overload,Transformer,T-104,Critical,92.08,1
4957,253.37,33.45,49.76,Overload,Transformer,T-104,Critical,90.6,1
4958,276.6,33.57,50.33,Overload,Transformer,T-104,Critical,90.17,1
4959,257.19,39.43,49.82,Overload,Transformer,T-104,Critical,89.28,1
4960,255.54,27.76,49.66,Overload,Transformer,T-104,Critical,95.11,1
4961,279.54,31.37,50.27,Overload,Transformer,T-104,Critical,94.87,1
4962,265.05,20.88,49.66,Overload,Transformer,T-104,Critical,88.57,1
4963,230.49,26.12,49.89,Overload,Transformer,T-104,Critical,89.93,1
4964,233.23,30.6,49.77,Overload,Transformer,T-104,Critical,94.37,1
4965,230.4,36.85,50.45,Overload,Transformer,T-104,Critical,93.73,1
4966,266.68,38.67,49.71,Overload,Transformer,T-104,Critical,95.96,1
4967,268.67,34.53,49.86,Overload,Transformer,T-104,Critical,92.37,1
4968,262.7,32.41,50.2,Overload,Transformer,T-104,Critical,88.66,1
4969,247.78,28.68,49.76,Overload,Transformer,T-104,Critical,89.38,1
4970,236.95,27.33,49.99,Overload,Transformer,T-104,Critical,88.5,1
4971,277.32,35.3,50.23,Overload,Transformer,T-104,Critical,89.38,1
4972,260.19,30.59,50.48,Overload,Transformer,T-104,Critical,93.98,1
4973,258.79,37.02,49.66,Overload,Transformer,T-104,Critical,88.12,1
4974,264.51,21.97,49.62,Overload,Transformer,T-104,Critical,93.96,1
4975,243.53,32.57,50.42,Overload,Transformer,T-104,Critical,90.53,1
4976,240.86,22.13,49.63,Overload,Transformer,T-104,Critical,88.5,1
4977,234.38,28.64,49.82,Overload,Transformer,T-104,Critical,93.65,1
4978,273.51,35.7,50.03,Overload,Transformer,T-104,Critical,88.82,1
4979,265.49,27.26,49.59,Overload,Transformer,T-104,Critical,94.74,1
4980,246.91,24.36,50.37,Overload,Transformer,T-104,Critical,95.22,1
4981,246.95,27.1,50.08,Overload,Transformer,T-104,Critical,93.87,1
4982,233.16,31.87,50.45,Overload,Transformer,T-104,Critical,90.1,1
4983,275.44,39.0,49.77,Overload,Transformer,T-104,Critical,94.03,1
4984,241.94,34.75,50.3,Overload,Transformer,T-104,Critical,89.98,1
4985,265.79,36.24,49.86,Overload,Transformer,T-104,Critical,89.34,1
4986,234.6,31.51,50.48,Overload,Transformer,T-104,Critical,94.58,1
4987,251.79,30.73,49.78,Overload,Transformer,T-104,Critical,89.3,1
4988,254.1,29.27,50.02,Overload,Transformer,T-104,Critical,95.62,1
4989,260.19,32.12,49.63,Overload,Transformer,T-104,Critical,95.97,1
4990,268.64,37.54,49.91,Overload,Transformer,T-104,Critical,92.02,1
4991,256.1,23.88,50.19,Overload,Transformer,T-104,Critical,95.22,1
4992,238.19,21.73,50.24,Overload,Transformer,T-104,Critical,90.19,1
4993,261.19,33.92,49.82,Overload,Transformer,T-104,Critical,94.52,1
4994,257.5,37.38,50.26,Overload,Transformer,T-104,Critical,94.95,1
4995,231.01,24.87,49.59,Overload,Transformer,T-104,Critical,91.54,1
4996,274.5,29.35,50.35,Overload,Transformer,T-104,Critical,90.62,1
4997,246.98,37.91,49.93,Overload,Transformer,T-104,Critical,94.32,1
4998,241.83,38.98,50.07,Overload,Transformer,T-104,Critical,94.07,1
4999,234.48,29.85,50.4,Overload,Transformer,T-104,Critical,95.02,1
5000,232.34,26.07,49.94,Overload,Transformer,T-104,Critical,89.38,1
5001,186.5,29.61,48.52,Line Fault,Feeder,F-15B,High,87.96,2
5002,174.1,43.46,49.44,Line Fault,Feeder,F-15B,High,81.4,2
5003,185.48,30.76,48.62,Line Fault,Feeder,F-15B,High,80.39,2
5004,156.8,32.99,48.51,Line Fault,Feeder,F-15B,High,90.8,2
5005,187.09,49.3,48.9,Line Fault,Feeder,F-15B,High,82.9,2
5006,166.38,33.0,48.49,Line Fault,Feeder,F-15B,High,88.08,2
5007,176.54,34.64,48.22,Line Fault,Feeder,F-15B,High,80.27,2
5008,160.94,27.69,49.18,Line Fault,Feeder,F-15B,High,81.35,2
5009,186.21,34.64,48.11,Line Fault,Feeder,F-15B,High,89.75,2
5010,178.98,30.89,49.34,Line Fault,Feeder,F-15B,High,80.54,2
5011,160.09,43.8,49.06,Line Fault,Feeder,F-15B,High,83.47,2
5012,153.1,46.45,48.47,Line Fault,Feeder,F-15B,High,82.35,2
5013,175.8,47.76,48.07,Line Fault,Feeder,F-15B,High,89.19,2
5014,178.62,35.64,49.12,Line Fault,Feeder,F-15B,High,91.59,2
5015,161.46,28.59,49.37,Line Fault,Feeder,F-15B,High,88.03,2
5016,171.9,39.33,49.12,Line Fault,Feeder,F-15B,High,89.28,2
5017,195.99,35.67,48.44,Line Fault,Feeder,F-15B,High,87.68,2
5018,170.79,39.86,48.63,Line Fault,Feeder,F-15B,High,81.84,2
5019,173.47,42.27,49.2,Line Fault,Feeder,F-15B,High,85.92,2
5020,158.26,35.37,49.18,Line Fault,Feeder,F-15B,High,84.95,2
5021,184.83,37.68,48.36,Line Fault,Feeder,F-15B,High,89.55,2
5022,154.21,38.12,48.31,Line Fault,Feeder,F-15B,High,80.8,2
5023,175.15,37.49,49.06,Line Fault,Feeder,F-15B,High,88.94,2
5024,186.39,35.24,48.95,Line Fault,Feeder,F-15B,High,86.92,2
5025,171.08,39.93,49.42,Line Fault,Feeder,F-15B,High,82.31,2
5026,195.29,26.34,48.46,Line Fault,Feeder,F-15B,High,83.46,2
5027,181.32,28.28,49.32,Line Fault,Feeder,F-15B,High,89.94,2
5028,182.6,36.46,49.4,Line Fault,Feeder,F-15B,High,89.97,2
5029,174.97,42.55,48.85,Line Fault,Feeder,F-15B,High,87.06,2
5030,166.55,36.55,48.12,Line Fault,Feeder,F-15B,High,84.29,2
5031,184.79,48.83,49.44,Line Fault,Feeder,F-15B,High,86.67,2
5032,180.33,29.64,49.04,Line Fault,Feeder,F-15B,High,80.85,2
5033,164.23,41.71,48.47,Line Fault,Feeder,F-15B,High,80.6,2
5034,191.59,32.76,48.09,Line Fault,Feeder,F-15B,High,80.9,2
5035,162.59,29.45,49.16,Line Fault,Feeder,F-15B,High,83.86,2
5036,190.23,29.35,48.74,Line Fault,Feeder,F-15B,High,88.26,2
5037,182.6,40.03,49.39,Line Fault,Feeder,F-15B,High,82.74,2
5038,174.69,47.1,48.12,Line Fault,Feeder,F-15B,High,80.67,2
5039,161.67,40.83,48.39,Line Fault,Feeder,F-15B,High,82.28,2
5040,172.94,40.34,48.37,Line Fault,Feeder,F-15B,High,83.61,2
5041,180.68,48.64,49.01,Line Fault,Feeder,F-15B,High,89.39,2
5042,168.34,31.81,48.68,Line Fault,Feeder,F-15B,High,89.69,2
5043,172.81,46.17,49.48,Line Fault,Feeder,F-15B,High,80.86,2
5044,152.27,28.74,48.58,Line Fault,Feeder,F-15B,High,81.57,2
5045,193.53,25.58,48.47,Line Fault,Feeder,F-15B,High,82.22,2
5046,196.58,41.74,49.37,Line Fault,Feeder,F-15B,High,91.67,2
5047,174.85,30.86,48.29,Line Fault,Feeder,F-15B,High,82.68,2
5048,185.43,26.01,48.08,Line Fault,Feeder,F-15B,High,87.3,2
5049,182.1,41.63,48.56,Line Fault,Feeder,F-15B,High,89.67,2
5050,176.68,27.64,49.2,Line Fault,Feeder,F-15B,High,91.44,2
5051,153.0,34.78,48.73,Line Fault,Feeder,F-15B,High,81.76,2
5052,193.39,32.1,49.17,Line Fault,Feeder,F-15B,High,88.05,2
5053,179.9,29.8,48.33,Line Fault,Feeder,F-15B,High,80.57,2
5054,162.04,33.64,49.25,Line Fault,Feeder,F-15B,High,84.4,2
5055,187.73,35.99,49.18,Line Fault,Feeder,F-15B,High,91.72,2
5056,161.99,46.56,48.93,Line Fault,Feeder,F-15B,High,89.81,2
5057,182.58,35.6,48.34,Line Fault,Feeder,F-15B,High,80.84,2
5058,176.78,49.76,49.11,Line Fault,Feeder,F-15B,High,83.93,2
5059,191.36,44.22,48.42,Line Fault,Feeder,F-15B,High,80.17,2
5060,155.91,46.93,49.25,Line Fault,Feeder,F-15B,High,83.54,2
5061,164.26,44.82,49.41,Line Fault,Feeder,F-15B,High,89.35,2
5062,180.28,31.07,48.79,Line Fault,Feeder,F-15B,High,82.8,2
5063,190.4,34.67,49.25,Line Fault,Feeder,F-15B,High,84.58,2
5064,191.21,33.33,48.66,Line Fault,Feeder,F-15B,High,87.39,2
5065,153.51,48.71,48.86,Line Fault,Feeder,F-15B,High,86.09,2
5066,191.97,46.64,48.78,Line Fault,Feeder,F-15B,High,91.13,2
5067,153.24,27.83,48.9,Line Fault,Feeder,F-15B,High,84.25,2
5068,173.21,33.2,48.61,Line Fault,Feeder,F-15B,High,89.87,2
5069,179.67,49.93,49.18,Line Fault,Feeder,F-15B,High,83.28,2
5070,163.22,33.4,49.26,Line Fault,Feeder,F-15B,High,80.33,2
5071,161.51,47.62,48.96,Line Fault,Feeder,F-15B,High,82.72,2
5072,160.96,46.57,49.34,Line Fault,Feeder,F-15B,High,83.07,2
5073,171.03,45.86,49.16,Line Fault,Feeder,F-15B,High,89.77,2
5074,175.92,47.79,48.49,Line Fault,Feeder,F-15B,High,81.88,2
5075,185.44,38.48,49.28,Line Fault,Feeder,F-15B,High,80.97,2
5076,192.18,32.33,48.98,Line Fault,Feeder,F-15B,High,80.48,2
5077,180.48,42.93,48.55,Line Fault,Feeder,F-15B,High,82.58,2
5078,176.88,45.83,48.49,Line Fault,Feeder,F-15B,High,83.03,2
5079,163.95,48.73,48.54,Line Fault,Feeder,F-15B,High,80.04,2
5080,189.08,42.48,48.19,Line Fault,Feeder,F-15B,High,91.82,2
5081,180.4,37.52,48.57,Line Fault,Feeder,F-15B,High,90.78,2
5082,162.2,32.14,48.18,Line Fault,Feeder,F-15B,High,89.11,2
5083,179.78,40.23,48.33,Line Fault,Feeder,F-15B,High,87.81,2
5084,188.27,33.95,49.2,Line Fault,Feeder,F-15B,High,84.19,2
5085,187.91,25.84,48.83,Line Fault,Feeder,F-15B,High,91.63,2
5086,199.06,32.04,48.66,Line Fault,Feeder,F-15B,High,80.76,2
5087,193.67,39.21,48.58,Line Fault,Feeder,F-15B,High,81.35,2
5088,197.34,38.26,48.42,Line Fault,Feeder,F-15B,High,84.2,2
5089,163.53,40.05,49.39,Line Fault,Feeder,F-15B,High,90.28,2
5090,173.02,45.66,48.63,Line Fault,Feeder,F-15B,High,83.03,2
5091,199.17,32.6,48.49,Line Fault,Feeder,F-15B,High,91.88,2
5092,156.7,44.01,49.4,Line Fault,Feeder,F-15B,High,86.14,2
5093,150.13,34.38,48.17,Line Fault,Feeder,F-15B,High,84.99,2
5094,189.5,35.97,48.65,Line Fault,Feeder,F-15B,High,86.68,2
5095,179.08,46.41,48.46,Line Fault,Feeder,F-15B,High,89.86,2
5096,178.3,32.51,48.44,Line Fault,Feeder,F-15B,High,84.33,2
5097,181.13,30.77,49.38,Line Fault,Feeder,F-15B,High,86.9,2
5098,196.0,26.16,48.51,Line Fault,Feeder,F-15B,High,80.27,2
5099,163.61,46.55,48.05,Line Fault,Feeder,F-15B,High,85.23,2
5100,155.88,35.42,49.26,Line Fault,Feeder,F-15B,High,87.48,2
5101,186.84,33.73,49.42,Line Fault,Feeder,F-15B,High,88.51,2
5102,171.09,35.66,49.38,Line Fault,Feeder,F-15B,High,86.92,2
5103,185.32,35.43,48.34,Line Fault,Feeder,F-15B,High,88.68,2
5104,180.39,37.53,48.94,Line Fault,Feeder,F-15B,High,82.5,2
5105,189.7,48.7,49.34,Line Fault,Feeder,F-15B,High,83.86,2
5106,170.3,45.21,48.89,Line Fault,Feeder,F-15B,High,86.57,2
5107,196.33,38.4,48.77,Line Fault,Feeder,F-15B,High,80.5,2
5108,153.47,25.19,49.37,Line Fault,Feeder,F-15B,High,84.9,2
5109,173.43,46.13,48.91,Line Fault,Feeder,F-15B,High,87.31,2
5110,164.83,45.85,48.25,Line Fault,Feeder,F-15B,High,80.64,2
5111,159.58,31.69,48.42,Line Fault,Feeder,F-15B,High,88.05,2
5112,160.89,41.92,48.14,Line Fault,Feeder,F-15B,High,81.77,2
5113,175.44,48.05,49.29,Line Fault,Feeder,F-15B,High,91.63,2
5114,182.52,41.9,48.94,Line Fault,Feeder,F-15B,High,87.47,2
5115,157.36,38.59,48.58,Line Fault,Feeder,F-15B,High,85.31,2
5116,176.18,28.21,48.54,Line Fault,Feeder,F-15B,High,80.76,2
5117,198.98,27.96,48.39,Line Fault,Feeder,F-15B,High,90.7,2
5118,174.14,28.39,48.58,Line Fault,Feeder,F-15B,High,81.39,2
5119,160.01,26.3,48.66,Line Fault,Feeder,F-15B,High,89.68,2
5120,179.3,40.16,48.3,Line Fault,Feeder,F-15B,High,84.13,2
5121,192.26,27.2,49.29,Line Fault,Feeder,F-15B,High,85.8,2
5122,191.86,32.95,48.51,Line Fault,Feeder,F-15B,High,89.02,2
5123,189.25,30.74,49.46,Line Fault,Feeder,F-15B,High,81.01,2
5124,153.43,39.89,49.08,Line Fault,Feeder,F-15B,High,91.53,2
5125,170.25,25.63,48.9,Line Fault,Feeder,F-15B,High,83.48,2
5126,171.65,37.21,48.1,Line Fault,Feeder,F-15B,High,85.83,2
5127,171.32,42.81,48.97,Line Fault,Feeder,F-15B,High,82.22,2
5128,160.31,31.28,48.27,Line Fault,Feeder,F-15B,High,87.89,2
5129,199.72,41.3,48.91,Line Fault,Feeder,F-15B,High,84.92,2
5130,165.63,47.78,49.45,Line Fault,Feeder,F-15B,High,85.96,2
5131,164.51,44.25,48.2,Line Fault,Feeder,F-15B,High,89.19,2
5132,190.95,28.12,49.47,Line Fault,Feeder,F-15B,High,91.83,2
5133,196.84,37.4,48.37,Line Fault,Feeder,F-15B,High,86.98,2
5134,171.0,30.15,48.64,Line Fault,Feeder,F-15B,High,87.97,2
5135,153.55,33.34,48.03,Line Fault,Feeder,F-15B,High,88.99,2
5136,182.03,26.57,49.45,Line Fault,Feeder,F-15B,High,80.27,2
5137,179.5,44.41,49.18,Line Fault,Feeder,F-15B,High,80.41,2
5138,195.32,47.96,48.84,Line Fault,Feeder,F-15B,High,85.78,2
5139,152.24,39.05,48.61,Line Fault,Feeder,F-15B,High,89.27,2
5140,170.19,42.09,48.15,Line Fault,Feeder,F-15B,High,81.6,2
5141,156.99,26.14,48.81,Line Fault,Feeder,F-15B,High,89.53,2
5142,180.52,39.37,49.02,Line Fault,Feeder,F-15B,High,84.08,2
5143,168.1,32.86,49.07,Line Fault,Feeder,F-15B,High,81.94,2
5144,150.65,39.9,49.41,Line Fault,Feeder,F-15B,High,87.31,2
5145,189.15,41.82,48.75,Line Fault,Feeder,F-15B,High,88.62,2
5146,191.21,30.62,48.5,Line Fault,Feeder,F-15B,High,82.68,2
5147,172.61,47.13,48.52,Line Fault,Feeder,F-15B,High,84.49,2
5148,193.02,37.88,48.8,Line Fault,Feeder,F-15B,High,90.33,2
5149,174.53,42.04,48.13,Line Fault,Feeder,F-15B,High,82.14,2
5150,170.22,37.37,49.45,Line Fault,Feeder,F-15B,High,91.65,2
5151,192.56,32.89,49.45,Line Fault,Feeder,F-15B,High,88.27,2
5152,169.65,42.54,48.02,Line Fault,Feeder,F-15B,High,81.75,2
5153,191.48,41.14,48.55,Line Fault,Feeder,F-15B,High,86.01,2
5154,195.26,40.79,48.6,Line Fault,Feeder,F-15B,High,81.44,2
5155,164.69,49.46,48.66,Line Fault,Feeder,F-15B,High,85.66,2
5156,174.93,47.1,48.91,Line Fault,Feeder,F-15B,High,88.32,2
5157,169.47,25.73,49.4,Line Fault,Feeder,F-15B,High,91.39,2
5158,197.46,48.59,49.22,Line Fault,Feeder,F-15B,High,88.22,2
5159,192.23,40.01,48.2,Line Fault,Feeder,F-15B,High,84.69,2
5160,198.56,33.78,49.3,Line Fault,Feeder,F-15B,High,81.12,2
5161,166.71,33.77,48.08,Line Fault,Feeder,F-15B,High,81.43,2
5162,159.66,45.95,48.1,Line Fault,Feeder,F-15B,High,83.58,2
5163,150.51,42.39,48.93,Line Fault,Feeder,F-15B,High,87.74,2
5164,168.72,30.21,49.08,Line Fault,Feeder,F-15B,High,89.73,2
5165,156.93,37.17,48.37,Line Fault,Feeder,F-15B,High,82.02,2
5166,186.72,38.45,48.32,Line Fault,Feeder,F-15B,High,83.72,2
5167,198.33,46.22,49.32,Line Fault,Feeder,F-15B,High,85.52,2
5168,181.19,34.42,48.12,Line Fault,Feeder,F-15B,High,84.81,2
5169,179.7,32.18,49.27,Line Fault,Feeder,F-15B,High,81.81,2
5170,168.36,28.12,48.61,Line Fault,Feeder,F-15B,High,80.48,2
5171,163.63,35.02,48.72,Line Fault,Feeder,F-15B,High,86.52,2
5172,163.75,38.08,48.76,Line Fault,Feeder,F-15B,High,83.79,2
5173,191.51,38.64,48.5,Line Fault,Feeder,F-15B,High,91.37,2
5174,192.26,49.56,49.04,Line Fault,Feeder,F-15B,High,84.54,2
5175,164.04,41.58,49.47,Line Fault,Feeder,F-15B,High,87.52,2
5176,194.08,33.23,48.61,Line Fault,Feeder,F-15B,High,90.88,2
5177,187.84,49.54,49.16,Line Fault,Feeder,F-15B,High,85.38,2
5178,176.55,47.51,48.83,Line Fault,Feeder,F-15B,High,83.06,2
5179,171.78,37.91,48.15,Line Fault,Feeder,F-15B,High,88.93,2
5180,155.47,35.12,49.21,Line Fault,Feeder,F-15B,High,85.61,2
5181,192.1,33.55,49.44,Line Fault,Feeder,F-15B,High,82.51,2
5182,151.91,46.81,49.13,Line Fault,Feeder,F-15B,High,82.78,2
5183,199.24,37.56,49.43,Line Fault,Feeder,F-15B,High,86.06,2
5184,173.59,36.23,48.5,Line Fault,Feeder,F-15B,High,86.4,2
5185,172.63,25.92,48.39,Line Fault,Feeder,F-15B,High,82.56,2
5186,193.37,39.97,49.15,Line Fault,Feeder,F-15B,High,91.48,2
5187,182.2,49.57,48.47,Line Fault,Feeder,F-15B,High,82.24,2
5188,170.17,36.77,49.34,Line Fault,Feeder,F-15B,High,86.72,2
5189,164.61,43.57,48.76,Line Fault,Feeder,F-15B,High,81.95,2
5190,178.84,47.78,49.26,Line Fault,Feeder,F-15B,High,87.04,2
5191,168.85,27.17,48.7,Line Fault,Feeder,F-15B,High,89.02,2
5192,168.01,30.89,49.4,Line Fault,Feeder,F-15B,High,89.86,2
5193,181.91,28.42,48.22,Line Fault,Feeder,F-15B,High,81.24,2
5194,180.81,27.89,49.26,Line Fault,Feeder,F-15B,High,91.92,2
5195,168.32,36.34,49.07,Line Fault,Feeder,F-15B,High,91.25,2
5196,194.7,26.44,48.25,Line Fault,Feeder,F-15B,High,89.06,2
5197,184.44,28.33,48.75,Line Fault,Feeder,F-15B,High,89.37,2
5198,160.94,46.78,48.08,Line Fault,Feeder,F-15B,High,89.39,2
5199,180.79,32.88,49.08,Line Fault,Feeder,F-15B,High,89.39,2
5200,196.69,34.19,49.03,Line Fault,Feeder,F-15B,High,87.23,2
5201,176.26,47.26,48.0,Line Fault,Feeder,F-15B,High,83.39,2
5202,176.91,29.46,49.36,Line Fault,Feeder,F-15B,High,87.77,2
5203,173.89,45.37,48.68,Line Fault,Feeder,F-15B,High,86.7,2
5204,150.14,34.14,48.21,Line Fault,Feeder,F-15B,High,88.28,2
5205,173.95,32.54,48.7,Line Fault,Feeder,F-15B,High,82.52,2
5206,196.25,26.35,49.3,Line Fault,Feeder,F-15B,High,86.14,2
5207,180.95,32.57,49.45,Line Fault,Feeder,F-15B,High,83.38,2
5208,179.44,49.84,49.32,Line Fault,Feeder,F-15B,High,86.44,2
5209,199.52,42.53,48.31,Line Fault,Feeder,F-15B,High,84.87,2
5210,166.72,33.6,49.14,Line Fault,Feeder,F-15B,High,87.01,2
5211,151.9,46.94,48.45,Line Fault,Feeder,F-15B,High,91.96,2
5212,197.71,48.51,49.22,Line Fault,Feeder,F-15B,High,82.65,2
5213,176.63,30.61,48.39,Line Fault,Feeder,F-15B,High,87.33,2
5214,152.04,49.24,49.38,Line Fault,Feeder,F-15B,High,84.57,2
5215,175.77,36.65,49.32,Line Fault,Feeder,F-15B,High,88.26,2
5216,163.91,36.17,48.64,Line Fault,Feeder,F-15B,High,91.51,2
5217,158.77,27.24,49.32,Line Fault,Feeder,F-15B,High,90.76,2
5218,193.59,37.77,48.99,Line Fault,Feeder,F-15B,High,86.76,2
5219,153.47,39.9,48.02,Line Fault,Feeder,F-15B,High,83.9,2
5220,196.61,32.6,49.41,Line Fault,Feeder,F-15B,High,83.0,2
5221,165.73,40.71,49.14,Line Fault,Feeder,F-15B,High,86.02,2
5222,194.11,26.01,49.38,Line Fault,Feeder,F-15B,High,82.36,2
5223,194.21,35.02,49.25,Line Fault,Feeder,F-15B,High,88.06,2
5224,158.8,47.95,48.37,Line Fault,Feeder,F-15B,High,82.93,2
5225,190.71,27.65,48.33,Line Fault,Feeder,F-15B,High,86.04,2
5226,191.52,28.69,48.82,Line Fault,Feeder,F-15B,High,88.53,2
5227,193.03,48.39,49.18,Line Fault,Feeder,F-15B,High,87.83,2
5228,171.68,27.8,49.06,Line Fault,Feeder,F-15B,High,91.91,2
5229,186.84,25.42,48.74,Line Fault,Feeder,F-15B,High,87.38,2
5230,184.48,42.99,48.84,Line Fault,Feeder,F-15B,High,82.68,2
5231,197.11,42.42,48.36,Line Fault,Feeder,F-15B,High,83.87,2
5232,196.1,47.19,48.61,Line Fault,Feeder,F-15B,High,80.46,2
5233,152.42,32.1,48.94,Line Fault,Feeder,F-15B,High,87.01,2
5234,181.69,42.93,48.03,Line Fault,Feeder,F-15B,High,81.26,2
5235,167.97,28.87,48.11,Line Fault,Feeder,F-15B,High,87.69,2
5236,190.77,43.82,49.23,Line Fault,Feeder,F-15B,High,87.99,2
5237,186.77,31.79,49.49,Line Fault,Feeder,F-15B,High,82.2,2
5238,160.72,32.22,49.46,Line Fault,Feeder,F-15B,High,91.86,2
5239,189.74,40.73,48.78,Line Fault,Feeder,F-15B,High,91.65,2
5240,184.78,48.62,48.47,Line Fault,Feeder,F-15B,High,84.01,2
5241,192.74,28.75,49.42,Line Fault,Feeder,F-15B,High,86.09,2
5242,196.32,33.42,49.07,Line Fault,Feeder,F-15B,High,85.79,2
5243,181.34,37.61,49.45,Line Fault,Feeder,F-15B,High,88.31,2
5244,162.57,47.74,48.44,Line Fault,Feeder,F-15B,High,84.46,2
5245,155.11,47.5,48.43,Line Fault,Feeder,F-15B,High,83.11,2
5246,196.01,45.14,48.21,Line Fault,Feeder,F-15B,High,89.23,2
5247,195.65,26.96,49.24,Line Fault,Feeder,F-15B,High,86.57,2
5248,183.46,37.32,49.05,Line Fault,Feeder,F-15B,High,80.41,2
5249,188.14,25.83,48.68,Line Fault,Feeder,F-15B,High,81.81,2
5250,191.18,32.84,48.68,Line Fault,Feeder,F-15B,High,85.15,2
5251,188.63,37.03,49.18,Line Fault,Feeder,F-15B,High,80.88,2
5252,159.58,38.79,49.42,Line Fault,Feeder,F-15B,High,80.9,2
5253,152.15,28.91,48.96,Line Fault,Feeder,F-15B,High,84.79,2
5254,191.28,26.8,48.29,Line Fault,Feeder,F-15B,High,83.6,2
5255,181.34,42.13,48.19,Line Fault,Feeder,F-15B,High,91.33,2
5256,167.05,42.83,48.79,Line Fault,Feeder,F-15B,High,82.67,2
5257,192.31,45.46,48.59,Line Fault,Feeder,F-15B,High,87.06,2
5258,162.89,42.25,48.46,Line Fault,Feeder,F-15B,High,90.13,2
5259,160.87,25.37,48.4,Line Fault,Feeder,F-15B,High,82.29,2
5260,175.41,30.09,49.14,Line Fault,Feeder,F-15B,High,82.9,2
5261,185.35,39.46,49.48,Line Fault,Feeder,F-15B,High,92.0,2
5262,193.48,44.0,48.58,Line Fault,Feeder,F-15B,High,89.04,2
5263,197.83,25.58,48.81,Line Fault,Feeder,F-15B,High,82.62,2
5264,177.89,36.66,48.86,Line Fault,Feeder,F-15B,High,86.61,2
5265,198.01,38.8,49.27,Line Fault,Feeder,F-15B,High,83.84,2
5266,171.91,36.76,48.42,Line Fault,Feeder,F-15B,High,84.56,2
5267,179.93,39.5,48.95,Line Fault,Feeder,F-15B,High,84.22,2
5268,165.79,40.29,48.2,Line Fault,Feeder,F-15B,High,83.04,2
5269,152.11,26.82,48.37,Line Fault,Feeder,F-15B,High,80.23,2
5270,162.27,41.37,48.09,Line Fault,Feeder,F-15B,High,85.24,2
5271,195.66,44.78,48.46,Line Fault,Feeder,F-15B,High,91.1,2
5272,166.48,26.81,49.49,Line Fault,Feeder,F-15B,High,90.44,2
5273,173.3,41.66,49.01,Line Fault,Feeder,F-15B,High,82.33,2
5274,160.0,36.74,49.37,Line Fault,Feeder,F-15B,High,80.12,2
5275,189.13,26.44,48.72,Line Fault,Feeder,F-15B,High,87.65,2
5276,184.34,26.46,48.63,Line Fault,Feeder,F-15B,High,87.01,2
5277,153.3,28.38,49.0,Line Fault,Feeder,F-15B,High,86.26,2
5278,158.09,38.38,49.37,Line Fault,Feeder,F-15B,High,80.19,2
5279,182.13,26.84,48.01,Line Fault,Feeder,F-15B,High,81.81,2
5280,171.15,45.06,48.42,Line Fault,Feeder,F-15B,High,87.51,2
5281,170.56,30.86,48.77,Line Fault,Feeder,F-15B,High,89.57,2
5282,191.62,46.16,48.51,Line Fault,Feeder,F-15B,High,89.52,2
5283,160.61,43.46,49.42,Line Fault,Feeder,F-15B,High,80.16,2
5284,172.02,41.19,49.05,Line Fault,Feeder,F-15B,High,82.11,2
5285,198.61,40.38,48.25,Line Fault,Feeder,F-15B,High,80.25,2
5286,189.16,26.99,48.21,Line Fault,Feeder,F-15B,High,86.9,2
5287,180.18,42.17,48.59,Line Fault,Feeder,F-15B,High,89.29,2
5288,198.72,31.78,49.05,Line Fault,Feeder,F-15B,High,91.14,2
5289,184.31,42.03,48.34,Line Fault,Feeder,F-15B,High,86.42,2
5290,178.13,42.5,49.5,Line Fault,Feeder,F-15B,High,80.4,2
5291,153.26,26.95,49.11,Line Fault,Feeder,F-15B,High,81.64,2
5292,181.12,33.12,48.69,Line Fault,Feeder,F-15B,High,82.59,2
5293,193.31,39.65,49.42,Line Fault,Feeder,F-15B,High,86.9,2
5294,156.2,29.27,49.48,Line Fault,Feeder,F-15B,High,88.71,2
5295,152.46,42.59,48.62,Line Fault,Feeder,F-15B,High,83.69,2
5296,157.7,46.0,48.1,Line Fault,Feeder,F-15B,High,83.48,2
5297,165.32,29.02,48.76,Line Fault,Feeder,F-15B,High,80.14,2
5298,165.05,48.34,48.47,Line Fault,Feeder,F-15B,High,84.33,2
5299,173.66,39.04,49.21,Line Fault,Feeder,F-15B,High,82.28,2
5300,193.59,43.94,49.08,Line Fault,Feeder,F-15B,High,81.04,2
5301,151.08,39.85,49.29,Line Fault,Feeder,F-15B,High,87.01,2
5302,160.66,27.26,49.05,Line Fault,Feeder,F-15B,High,88.66,2
5303,158.63,25.7,48.61,Line Fault,Feeder,F-15B,High,86.99,2
5304,185.3,45.25,48.92,Line Fault,Feeder,F-15B,High,81.33,2
5305,184.13,49.6,49.36,Line Fault,Feeder,F-15B,High,90.46,2
5306,165.11,43.77,49.28,Line Fault,Feeder,F-15B,High,88.14,2
5307,162.53,48.85,48.68,Line Fault,Feeder,F-15B,High,81.56,2
5308,155.49,41.19,48.66,Line Fault,Feeder,F-15B,High,81.13,2
5309,187.02,44.98,49.09,Line Fault,Feeder,F-15B,High,82.43,2
5310,184.49,25.27,48.46,Line Fault,Feeder,F-15B,High,84.79,2
5311,191.76,34.76,48.02,Line Fault,Feeder,F-15B,High,84.23,2
5312,174.95,48.73,49.41,Line Fault,Feeder,F-15B,High,82.17,2
5313,159.26,29.08,49.18,Line Fault,Feeder,F-15B,High,80.07,2
5314,156.36,38.45,48.37,Line Fault,Feeder,F-15B,High,81.11,2
5315,167.99,31.86,48.77,Line Fault,Feeder,F-15B,High,91.75,2
5316,156.22,34.32,49.4,Line Fault,Feeder,F-15B,High,90.52,2
5317,169.71,42.47,48.13,Line Fault,Feeder,F-15B,High,88.55,2
5318,198.64,38.44,48.75,Line Fault,Feeder,F-15B,High,82.25,2
5319,181.69,39.76,48.98,Line Fault,Feeder,F-15B,High,80.31,2
5320,177.44,39.87,48.31,Line Fault,Feeder,F-15B,High,82.5,2
5321,163.81,42.79,48.91,Line Fault,Feeder,F-15B,High,90.15,2
5322,164.78,47.8,49.12,Line Fault,Feeder,F-15B,High,84.74,2
5323,154.76,31.42,49.44,Line Fault,Feeder,F-15B,High,83.72,2
5324,166.5,29.74,49.21,Line Fault,Feeder,F-15B,High,83.31,2
5325,166.51,35.36,48.65,Line Fault,Feeder,F-15B,High,84.94,2
5326,175.19,45.36,49.23,Line Fault,Feeder,F-15B,High,89.58,2
5327,155.06,44.99,48.18,Line Fault,Feeder,F-15B,High,81.5,2
5328,197.39,45.48,48.83,Line Fault,Feeder,F-15B,High,90.5,2
5329,199.47,40.27,48.92,Line Fault,Feeder,F-15B,High,89.05,2
5330,161.61,29.18,49.14,Line Fault,Feeder,F-15B,High,84.14,2
5331,156.75,32.87,48.54,Line Fault,Feeder,F-15B,High,91.58,2
5332,184.9,38.27,49.45,Line Fault,Feeder,F-15B,High,90.84,2
5333,175.6,47.64,48.61,Line Fault,Feeder,F-15B,High,82.77,2
5334,161.63,41.56,48.75,Line Fault,Feeder,F-15B,High,87.91,2
5335,184.3,25.56,48.08,Line Fault,Feeder,F-15B,High,86.39,2
5336,159.55,40.81,48.83,Line Fault,Feeder,F-15B,High,87.03,2
5337,165.12,41.0,49.24,Line Fault,Feeder,F-15B,High,91.98,2
5338,191.92,38.94,48.29,Line Fault,Feeder,F-15B,High,88.18,2
5339,196.88,30.3,48.38,Line Fault,Feeder,F-15B,High,81.79,2
5340,186.84,35.16,48.09,Line Fault,Feeder,F-15B,High,90.5,2
5341,177.88,33.28,48.52,Line Fault,Feeder,F-15B,High,83.48,2
5342,172.77,33.43,48.82,Line Fault,Feeder,F-15B,High,89.28,2
5343,183.72,32.36,48.79,Line Fault,Feeder,F-15B,High,90.08,2
5344,153.41,26.96,48.83,Line Fault,Feeder,F-15B,High,87.67,2
5345,160.57,43.63,48.97,Line Fault,Feeder,F-15B,High,91.08,2
5346,158.45,43.78,48.13,Line Fault,Feeder,F-15B,High,86.78,2
5347,177.59,34.71,49.27,Line Fault,Feeder,F-15B,High,80.05,2
5348,176.01,30.43,49.12,Line Fault,Feeder,F-15B,High,80.52,2
5349,191.58,45.95,49.25,Line Fault,Feeder,F-15B,High,81.83,2
5350,181.52,25.36,49.27,Line Fault,Feeder,F-15B,High,88.68,2
5351,176.56,43.26,48.14,Line Fault,Feeder,F-15B,High,86.34,2
5352,164.56,49.32,49.29,Line Fault,Feeder,F-15B,High,88.8,2
5353,196.69,33.67,49.35,Line Fault,Feeder,F-15B,High,83.9,2
5354,186.64,43.41,48.03,Line Fault,Feeder,F-15B,High,84.33,2
5355,150.97,49.93,48.18,Line Fault,Feeder,F-15B,High,86.51,2
5356,189.53,30.03,48.73,Line Fault,Feeder,F-15B,High,87.29,2
5357,158.01,44.46,48.45,Line Fault,Feeder,F-15B,High,82.53,2
5358,177.91,35.26,49.38,Line Fault,Feeder,F-15B,High,90.56,2
5359,174.17,33.98,48.49,Line Fault,Feeder,F-15B,High,83.21,2
5360,177.23,45.12,48.47,Line Fault,Feeder,F-15B,High,82.28,2
5361,173.77,26.73,49.05,Line Fault,Feeder,F-15B,High,86.22,2
5362,174.82,32.51,49.36,Line Fault,Feeder,F-15B,High,81.09,2
5363,193.49,34.42,49.32,Line Fault,Feeder,F-15B,High,88.75,2
5364,155.21,45.79,49.02,Line Fault,Feeder,F-15B,High,80.39,2
5365,156.69,40.89,48.99,Line Fault,Feeder,F-15B,High,88.96,2
5366,186.01,41.49,49.15,Line Fault,Feeder,F-15B,High,86.9,2
5367,163.04,47.81,48.03,Line Fault,Feeder,F-15B,High,84.4,2
5368,186.44,35.68,48.04,Line Fault,Feeder,F-15B,High,80.79,2
5369,182.43,49.12,48.83,Line Fault,Feeder,F-15B,High,86.08,2
5370,165.92,31.42,48.03,Line Fault,Feeder,F-15B,High,83.28,2
5371,172.46,29.95,48.13,Line Fault,Feeder,F-15B,High,88.61,2
5372,194.73,48.42,48.93,Line Fault,Feeder,F-15B,High,80.63,2
5373,187.04,27.75,49.0,Line Fault,Feeder,F-15B,High,89.35,2
5374,186.29,48.8,49.11,Line Fault,Feeder,F-15B,High,88.32,2
5375,163.09,48.12,48.27,Line Fault,Feeder,F-15B,High,90.86,2
5376,165.63,28.25,49.24,Line Fault,Feeder,F-15B,High,80.03,2
5377,191.6,31.56,49.33,Line Fault,Feeder,F-15B,High,88.3,2
5378,183.31,34.13,48.09,Line Fault,Feeder,F-15B,High,89.96,2
5379,158.55,34.31,48.9,Line Fault,Feeder,F-15B,High,85.79,2
5380,159.93,28.52,48.18,Line Fault,Feeder,F-15B,High,90.36,2
5381,151.58,49.43,48.3,Line Fault,Feeder,F-15B,High,81.32,2
5382,178.85,27.0,48.9,Line Fault,Feeder,F-15B,High,90.21,2
5383,152.39,45.0,48.59,Line Fault,Feeder,F-15B,High,81.91,2
5384,158.8,47.97,48.17,Line Fault,Feeder,F-15B,High,90.4,2
5385,177.21,25.98,48.7,Line Fault,Feeder,F-15B,High,89.81,2
5386,186.31,37.22,49.29,Line Fault,Feeder,F-15B,High,81.44,2
5387,195.5,46.16,49.06,Line Fault,Feeder,F-15B,High,89.81,2
5388,177.19,41.88,48.84,Line Fault,Feeder,F-15B,High,84.27,2
5389,178.44,31.44,48.66,Line Fault,Feeder,F-15B,High,83.37,2
5390,156.14,33.05,49.28,Line Fault,Feeder,F-15B,High,84.57,2
5391,187.4,29.38,48.64,Line Fault,Feeder,F-15B,High,81.38,2
5392,156.93,40.44,48.91,Line Fault,Feeder,F-15B,High,82.56,2
5393,173.72,46.58,48.26,Line Fault,Feeder,F-15B,High,80.23,2
5394,182.6,26.34,49.47,Line Fault,Feeder,F-15B,High,87.32,2
5395,173.52,35.75,48.86,Line Fault,Feeder,F-15B,High,81.09,2
5396,196.5,40.64,48.28,Line Fault,Feeder,F-15B,High,86.75,2
5397,156.66,25.44,48.95,Line Fault,Feeder,F-15B,High,87.78,2
5398,179.18,29.59,48.91,Line Fault,Feeder,F-15B,High,80.68,2
5399,180.46,38.85,48.98,Line Fault,Feeder,F-15B,High,90.75,2
5400,192.52,49.52,49.46,Line Fault,Feeder,F-15B,High,89.27,2
5401,197.82,46.68,49.09,Line Fault,Feeder,F-15B,High,80.9,2
5402,152.45,45.94,48.73,Line Fault,Feeder,F-15B,High,89.78,2
5403,165.65,34.94,49.05,Line Fault,Feeder,F-15B,High,90.98,2
5404,154.39,46.54,49.19,Line Fault,Feeder,F-15B,High,83.79,2
5405,167.76,26.16,48.02,Line Fault,Feeder,F-15B,High,85.72,2
5406,154.78,29.85,49.27,Line Fault,Feeder,F-15B,High,86.85,2
5407,181.68,29.69,49.24,Line Fault,Feeder,F-15B,High,90.42,2
5408,176.17,47.81,49.27,Line Fault,Feeder,F-15B,High,88.78,2
5409,186.7,27.63,48.41,Line Fault,Feeder,F-15B,High,80.8,2
5410,150.43,28.96,49.32,Line Fault,Feeder,F-15B,High,82.88,2
5411,198.51,39.93,48.36,Line Fault,Feeder,F-15B,High,85.97,2
5412,160.95,49.6,49.27,Line Fault,Feeder,F-15B,High,80.31,2
5413,197.39,43.03,48.12,Line Fault,Feeder,F-15B,High,88.05,2
5414,182.35,30.47,49.14,Line Fault,Feeder,F-15B,High,81.04,2
5415,174.47,25.25,49.45,Line Fault,Feeder,F-15B,High,89.02,2
5416,157.94,33.54,48.24,Line Fault,Feeder,F-15B,High,89.2,2
5417,152.94,46.01,49.41,Line Fault,Feeder,F-15B,High,88.12,2
5418,160.65,34.0,48.72,Line Fault,Feeder,F-15B,High,87.26,2
5419,183.43,38.86,48.53,Line Fault,Feeder,F-15B,High,90.69,2
5420,154.07,36.66,49.16,Line Fault,Feeder,F-15B,High,80.73,2
5421,185.27,45.49,48.99,Line Fault,Feeder,F-15B,High,80.16,2
5422,159.01,33.55,48.35,Line Fault,Feeder,F-15B,High,91.55,2
5423,182.58,32.42,49.39,Line Fault,Feeder,F-15B,High,88.89,2
5424,164.23,34.47,48.3,Line Fault,Feeder,F-15B,High,91.65,2
5425,175.86,47.4,48.52,Line Fault,Feeder,F-15B,High,90.33,2
5426,152.69,49.55,49.37,Line Fault,Feeder,F-15B,High,84.36,2
5427,188.74,43.81,49.35,Line Fault,Feeder,F-15B,High,83.69,2
5428,173.28,46.62,49.17,Line Fault,Feeder,F-15B,High,84.72,2
5429,192.29,26.17,49.17,Line Fault,Feeder,F-15B,High,82.48,2
5430,164.31,37.33,48.67,Line Fault,Feeder,F-15B,High,86.25,2
5431,177.24,33.29,48.26,Line Fault,Feeder,F-15B,High,89.22,2
5432,170.0,37.65,48.97,Line Fault,Feeder,F-15B,High,90.92,2
5433,185.38,26.14,49.26,Line Fault,Feeder,F-15B,High,91.87,2
5434,173.62,49.24,48.82,Line Fault,Feeder,F-15B,High,85.52,2
5435,166.57,41.44,48.34,Line Fault,Feeder,F-15B,High,81.26,2
5436,151.36,32.31,48.59,Line Fault,Feeder,F-15B,High,86.62,2
5437,164.64,49.6,48.44,Line Fault,Feeder,F-15B,High,85.29,2
5438,155.16,31.52,48.07,Line Fault,Feeder,F-15B,High,86.71,2
5439,187.55,29.89,48.55,Line Fault,Feeder,F-15B,High,80.2,2
5440,191.98,44.5,48.09,Line Fault,Feeder,F-15B,High,84.38,2
5441,197.76,34.8,48.79,Line Fault,Feeder,F-15B,High,84.26,2
5442,179.81,49.45,49.5,Line Fault,Feeder,F-15B,High,89.3,2
5443,170.22,37.36,48.54,Line Fault,Feeder,F-15B,High,91.83,2
5444,185.39,36.22,48.02,Line Fault,Feeder,F-15B,High,86.25,2
5445,199.2,38.08,48.27,Line Fault,Feeder,F-15B,High,80.27,2
5446,167.74,47.96,49.49,Line Fault,Feeder,F-15B,High,91.34,2
5447,186.47,38.95,48.89,Line Fault,Feeder,F-15B,High,86.47,2
5448,185.35,35.47,49.0,Line Fault,Feeder,F-15B,High,81.46,2
5449,163.28,45.9,49.36,Line Fault,Feeder,F-15B,High,86.47,2
5450,151.58,48.17,49.05,Line Fault,Feeder,F-15B,High,84.97,2
5451,179.92,35.74,48.7,Line Fault,Feeder,F-15B,High,90.64,2
5452,158.05,27.59,48.0,Line Fault,Feeder,F-15B,High,83.77,2
5453,157.37,30.5,48.02,Line Fault,Feeder,F-15B,High,82.73,2
5454,166.64,25.79,48.91,Line Fault,Feeder,F-15B,High,86.83,2
5455,154.85,39.88,49.5,Line Fault,Feeder,F-15B,High,91.33,2
5456,150.13,44.88,48.53,Line Fault,Feeder,F-15B,High,80.76,2
5457,164.8,33.04,48.78,Line Fault,Feeder,F-15B,High,87.93,2
5458,187.45,31.15,48.48,Line Fault,Feeder,F-15B,High,83.7,2
5459,168.14,49.99,49.17,Line Fault,Feeder,F-15B,High,91.7,2
5460,184.66,35.16,48.58,Line Fault,Feeder,F-15B,High,85.86,2
5461,170.84,45.71,48.7,Line Fault,Feeder,F-15B,High,83.55,2
5462,188.74,46.36,48.63,Line Fault,Feeder,F-15B,High,88.01,2
5463,152.94,38.24,48.07,Line Fault,Feeder,F-15B,High,80.35,2
5464,180.65,32.58,49.11,Line Fault,Feeder,F-15B,High,90.75,2
5465,156.97,43.11,48.77,Line Fault,Feeder,F-15B,High,81.35,2
5466,182.58,40.24,48.77,Line Fault,Feeder,F-15B,High,91.12,2
5467,176.05,49.76,48.76,Line Fault,Feeder,F-15B,High,81.39,2
5468,173.52,29.56,48.9,Line Fault,Feeder,F-15B,High,88.32,2
5469,173.42,27.44,48.7,Line Fault,Feeder,F-15B,High,80.98,2
5470,184.11,44.76,49.44,Line Fault,Feeder,F-15B,High,81.79,2
5471,176.62,39.19,49.38,Line Fault,Feeder,F-15B,High,87.53,2
5472,157.28,35.91,48.98,Line Fault,Feeder,F-15B,High,88.4,2
5473,193.15,29.51,49.43,Line Fault,Feeder,F-15B,High,80.71,2
5474,199.19,46.44,48.99,Line Fault,Feeder,F-15B,High,88.82,2
5475,153.63,26.04,48.15,Line Fault,Feeder,F-15B,High,81.05,2
5476,177.37,30.39,49.29,Line Fault,Feeder,F-15B,High,85.35,2
5477,184.78,41.32,48.48,Line Fault,Feeder,F-15B,High,82.92,2
5478,167.12,44.92,48.88,Line Fault,Feeder,F-15B,High,83.04,2
5479,190.89,26.37,49.05,Line Fault,Feeder,F-15B,High,85.27,2
5480,186.56,48.19,49.13,Line Fault,Feeder,F-15B,High,85.3,2
5481,157.55,45.16,48.69,Line Fault,Feeder,F-15B,High,80.9,2
5482,185.95,32.3,48.07,Line Fault,Feeder,F-15B,High,90.83,2
5483,174.16,32.02,49.07,Line Fault,Feeder,F-15B,High,90.63,2
5484,150.02,42.2,49.15,Line Fault,Feeder,F-15B,High,82.52,2
5485,174.48,27.23,49.12,Line Fault,Feeder,F-15B,High,90.17,2
5486,155.41,45.41,49.16,Line Fault,Feeder,F-15B,High,84.16,2
5487,184.51,25.0,49.4,Line Fault,Feeder,F-15B,High,86.6,2
5488,181.02,41.62,48.84,Line Fault,Feeder,F-15B,High,90.28,2
5489,180.49,47.69,48.87,Line Fault,Feeder,F-15B,High,82.05,2
5490,195.68,42.04,49.05,Line Fault,Feeder,F-15B,High,91.83,2
5491,153.76,35.71,48.36,Line Fault,Feeder,F-15B,High,87.57,2
5492,190.34,49.16,48.68,Line Fault,Feeder,F-15B,High,89.43,2
5493,195.85,42.08,48.36,Line Fault,Feeder,F-15B,High,87.29,2
5494,198.5,49.69,48.96,Line Fault,Feeder,F-15B,High,90.64,2
5495,160.02,31.15,49.43,Line Fault,Feeder,F-15B,High,81.62,2
5496,159.56,35.51,48.88,Line Fault,Feeder,F-15B,High,87.25,2
5497,164.6,48.02,49.37,Line Fault,Feeder,F-15B,High,84.7,2
5498,171.71,42.56,48.99,Line Fault,Feeder,F-15B,High,84.59,2
5499,170.71,33.7,48.35,Line Fault,Feeder,F-15B,High,85.5,2
5500,184.32,43.55,49.17,Line Fault,Feeder,F-15B,High,84.5,2
5501,188.23,25.16,48.72,Line Fault,Feeder,F-15B,High,89.53,2
5502,181.5,36.85,48.97,Line Fault,Feeder,F-15B,High,90.88,2
5503,178.32,44.99,49.47,Line Fault,Feeder,F-15B,High,88.47,2
5504,178.67,25.94,48.56,Line Fault,Feeder,F-15B,High,86.79,2
5505,189.86,35.95,49.44,Line Fault,Feeder,F-15B,High,83.26,2
5506,187.23,35.48,48.73,Line Fault,Feeder,F-15B,High,89.63,2
5507,164.81,27.42,48.78,Line Fault,Feeder,F-15B,High,86.35,2
5508,189.86,49.21,48.08,Line Fault,Feeder,F-15B,High,87.1,2
5509,184.06,49.65,49.41,Line Fault,Feeder,F-15B,High,88.55,2
5510,176.09,29.04,48.58,Line Fault,Feeder,F-15B,High,87.02,2
5511,186.26,40.88,49.07,Line Fault,Feeder,F-15B,High,85.15,2
5512,186.38,28.59,48.24,Line Fault,Feeder,F-15B,High,81.95,2
5513,194.54,26.9,49.2,Line Fault,Feeder,F-15B,High,82.8,2
5514,173.42,47.9,48.88,Line Fault,Feeder,F-15B,High,82.52,2
5515,164.2,48.01,48.64,Line Fault,Feeder,F-15B,High,87.04,2
5516,173.0,34.46,48.33,Line Fault,Feeder,F-15B,High,88.23,2
5517,185.91,31.87,49.18,Line Fault,Feeder,F-15B,High,90.25,2
5518,196.03,29.03,48.46,Line Fault,Feeder,F-15B,High,90.32,2
5519,159.93,25.09,49.31,Line Fault,Feeder,F-15B,High,83.92,2
5520,170.72,36.16,49.27,Line Fault,Feeder,F-15B,High,84.05,2
5521,194.61,40.42,48.79,Line Fault,Feeder,F-15B,High,83.91,2
5522,162.19,40.6,48.67,Line Fault,Feeder,F-15B,High,90.93,2
5523,174.58,37.79,48.63,Line Fault,Feeder,F-15B,High,89.47,2
5524,171.24,31.73,49.29,Line Fault,Feeder,F-15B,High,87.16,2
5525,179.58,40.27,49.08,Line Fault,Feeder,F-15B,High,83.76,2
5526,151.69,45.26,48.19,Line Fault,Feeder,F-15B,High,88.66,2
5527,154.12,34.38,48.09,Line Fault,Feeder,F-15B,High,86.27,2
5528,182.66,29.29,48.56,Line Fault,Feeder,F-15B,High,91.16,2
5529,172.12,45.06,49.39,Line Fault,Feeder,F-15B,High,91.69,2
5530,194.92,32.94,49.44,Line Fault,Feeder,F-15B,High,89.75,2
5531,191.86,25.38,49.43,Line Fault,Feeder,F-15B,High,89.34,2
5532,188.4,27.04,48.35,Line Fault,Feeder,F-15B,High,91.55,2
5533,175.03,34.95,49.26,Line Fault,Feeder,F-15B,High,81.05,2
5534,170.85,34.39,48.52,Line Fault,Feeder,F-15B,High,83.69,2
5535,160.5,29.32,48.96,Line Fault,Feeder,F-15B,High,91.03,2
5536,175.44,32.45,48.24,Line Fault,Feeder,F-15B,High,89.96,2
5537,198.57,33.73,48.44,Line Fault,Feeder,F-15B,High,87.22,2
5538,188.77,36.39,48.95,Line Fault,Feeder,F-15B,High,88.6,2
5539,198.03,29.13,49.5,Line Fault,Feeder,F-15B,High,84.71,2
5540,186.16,39.31,48.73,Line Fault,Feeder,F-15B,High,88.38,2
5541,169.79,28.15,48.73,Line Fault,Feeder,F-15B,High,86.26,2
5542,160.1,48.39,48.34,Line Fault,Feeder,F-15B,High,84.91,2
5543,157.75,38.39,48.46,Line Fault,Feeder,F-15B,High,85.87,2
5544,161.23,26.34,49.17,Line Fault,Feeder,F-15B,High,87.69,2
5545,167.04,26.19,49.3,Line Fault,Feeder,F-15B,High,82.04,2
5546,196.54,36.96,48.51,Line Fault,Feeder,F-15B,High,88.9,2
5547,193.84,34.27,48.61,Line Fault,Feeder,F-15B,High,85.2,2
5548,196.12,42.31,48.37,Line Fault,Feeder,F-15B,High,82.22,2
5549,161.52,31.59,48.35,Line Fault,Feeder,F-15B,High,87.9,2
5550,155.8,34.68,48.94,Line Fault,Feeder,F-15B,High,83.49,2
5551,153.26,27.05,48.19,Line Fault,Feeder,F-15B,High,90.03,2
5552,182.89,26.61,48.59,Line Fault,Feeder,F-15B,High,83.34,2
5553,178.9,38.07,48.72,Line Fault,Feeder,F-15B,High,83.77,2
5554,156.89,43.56,49.32,Line Fault,Feeder,F-15B,High,91.33,2
5555,152.93,43.5,49.09,Line Fault,Feeder,F-15B,High,91.37,2
5556,162.65,43.55,48.08,Line Fault,Feeder,F-15B,High,87.57,2
5557,167.54,44.22,49.29,Line Fault,Feeder,F-15B,High,84.38,2
5558,176.28,27.94,48.63,Line Fault,Feeder,F-15B,High,84.33,2
5559,159.16,47.36,48.22,Line Fault,Feeder,F-15B,High,87.63,2
5560,194.51,47.8,49.19,Line Fault,Feeder,F-15B,High,82.11,2
5561,190.87,31.91,49.38,Line Fault,Feeder,F-15B,High,88.51,2
5562,189.26,27.13,48.87,Line Fault,Feeder,F-15B,High,89.85,2
5563,193.08,25.72,49.41,Line Fault,Feeder,F-15B,High,80.52,2
5564,180.73,42.33,48.16,Line Fault,Feeder,F-15B,High,80.58,2
5565,189.25,34.62,48.16,Line Fault,Feeder,F-15B,High,89.15,2
5566,192.46,39.68,48.24,Line Fault,Feeder,F-15B,High,80.18,2
5567,185.04,38.75,48.98,Line Fault,Feeder,F-15B,High,89.76,2
5568,171.71,28.11,49.41,Line Fault,Feeder,F-15B,High,86.54,2
5569,180.76,48.34,49.4,Line Fault,Feeder,F-15B,High,86.87,2
5570,164.88,49.93,49.02,Line Fault,Feeder,F-15B,High,84.9,2
5571,177.99,35.4,49.33,Line Fault,Feeder,F-15B,High,85.79,2
5572,191.18,46.0,49.24,Line Fault,Feeder,F-15B,High,88.67,2
5573,192.74,34.68,48.17,Line Fault,Feeder,F-15B,High,90.11,2
5574,174.91,28.18,48.17,Line Fault,Feeder,F-15B,High,81.91,2
5575,187.55,42.77,48.31,Line Fault,Feeder,F-15B,High,90.16,2
5576,164.06,44.82,48.73,Line Fault,Feeder,F-15B,High,88.78,2
5577,169.07,33.68,49.26,Line Fault,Feeder,F-15B,High,80.42,2
5578,198.74,41.2,48.65,Line Fault,Feeder,F-15B,High,87.54,2
5579,156.14,37.85,49.48,Line Fault,Feeder,F-15B,High,82.82,2
5580,186.11,35.87,48.98,Line Fault,Feeder,F-15B,High,82.46,2
5581,173.52,49.5,48.29,Line Fault,Feeder,F-15B,High,87.64,2
5582,178.78,39.13,48.92,Line Fault,Feeder,F-15B,High,86.03,2
5583,150.85,47.5,49.24,Line Fault,Feeder,F-15B,High,82.09,2
5584,170.66,44.26,49.47,Line Fault,Feeder,F-15B,High,91.41,2
5585,194.97,28.96,49.37,Line Fault,Feeder,F-15B,High,90.54,2
5586,168.85,34.86,48.69,Line Fault,Feeder,F-15B,High,87.87,2
5587,163.04,25.57,48.21,Line Fault,Feeder,F-15B,High,85.28,2
5588,164.1,44.11,48.16,Line Fault,Feeder,F-15B,High,91.01,2
5589,194.77,47.72,49.11,Line Fault,Feeder,F-15B,High,81.28,2
5590,171.91,28.29,49.48,Line Fault,Feeder,F-15B,High,84.0,2
5591,179.27,44.48,49.38,Line Fault,Feeder,F-15B,High,89.07,2
5592,183.73,36.65,48.91,Line Fault,Feeder,F-15B,High,81.13,2
5593,194.2,38.59,48.06,Line Fault,Feeder,F-15B,High,91.04,2
5594,174.47,46.71,49.29,Line Fault,Feeder,F-15B,High,89.79,2
5595,153.07,31.18,49.31,Line Fault,Feeder,F-15B,High,90.79,2
5596,172.9,36.0,48.26,Line Fault,Feeder,F-15B,High,91.62,2
5597,160.66,29.77,48.99,Line Fault,Feeder,F-15B,High,82.91,2
5598,196.94,25.27,48.01,Line Fault,Feeder,F-15B,High,86.06,2
5599,174.4,29.08,48.74,Line Fault,Feeder,F-15B,High,84.94,2
5600,194.52,25.23,49.46,Line Fault,Feeder,F-15B,High,87.49,2
5601,157.59,26.17,48.81,Line Fault,Feeder,F-15B,High,82.82,2
5602,165.06,31.13,48.98,Line Fault,Feeder,F-15B,High,86.64,2
5603,153.9,38.16,49.19,Line Fault,Feeder,F-15B,High,80.97,2
5604,194.49,39.46,49.43,Line Fault,Feeder,F-15B,High,81.78,2
5605,199.68,41.11,48.85,Line Fault,Feeder,F-15B,High,86.18,2
5606,151.18,48.49,48.97,Line Fault,Feeder,F-15B,High,81.1,2
5607,151.05,26.27,48.91,Line Fault,Feeder,F-15B,High,87.37,2
5608,174.98,32.67,48.8,Line Fault,Feeder,F-15B,High,86.2,2
5609,150.97,32.06,48.08,Line Fault,Feeder,F-15B,High,90.8,2
5610,186.26,49.9,48.45,Line Fault,Feeder,F-15B,High,90.54,2
5611,180.15,36.33,48.33,Line Fault,Feeder,F-15B,High,88.86,2
5612,195.21,30.88,48.26,Line Fault,Feeder,F-15B,High,88.35,2
5613,198.85,43.75,48.43,Line Fault,Feeder,F-15B,High,85.04,2
5614,169.22,46.3,49.16,Line Fault,Feeder,F-15B,High,87.07,2
5615,163.75,48.45,48.98,Line Fault,Feeder,F-15B,High,91.65,2
5616,179.01,45.53,49.22,Line Fault,Feeder,F-15B,High,84.05,2
5617,198.2,25.55,49.15,Line Fault,Feeder,F-15B,High,91.59,2
5618,166.95,41.2,48.84,Line Fault,Feeder,F-15B,High,89.14,2
5619,193.31,40.08,49.22,Line Fault,Feeder,F-15B,High,83.75,2
5620,161.43,35.77,49.02,Line Fault,Feeder,F-15B,High,82.25,2
5621,184.02,34.85,49.19,Line Fault,Feeder,F-15B,High,80.44,2
5622,183.4,41.25,49.41,Line Fault,Feeder,F-15B,High,88.56,2
5623,189.82,47.61,49.01,Line Fault,Feeder,F-15B,High,83.48,2
5624,193.49,43.69,48.64,Line Fault,Feeder,F-15B,High,88.53,2
5625,193.38,49.39,49.43,Line Fault,Feeder,F-15B,High,83.9,2
5626,171.08,27.74,48.37,Line Fault,Feeder,F-15B,High,90.59,2
5627,168.04,40.51,49.0,Line Fault,Feeder,F-15B,High,89.38,2
5628,159.14,32.62,48.67,Line Fault,Feeder,F-15B,High,84.38,2
5629,199.15,45.87,48.72,Line Fault,Feeder,F-15B,High,90.55,2
5630,167.38,44.65,48.34,Line Fault,Feeder,F-15B,High,89.27,2
5631,172.82,27.69,48.41,Line Fault,Feeder,F-15B,High,84.83,2
5632,187.46,26.82,48.99,Line Fault,Feeder,F-15B,High,88.59,2
5633,182.7,44.02,48.27,Line Fault,Feeder,F-15B,High,87.05,2
5634,197.06,40.27,48.92,Line Fault,Feeder,F-15B,High,88.84,2
5635,166.66,42.51,49.37,Line Fault,Feeder,F-15B,High,80.13,2
5636,193.51,30.47,48.68,Line Fault,Feeder,F-15B,High,90.23,2
5637,191.2,47.3,49.41,Line Fault,Feeder,F-15B,High,85.37,2
5638,182.82,34.76,48.53,Line Fault,Feeder,F-15B,High,85.18,2
5639,187.15,37.54,49.22,Line Fault,Feeder,F-15B,High,88.94,2
5640,151.02,40.76,48.65,Line Fault,Feeder,F-15B,High,85.48,2
5641,190.92,38.69,49.33,Line Fault,Feeder,F-15B,High,88.55,2
5642,177.64,43.86,48.06,Line Fault,Feeder,F-15B,High,80.33,2
5643,154.17,35.94,48.35,Line Fault,Feeder,F-15B,High,91.81,2
5644,177.11,41.56,48.42,Line Fault,Feeder,F-15B,High,83.86,2
5645,166.77,42.47,48.71,Line Fault,Feeder,F-15B,High,86.21,2
5646,179.6,44.22,48.14,Line Fault,Feeder,F-15B,High,89.32,2
5647,178.16,41.73,48.49,Line Fault,Feeder,F-15B,High,84.91,2
5648,161.56,49.48,48.75,Line Fault,Feeder,F-15B,High,91.95,2
5649,174.49,30.49,48.76,Line Fault,Feeder,F-15B,High,80.48,2
5650,195.24,45.46,49.09,Line Fault,Feeder,F-15B,High,87.32,2
5651,178.99,49.92,48.42,Line Fault,Feeder,F-15B,High,89.36,2
5652,179.07,49.4,49.24,Line Fault,Feeder,F-15B,High,91.98,2
5653,179.42,30.11,48.76,Line Fault,Feeder,F-15B,High,88.53,2
5654,188.72,25.01,48.76,Line Fault,Feeder,F-15B,High,82.82,2
5655,193.75,28.82,49.0,Line Fault,Feeder,F-15B,High,83.19,2
5656,167.83,48.51,48.36,Line Fault,Feeder,F-15B,High,81.14,2
5657,153.46,37.62,48.96,Line Fault,Feeder,F-15B,High,83.93,2
5658,184.51,26.53,49.29,Line Fault,Feeder,F-15B,High,89.8,2
5659,199.27,48.41,48.53,Line Fault,Feeder,F-15B,High,84.79,2
5660,187.3,28.35,48.47,Line Fault,Feeder,F-15B,High,81.42,2
5661,172.74,38.8,48.32,Line Fault,Feeder,F-15B,High,80.32,2
5662,185.97,25.5,49.46,Line Fault,Feeder,F-15B,High,82.66,2
5663,183.2,35.87,48.09,Line Fault,Feeder,F-15B,High,85.67,2
5664,175.84,46.37,49.1,Line Fault,Feeder,F-15B,High,80.95,2
5665,160.46,32.8,48.17,Line Fault,Feeder,F-15B,High,85.48,2
5666,199.22,37.87,49.11,Line Fault,Feeder,F-15B,High,88.2,2
5667,192.5,30.39,49.13,Line Fault,Feeder,F-15B,High,90.58,2
5668,158.58,33.67,49.46,Line Fault,Feeder,F-15B,High,89.37,2
5669,164.13,39.1,48.61,Line Fault,Feeder,F-15B,High,85.88,2
5670,167.76,31.98,49.01,Line Fault,Feeder,F-15B,High,89.34,2
5671,193.7,28.88,49.23,Line Fault,Feeder,F-15B,High,83.06,2
5672,171.37,47.54,48.68,Line Fault,Feeder,F-15B,High,82.36,2
5673,157.99,36.82,49.14,Line Fault,Feeder,F-15B,High,91.97,2
5674,189.37,46.93,49.12,Line Fault,Feeder,F-15B,High,90.75,2
5675,153.81,48.25,48.59,Line Fault,Feeder,F-15B,High,91.06,2
5676,153.79,42.88,49.1,Line Fault,Feeder,F-15B,High,91.96,2
5677,188.44,34.56,48.84,Line Fault,Feeder,F-15B,High,84.4,2
5678,159.8,31.21,48.33,Line Fault,Feeder,F-15B,High,86.59,2
5679,195.31,47.82,48.08,Line Fault,Feeder,F-15B,High,80.96,2
5680,162.26,31.38,48.14,Line Fault,Feeder,F-15B,High,84.66,2
5681,179.39,39.45,48.82,Line Fault,Feeder,F-15B,High,84.06,2
5682,185.32,45.66,48.52,Line Fault,Feeder,F-15B,High,81.03,2
5683,164.82,28.43,48.7,Line Fault,Feeder,F-15B,High,81.87,2
5684,173.14,30.53,49.11,Line Fault,Feeder,F-15B,High,80.33,2
5685,177.74,29.24,48.0,Line Fault,Feeder,F-15B,High,90.43,2
5686,183.58,27.47,49.0,Line Fault,Feeder,F-15B,High,87.34,2
5687,173.67,35.48,49.33,Line Fault,Feeder,F-15B,High,82.94,2
5688,169.92,33.23,49.16,Line Fault,Feeder,F-15B,High,91.0,2
5689,192.49,44.94,49.48,Line Fault,Feeder,F-15B,High,88.37,2
5690,187.55,49.57,48.01,Line Fault,Feeder,F-15B,High,87.61,2
5691,186.95,47.95,49.33,Line Fault,Feeder,F-15B,High,90.1,2
5692,197.29,38.43,48.01,Line Fault,Feeder,F-15B,High,80.13,2
5693,177.23,35.88,48.68,Line Fault,Feeder,F-15B,High,84.8,2
5694,195.89,33.98,49.28,Line Fault,Feeder,F-15B,High,90.83,2
5695,174.98,36.17,49.14,Line Fault,Feeder,F-15B,High,88.5,2
5696,166.43,27.56,48.4,Line Fault,Feeder,F-15B,High,81.57,2
5697,164.74,31.55,48.96,Line Fault,Feeder,F-15B,High,91.45,2
5698,184.29,48.17,49.18,Line Fault,Feeder,F-15B,High,88.73,2
5699,170.7,33.12,49.27,Line Fault,Feeder,F-15B,High,90.86,2
5700,172.59,25.23,49.19,Line Fault,Feeder,F-15B,High,83.42,2
5701,150.49,45.12,48.78,Line Fault,Feeder,F-15B,High,88.22,2
5702,195.73,38.53,48.75,Line Fault,Feeder,F-15B,High,83.49,2
5703,165.26,44.91,48.67,Line Fault,Feeder,F-15B,High,81.96,2
5704,154.73,36.82,48.7,Line Fault,Feeder,F-15B,High,87.84,2
5705,173.55,28.59,48.76,Line Fault,Feeder,F-15B,High,90.88,2
5706,157.97,42.24,48.89,Line Fault,Feeder,F-15B,High,88.98,2
5707,157.53,48.54,48.93,Line Fault,Feeder,F-15B,High,90.16,2
5708,162.33,43.49,49.17,Line Fault,Feeder,F-15B,High,84.77,2
5709,169.2,41.44,48.14,Line Fault,Feeder,F-15B,High,88.83,2
5710,152.14,29.76,49.0,Line Fault,Feeder,F-15B,High,81.18,2
5711,198.59,46.71,48.94,Line Fault,Feeder,F-15B,High,89.83,2
5712,194.38,31.49,49.27,Line Fault,Feeder,F-15B,High,82.34,2
5713,170.67,38.96,49.07,Line Fault,Feeder,F-15B,High,80.36,2
5714,164.53,40.21,48.54,Line Fault,Feeder,F-15B,High,89.3,2
5715,182.58,30.86,48.22,Line Fault,Feeder,F-15B,High,87.55,2
5716,172.52,29.22,48.49,Line Fault,Feeder,F-15B,High,83.64,2
5717,155.41,38.67,49.15,Line Fault,Feeder,F-15B,High,86.91,2
5718,191.31,28.19,48.65,Line Fault,Feeder,F-15B,High,87.31,2
5719,183.8,42.39,49.09,Line Fault,Feeder,F-15B,High,87.82,2
5720,154.71,42.38,49.09,Line Fault,Feeder,F-15B,High,91.92,2
5721,184.67,42.17,48.77,Line Fault,Feeder,F-15B,High,90.42,2
5722,199.84,44.48,48.92,Line Fault,Feeder,F-15B,High,80.95,2
5723,186.34,42.71,49.16,Line Fault,Feeder,F-15B,High,81.49,2
5724,182.69,32.39,49.14,Line Fault,Feeder,F-15B,High,82.88,2
5725,184.2,32.37,48.01,Line Fault,Feeder,F-15B,High,87.6,2
5726,155.66,41.48,49.39,Line Fault,Feeder,F-15B,High,91.63,2
5727,161.8,45.23,48.53,Line Fault,Feeder,F-15B,High,90.81,2
5728,189.37,26.85,48.61,Line Fault,Feeder,F-15B,High,84.05,2
5729,189.26,35.26,49.03,Line Fault,Feeder,F-15B,High,87.23,2
5730,198.78,48.44,48.64,Line Fault,Feeder,F-15B,High,88.68,2
5731,191.47,47.47,48.1,Line Fault,Feeder,F-15B,High,83.62,2
5732,166.01,35.86,48.25,Line Fault,Feeder,F-15B,High,85.95,2
5733,183.16,37.43,49.0,Line Fault,Feeder,F-15B,High,80.8,2
5734,193.8,48.48,48.93,Line Fault,Feeder,F-15B,High,90.58,2
5735,156.57,44.94,48.18,Line Fault,Feeder,F-15B,High,84.9,2
5736,166.19,39.64,48.45,Line Fault,Feeder,F-15B,High,87.65,2
5737,168.37,46.52,48.95,Line Fault,Feeder,F-15B,High,82.58,2
5738,166.81,46.19,48.58,Line Fault,Feeder,F-15B,High,86.43,2
5739,182.45,33.7,48.44,Line Fault,Feeder,F-15B,High,85.7,2
5740,160.74,32.11,48.09,Line Fault,Feeder,F-15B,High,83.65,2
5741,166.04,49.05,48.88,Line Fault,Feeder,F-15B,High,89.45,2
5742,152.27,27.66,49.22,Line Fault,Feeder,F-15B,High,87.48,2
5743,159.55,35.12,48.81,Line Fault,Feeder,F-15B,High,90.12,2
5744,153.02,39.92,49.08,Line Fault,Feeder,F-15B,High,91.73,2
5745,190.36,31.91,49.06,Line Fault,Feeder,F-15B,High,89.16,2
5746,186.49,45.5,49.36,Line Fault,Feeder,F-15B,High,81.18,2
5747,155.24,44.91,48.38,Line Fault,Feeder,F-15B,High,80.7,2
5748,170.06,45.5,48.19,Line Fault,Feeder,F-15B,High,88.06,2
5749,150.18,27.74,48.53,Line Fault,Feeder,F-15B,High,81.0,2
5750,192.3,46.6,49.13,Line Fault,Feeder,F-15B,High,82.91,2
5751,176.16,29.6,48.42,Line Fault,Feeder,F-15B,High,86.19,2
5752,186.75,27.37,48.45,Line Fault,Feeder,F-15B,High,91.12,2
5753,171.46,48.47,49.49,Line Fault,Feeder,F-15B,High,86.32,2
5754,164.4,44.77,48.24,Line Fault,Feeder,F-15B,High,83.02,2
5755,189.24,35.84,48.3,Line Fault,Feeder,F-15B,High,87.81,2
5756,186.64,28.13,48.42,Line Fault,Feeder,F-15B,High,82.66,2
5757,168.99,44.09,49.07,Line Fault,Feeder,F-15B,High,87.95,2
5758,150.31,28.55,48.33,Line Fault,Feeder,F-15B,High,83.26,2
5759,157.32,35.26,48.11,Line Fault,Feeder,F-15B,High,89.0,2
5760,189.39,39.36,48.13,Line Fault,Feeder,F-15B,High,90.68,2
5761,198.28,30.06,49.06,Line Fault,Feeder,F-15B,High,90.1,2
5762,176.99,33.08,48.72,Line Fault,Feeder,F-15B,High,86.15,2
5763,170.03,48.25,49.12,Line Fault,Feeder,F-15B,High,82.9,2
5764,179.28,42.22,48.21,Line Fault,Feeder,F-15B,High,84.3,2
5765,195.28,39.18,48.33,Line Fault,Feeder,F-15B,High,81.47,2
5766,175.91,38.69,48.5,Line Fault,Feeder,F-15B,High,87.56,2
5767,153.43,28.63,48.82,Line Fault,Feeder,F-15B,High,80.74,2
5768,194.05,28.55,49.01,Line Fault,Feeder,F-15B,High,84.69,2
5769,169.99,44.12,48.75,Line Fault,Feeder,F-15B,High,88.71,2
5770,175.26,39.82,49.14,Line Fault,Feeder,F-15B,High,87.29,2
5771,180.78,44.73,49.42,Line Fault,Feeder,F-15B,High,84.52,2
5772,178.86,27.16,48.54,Line Fault,Feeder,F-15B,High,84.94,2
5773,191.76,37.83,49.1,Line Fault,Feeder,F-15B,High,80.23,2
5774,173.22,47.53,48.34,Line Fault,Feeder,F-15B,High,80.38,2
5775,171.67,42.61,48.68,Line Fault,Feeder,F-15B,High,85.52,2
5776,183.49,31.36,49.13,Line Fault,Feeder,F-15B,High,81.84,2
5777,169.79,41.4,49.24,Line Fault,Feeder,F-15B,High,89.5,2
5778,186.08,33.98,48.18,Line Fault,Feeder,F-15B,High,82.6,2
5779,193.24,46.43,49.43,Line Fault,Feeder,F-15B,High,80.91,2
5780,176.84,41.22,49.07,Line Fault,Feeder,F-15B,High,87.73,2
5781,188.5,33.99,48.27,Line Fault,Feeder,F-15B,High,82.46,2
5782,150.6,33.76,48.14,Line Fault,Feeder,F-15B,High,83.86,2
5783,181.41,47.36,49.26,Line Fault,Feeder,F-15B,High,83.03,2
5784,156.7,29.83,49.46,Line Fault,Feeder,F-15B,High,86.59,2
5785,159.13,46.02,48.59,Line Fault,Feeder,F-15B,High,90.79,2
5786,163.03,34.83,48.76,Line Fault,Feeder,F-15B,High,90.71,2
5787,193.44,39.36,48.33,Line Fault,Feeder,F-15B,High,84.84,2
5788,198.78,40.19,49.17,Line Fault,Feeder,F-15B,High,85.4,2
5789,176.6,35.72,49.05,Line Fault,Feeder,F-15B,High,90.22,2
5790,175.37,37.02,48.51,Line Fault,Feeder,F-15B,High,82.13,2
5791,196.96,32.9,49.2,Line Fault,Feeder,F-15B,High,88.58,2
5792,189.55,48.42,48.94,Line Fault,Feeder,F-15B,High,90.78,2
5793,158.38,40.67,49.16,Line Fault,Feeder,F-15B,High,83.26,2
5794,187.04,44.46,49.25,Line Fault,Feeder,F-15B,High,83.75,2
5795,184.08,32.61,49.11,Line Fault,Feeder,F-15B,High,85.56,2
5796,179.88,35.4,48.24,Line Fault,Feeder,F-15B,High,82.14,2
5797,153.88,40.45,49.27,Line Fault,Feeder,F-15B,High,80.25,2
5798,153.31,36.44,49.11,Line Fault,Feeder,F-15B,High,81.89,2
5799,163.58,30.8,48.6,Line Fault,Feeder,F-15B,High,82.7,2
5800,167.63,43.21,48.92,Line Fault,Feeder,F-15B,High,80.97,2
5801,181.89,36.93,49.4,Line Fault,Feeder,F-15B,High,83.47,2
5802,186.31,43.27,48.33,Line Fault,Feeder,F-15B,High,90.84,2
5803,174.56,41.97,48.22,Line Fault,Feeder,F-15B,High,83.09,2
5804,179.31,32.98,48.75,Line Fault,Feeder,F-15B,High,84.49,2
5805,182.03,37.18,48.01,Line Fault,Feeder,F-15B,High,87.8,2
5806,171.11,33.54,48.14,Line Fault,Feeder,F-15B,High,82.64,2
5807,161.19,48.38,48.65,Line Fault,Feeder,F-15B,High,80.5,2
5808,156.94,26.98,48.88,Line Fault,Feeder,F-15B,High,82.24,2
5809,174.93,34.25,49.21,Line Fault,Feeder,F-15B,High,83.85,2
5810,172.91,43.03,48.65,Line Fault,Feeder,F-15B,High,89.52,2
5811,183.08,35.26,48.76,Line Fault,Feeder,F-15B,High,91.61,2
5812,183.08,47.62,48.27,Line Fault,Feeder,F-15B,High,85.8,2
5813,195.43,33.07,49.45,Line Fault,Feeder,F-15B,High,81.16,2
5814,195.13,36.13,48.11,Line Fault,Feeder,F-15B,High,90.55,2
5815,162.6,25.56,48.2,Line Fault,Feeder,F-15B,High,87.91,2
5816,198.89,27.79,48.69,Line Fault,Feeder,F-15B,High,82.17,2
5817,187.25,27.95,48.36,Line Fault,Feeder,F-15B,High,82.36,2
5818,177.63,46.83,48.77,Line Fault,Feeder,F-15B,High,80.7,2
5819,178.17,44.94,48.2,Line Fault,Feeder,F-15B,High,80.87,2
5820,159.39,43.65,48.89,Line Fault,Feeder,F-15B,High,86.49,2
5821,162.47,33.31,49.45,Line Fault,Feeder,F-15B,High,82.89,2
5822,195.08,39.51,48.18,Line Fault,Feeder,F-15B,High,85.61,2
5823,197.43,35.46,49.3,Line Fault,Feeder,F-15B,High,83.08,2
5824,178.55,46.1,49.38,Line Fault,Feeder,F-15B,High,85.83,2
5825,181.98,25.07,48.38,Line Fault,Feeder,F-15B,High,83.34,2
5826,154.67,31.99,48.48,Line Fault,Feeder,F-15B,High,91.63,2
5827,183.43,35.65,49.48,Line Fault,Feeder,F-15B,High,81.84,2
5828,173.8,41.18,48.08,Line Fault,Feeder,F-15B,High,88.6,2
5829,154.99,28.51,48.24,Line Fault,Feeder,F-15B,High,91.15,2
5830,184.16,41.39,48.83,Line Fault,Feeder,F-15B,High,83.51,2
5831,181.04,35.25,48.22,Line Fault,Feeder,F-15B,High,88.28,2
5832,156.48,29.77,49.23,Line Fault,Feeder,F-15B,High,87.92,2
5833,181.55,35.46,48.59,Line Fault,Feeder,F-15B,High,88.28,2
5834,187.0,37.76,49.45,Line Fault,Feeder,F-15B,High,91.47,2
5835,170.62,45.52,48.81,Line Fault,Feeder,F-15B,High,86.14,2
5836,152.75,39.35,49.35,Line Fault,Feeder,F-15B,High,89.36,2
5837,189.32,29.0,48.54,Line Fault,Feeder,F-15B,High,82.8,2
5838,165.8,39.49,48.55,Line Fault,Feeder,F-15B,High,86.73,2
5839,171.93,32.17,48.14,Line Fault,Feeder,F-15B,High,90.7,2
5840,150.57,25.04,49.24,Line Fault,Feeder,F-15B,High,91.96,2
5841,186.36,25.38,48.34,Line Fault,Feeder,F-15B,High,91.66,2
5842,190.43,39.17,48.36,Line Fault,Feeder,F-15B,High,80.17,2
5843,151.04,40.3,48.03,Line Fault,Feeder,F-15B,High,91.92,2
5844,159.17,42.77,48.23,Line Fault,Feeder,F-15B,High,86.48,2
5845,154.03,44.17,48.88,Line Fault,Feeder,F-15B,High,81.03,2
5846,192.43,38.68,49.38,Line Fault,Feeder,F-15B,High,91.0,2
5847,196.03,26.94,48.18,Line Fault,Feeder,F-15B,High,91.85,2
5848,174.38,30.96,49.15,Line Fault,Feeder,F-15B,High,83.17,2
5849,186.36,45.93,49.18,Line Fault,Feeder,F-15B,High,83.29,2
5850,170.08,35.33,48.74,Line Fault,Feeder,F-15B,High,82.01,2
5851,172.62,37.77,48.8,Line Fault,Feeder,F-15B,High,89.84,2
5852,175.87,30.77,48.99,Line Fault,Feeder,F-15B,High,89.57,2
5853,165.97,41.13,48.22,Line Fault,Feeder,F-15B,High,84.1,2
5854,195.46,47.78,48.86,Line Fault,Feeder,F-15B,High,88.43,2
5855,192.7,48.96,48.73,Line Fault,Feeder,F-15B,High,86.74,2
5856,170.78,26.8,48.63,Line Fault,Feeder,F-15B,High,89.49,2
5857,190.24,47.31,48.08,Line Fault,Feeder,F-15B,High,86.33,2
5858,155.37,30.02,49.35,Line Fault,Feeder,F-15B,High,85.96,2
5859,187.93,26.61,48.63,Line Fault,Feeder,F-15B,High,88.09,2
5860,156.67,33.15,48.1,Line Fault,Feeder,F-15B,High,87.82,2
5861,198.54,45.68,49.46,Line Fault,Feeder,F-15B,High,90.15,2
5862,192.76,39.43,48.78,Line Fault,Feeder,F-15B,High,84.88,2
5863,190.9,29.55,48.08,Line Fault,Feeder,F-15B,High,91.37,2
5864,150.19,49.42,49.09,Line Fault,Feeder,F-15B,High,83.94,2
5865,184.89,45.45,48.37,Line Fault,Feeder,F-15B,High,89.25,2
5866,190.22,31.23,48.06,Line Fault,Feeder,F-15B,High,82.45,2
5867,160.03,26.63,49.09,Line Fault,Feeder,F-15B,High,84.56,2
5868,194.22,31.3,48.68,Line Fault,Feeder,F-15B,High,87.67,2
5869,193.87,38.12,48.56,Line Fault,Feeder,F-15B,High,90.4,2
5870,165.51,26.99,48.67,Line Fault,Feeder,F-15B,High,89.42,2
5871,151.54,39.65,48.89,Line Fault,Feeder,F-15B,High,91.14,2
5872,164.32,31.97,48.66,Line Fault,Feeder,F-15B,High,84.28,2
5873,186.82,41.04,49.14,Line Fault,Feeder,F-15B,High,89.84,2
5874,196.15,35.77,49.48,Line Fault,Feeder,F-15B,High,82.59,2
5875,185.72,38.35,49.23,Line Fault,Feeder,F-15B,High,85.72,2
5876,189.2,48.25,49.1,Line Fault,Feeder,F-15B,High,89.31,2
5877,153.36,30.12,49.46,Line Fault,Feeder,F-15B,High,88.32,2
5878,178.07,34.17,48.07,Line Fault,Feeder,F-15B,High,84.43,2
5879,174.95,30.29,48.26,Line Fault,Feeder,F-15B,High,86.1,2
5880,179.3,31.0,48.88,Line Fault,Feeder,F-15B,High,90.8,2
5881,173.66,46.43,49.39,Line Fault,Feeder,F-15B,High,81.11,2
5882,154.79,36.9,48.88,Line Fault,Feeder,F-15B,High,85.11,2
5883,166.32,41.02,48.0,Line Fault,Feeder,F-15B,High,91.62,2
5884,161.6,47.93,48.16,Line Fault,Feeder,F-15B,High,82.86,2
5885,161.74,49.9,48.01,Line Fault,Feeder,F-15B,High,87.68,2
5886,193.48,41.81,48.54,Line Fault,Feeder,F-15B,High,91.5,2
5887,194.68,35.85,48.86,Line Fault,Feeder,F-15B,High,91.61,2
5888,199.13,36.25,49.27,Line Fault,Feeder,F-15B,High,83.62,2
5889,168.59,29.12,48.31,Line Fault,Feeder,F-15B,High,87.88,2
5890,175.54,30.78,48.6,Line Fault,Feeder,F-15B,High,84.48,2
5891,199.37,46.34,48.58,Line Fault,Feeder,F-15B,High,90.97,2
5892,167.13,41.7,49.45,Line Fault,Feeder,F-15B,High,84.68,2
5893,183.99,32.4,48.4,Line Fault,Feeder,F-15B,High,86.89,2
5894,198.96,36.33,49.41,Line Fault,Feeder,F-15B,High,90.97,2
5895,162.69,35.05,48.96,Line Fault,Feeder,F-15B,High,86.22,2
5896,154.8,49.84,49.13,Line Fault,Feeder,F-15B,High,85.25,2
5897,180.91,27.19,48.74,Line Fault,Feeder,F-15B,High,91.17,2
5898,194.83,33.43,48.8,Line Fault,Feeder,F-15B,High,88.37,2
5899,167.0,26.62,48.76,Line Fault,Feeder,F-15B,High,87.22,2
5900,150.29,27.39,48.31,Line Fault,Feeder,F-15B,High,84.18,2
5901,177.05,32.35,48.41,Line Fault,Feeder,F-15B,High,90.43,2
5902,157.25,37.39,49.43,Line Fault,Feeder,F-15B,High,87.5,2
5903,185.86,35.78,48.03,Line Fault,Feeder,F-15B,High,87.75,2
5904,181.6,27.76,48.69,Line Fault,Feeder,F-15B,High,90.98,2
5905,160.25,36.53,48.69,Line Fault,Feeder,F-15B,High,89.73,2
5906,191.23,43.98,48.55,Line Fault,Feeder,F-15B,High,80.86,2
5907,167.47,41.99,49.05,Line Fault,Feeder,F-15B,High,91.58,2
5908,172.68,40.81,48.81,Line Fault,Feeder,F-15B,High,81.81,2
5909,173.06,38.62,49.43,Line Fault,Feeder,F-15B,High,84.4,2
5910,199.0,38.56,48.36,Line Fault,Feeder,F-15B,High,82.3,2
5911,157.08,36.32,48.03,Line Fault,Feeder,F-15B,High,85.34,2
5912,199.42,41.75,49.14,Line Fault,Feeder,F-15B,High,81.43,2
5913,173.66,32.16,49.34,Line Fault,Feeder,F-15B,High,82.18,2
5914,172.94,39.7,48.77,Line Fault,Feeder,F-15B,High,89.96,2
5915,161.57,34.43,49.19,Line Fault,Feeder,F-15B,High,86.34,2
5916,170.11,25.74,49.13,Line Fault,Feeder,F-15B,High,91.67,2
5917,181.01,46.41,48.78,Line Fault,Feeder,F-15B,High,82.78,2
5918,150.72,41.33,48.74,Line Fault,Feeder,F-15B,High,89.39,2
5919,184.73,49.7,48.77,Line Fault,Feeder,F-15B,High,85.13,2
5920,164.34,36.92,49.31,Line Fault,Feeder,F-15B,High,80.51,2
5921,198.9,49.83,48.9,Line Fault,Feeder,F-15B,High,83.98,2
5922,161.15,31.91,48.08,Line Fault,Feeder,F-15B,High,85.7,2
5923,152.87,42.96,48.56,Line Fault,Feeder,F-15B,High,82.39,2
5924,177.24,49.34,49.04,Line Fault,Feeder,F-15B,High,85.9,2
5925,188.85,43.44,49.34,Line Fault,Feeder,F-15B,High,82.46,2
5926,192.94,32.53,49.41,Line Fault,Feeder,F-15B,High,83.37,2
5927,196.34,49.09,48.22,Line Fault,Feeder,F-15B,High,91.69,2
5928,154.29,30.46,48.67,Line Fault,Feeder,F-15B,High,91.92,2
5929,174.43,38.76,49.04,Line Fault,Feeder,F-15B,High,91.62,2
5930,189.17,30.6,48.45,Line Fault,Feeder,F-15B,High,81.17,2
5931,182.22,29.52,48.39,Line Fault,Feeder,F-15B,High,90.66,2
5932,166.34,39.17,48.6,Line Fault,Feeder,F-15B,High,80.89,2
5933,168.14,35.2,49.34,Line Fault,Feeder,F-15B,High,83.89,2
5934,168.96,44.57,49.14,Line Fault,Feeder,F-15B,High,89.58,2
5935,197.69,44.89,48.61,Line Fault,Feeder,F-15B,High,89.86,2
5936,175.43,31.94,48.45,Line Fault,Feeder,F-15B,High,82.69,2
5937,157.25,29.61,48.09,Line Fault,Feeder,F-15B,High,90.66,2
5938,196.55,39.67,49.26,Line Fault,Feeder,F-15B,High,82.2,2
5939,195.08,37.66,48.1,Line Fault,Feeder,F-15B,High,81.7,2
5940,165.45,26.09,48.46,Line Fault,Feeder,F-15B,High,80.72,2
5941,161.8,31.64,49.49,Line Fault,Feeder,F-15B,High,82.83,2
5942,161.96,42.17,49.29,Line Fault,Feeder,F-15B,High,84.64,2
5943,193.78,33.5,48.3,Line Fault,Feeder,F-15B,High,83.96,2
5944,180.47,34.18,49.01,Line Fault,Feeder,F-15B,High,82.84,2
5945,185.05,33.69,48.68,Line Fault,Feeder,F-15B,High,86.69,2
5946,184.31,30.97,49.25,Line Fault,Feeder,F-15B,High,88.66,2
5947,161.7,49.37,49.0,Line Fault,Feeder,F-15B,High,85.43,2
5948,157.88,38.33,48.25,Line Fault,Feeder,F-15B,High,85.15,2
5949,170.44,43.0,48.29,Line Fault,Feeder,F-15B,High,89.86,2
5950,166.31,36.1,49.16,Line Fault,Feeder,F-15B,High,87.5,2
5951,165.4,34.66,48.46,Line Fault,Feeder,F-15B,High,87.14,2
5952,166.63,43.14,48.87,Line Fault,Feeder,F-15B,High,81.75,2
5953,165.51,30.54,48.59,Line Fault,Feeder,F-15B,High,86.19,2
5954,175.34,43.86,48.28,Line Fault,Feeder,F-15B,High,91.36,2
5955,167.14,32.51,49.03,Line Fault,Feeder,F-15B,High,89.67,2
5956,168.92,43.67,49.33,Line Fault,Feeder,F-15B,High,89.2,2
5957,151.71,45.68,49.16,Line Fault,Feeder,F-15B,High,88.03,2
5958,188.0,49.49,48.65,Line Fault,Feeder,F-15B,High,80.81,2
5959,173.04,26.16,48.44,Line Fault,Feeder,F-15B,High,87.04,2
5960,165.48,42.13,49.23,Line Fault,Feeder,F-15B,High,85.05,2
5961,195.01,27.0,49.26,Line Fault,Feeder,F-15B,High,89.94,2
5962,166.1,32.47,48.46,Line Fault,Feeder,F-15B,High,89.74,2
5963,191.58,33.24,48.89,Line Fault,Feeder,F-15B,High,81.67,2
5964,173.44,49.97,48.24,Line Fault,Feeder,F-15B,High,91.37,2
5965,191.21,49.31,48.27,Line Fault,Feeder,F-15B,High,82.56,2
5966,150.84,43.12,48.97,Line Fault,Feeder,F-15B,High,82.14,2
5967,189.56,32.48,48.2,Line Fault,Feeder,F-15B,High,85.07,2
5968,154.55,31.58,48.56,Line Fault,Feeder,F-15B,High,90.22,2
5969,189.63,36.07,49.09,Line Fault,Feeder,F-15B,High,86.82,2
5970,167.04,43.15,49.03,Line Fault,Feeder,F-15B,High,87.43,2
5971,180.9,42.07,48.58,Line Fault,Feeder,F-15B,High,90.43,2
5972,158.12,47.1,48.51,Line Fault,Feeder,F-15B,High,81.5,2
5973,180.0,34.4,49.22,Line Fault,Feeder,F-15B,High,85.17,2
5974,183.43,32.71,48.31,Line Fault,Feeder,F-15B,High,84.66,2
5975,180.34,41.42,48.87,Line Fault,Feeder,F-15B,High,91.86,2
5976,184.55,48.29,48.18,Line Fault,Feeder,F-15B,High,80.74,2
5977,165.55,28.41,48.79,Line Fault,Feeder,F-15B,High,86.23,2
5978,178.75,43.63,49.46,Line Fault,Feeder,F-15B,High,90.54,2
5979,155.92,33.46,48.38,Line Fault,Feeder,F-15B,High,82.12,2
5980,177.24,38.83,48.34,Line Fault,Feeder,F-15B,High,88.54,2
5981,186.65,25.52,48.59,Line Fault,Feeder,F-15B,High,90.68,2
5982,176.02,33.69,48.38,Line Fault,Feeder,F-15B,High,82.92,2
5983,154.99,45.43,48.13,Line Fault,Feeder,F-15B,High,83.51,2
5984,152.28,44.53,48.06,Line Fault,Feeder,F-15B,High,83.7,2
5985,178.66,35.24,48.42,Line Fault,Feeder,F-15B,High,83.3,2
5986,189.89,49.35,48.52,Line Fault,Feeder,F-15B,High,80.47,2
5987,151.83,43.98,48.83,Line Fault,Feeder,F-15B,High,89.4,2
5988,184.87,47.69,49.33,Line Fault,Feeder,F-15B,High,89.46,2
5989,173.76,32.7,48.76,Line Fault,Feeder,F-15B,High,86.02,2
5990,180.51,29.65,48.98,Line Fault,Feeder,F-15B,High,85.48,2
5991,181.01,30.99,48.65,Line Fault,Feeder,F-15B,High,82.52,2
5992,193.77,37.2,48.34,Line Fault,Feeder,F-15B,High,80.49,2
5993,183.79,30.37,49.48,Line Fault,Feeder,F-15B,High,86.4,2
5994,164.45,41.44,48.41,Line Fault,Feeder,F-15B,High,89.84,2
5995,165.41,49.71,48.91,Line Fault,Feeder,F-15B,High,90.13,2
5996,153.64,33.71,49.11,Line Fault,Feeder,F-15B,High,87.86,2
5997,159.71,33.91,48.4,Line Fault,Feeder,F-15B,High,87.36,2
5998,167.23,32.73,48.31,Line Fault,Feeder,F-15B,High,84.91,2
5999,159.78,49.06,48.23,Line Fault,Feeder,F-15B,High,90.96,2
6000,171.42,34.45,48.35,Line Fault,Feeder,F-15B,High,87.63,2
6001,184.28,36.69,48.08,Line Fault,Feeder,F-15B,High,91.02,2
6002,199.02,35.78,48.92,Line Fault,Feeder,F-15B,High,85.4,2
6003,166.09,26.93,48.68,Line Fault,Feeder,F-15B,High,89.82,2
6004,150.85,39.55,49.32,Line Fault,Feeder,F-15B,High,82.61,2
6005,159.16,44.31,48.38,Line Fault,Feeder,F-15B,High,82.3,2
6006,168.9,34.81,49.31,Line Fault,Feeder,F-15B,High,87.42,2
6007,170.3,38.36,49.43,Line Fault,Feeder,F-15B,High,81.36,2
6008,160.39,49.06,49.44,Line Fault,Feeder,F-15B,High,82.13,2
6009,157.26,35.53,48.07,Line Fault,Feeder,F-15B,High,87.86,2
6010,153.87,26.45,48.73,Line Fault,Feeder,F-15B,High,91.49,2
6011,171.34,33.91,49.5,Line Fault,Feeder,F-15B,High,86.38,2
6012,168.76,34.65,48.29,Line Fault,Feeder,F-15B,High,86.15,2
6013,171.94,31.77,48.24,Line Fault,Feeder,F-15B,High,83.73,2
6014,175.43,26.46,48.23,Line Fault,Feeder,F-15B,High,91.37,2
6015,177.14,26.59,49.04,Line Fault,Feeder,F-15B,High,80.74,2
6016,186.94,43.75,48.98,Line Fault,Feeder,F-15B,High,88.79,2
6017,154.4,43.17,48.21,Line Fault,Feeder,F-15B,High,84.07,2
6018,197.14,37.57,49.45,Line Fault,Feeder,F-15B,High,81.07,2
6019,173.88,26.56,48.95,Line Fault,Feeder,F-15B,High,80.94,2
6020,158.77,31.47,49.12,Line Fault,Feeder,F-15B,High,81.97,2
6021,192.33,28.3,48.05,Line Fault,Feeder,F-15B,High,84.74,2
6022,198.97,27.76,48.15,Line Fault,Feeder,F-15B,High,89.01,2
6023,165.61,42.93,48.3,Line Fault,Feeder,F-15B,High,85.52,2
6024,163.26,36.29,49.15,Line Fault,Feeder,F-15B,High,89.14,2
6025,175.79,48.21,48.4,Line Fault,Feeder,F-15B,High,82.88,2
6026,180.69,40.53,48.07,Line Fault,Feeder,F-15B,High,87.29,2
6027,168.72,43.69,49.21,Line Fault,Feeder,F-15B,High,86.63,2
6028,150.09,40.91,49.12,Line Fault,Feeder,F-15B,High,82.99,2
6029,173.23,49.14,48.45,Line Fault,Feeder,F-15B,High,82.68,2
6030,160.54,38.97,49.42,Line Fault,Feeder,F-15B,High,87.3,2
6031,165.17,40.96,48.94,Line Fault,Feeder,F-15B,High,87.16,2
6032,157.97,40.86,48.65,Line Fault,Feeder,F-15B,High,80.22,2
6033,176.99,49.73,48.52,Line Fault,Feeder,F-15B,High,91.59,2
6034,154.81,43.31,48.17,Line Fault,Feeder,F-15B,High,83.28,2
6035,178.54,39.82,49.16,Line Fault,Feeder,F-15B,High,87.38,2
6036,179.68,47.81,48.68,Line Fault,Feeder,F-15B,High,82.7,2
6037,158.09,35.0,49.07,Line Fault,Feeder,F-15B,High,80.51,2
6038,156.45,27.65,48.88,Line Fault,Feeder,F-15B,High,82.91,2
6039,158.31,39.82,49.14,Line Fault,Feeder,F-15B,High,83.99,2
6040,178.91,27.45,49.4,Line Fault,Feeder,F-15B,High,84.04,2
6041,199.88,49.46,49.17,Line Fault,Feeder,F-15B,High,80.24,2
6042,177.17,27.17,49.34,Line Fault,Feeder,F-15B,High,89.48,2
6043,198.62,40.21,48.78,Line Fault,Feeder,F-15B,High,86.23,2
6044,169.32,36.72,48.95,Line Fault,Feeder,F-15B,High,91.2,2
6045,179.79,46.43,49.29,Line Fault,Feeder,F-15B,High,86.23,2
6046,167.37,40.99,48.67,Line Fault,Feeder,F-15B,High,80.98,2
6047,168.89,49.85,48.07,Line Fault,Feeder,F-15B,High,88.36,2
6048,192.06,41.22,48.85,Line Fault,Feeder,F-15B,High,88.49,2
6049,171.47,27.28,49.44,Line Fault,Feeder,F-15B,High,85.19,2
6050,183.27,38.28,48.08,Line Fault,Feeder,F-15B,High,91.43,2
6051,189.63,28.73,49.47,Line Fault,Feeder,F-15B,High,88.84,2
6052,173.62,40.28,48.16,Line Fault,Feeder,F-15B,High,86.72,2
6053,153.68,38.62,48.83,Line Fault,Feeder,F-15B,High,90.49,2
6054,186.25,31.24,49.33,Line Fault,Feeder,F-15B,High,86.88,2
6055,180.32,29.22,49.29,Line Fault,Feeder,F-15B,High,91.17,2
6056,188.75,48.52,48.45,Line Fault,Feeder,F-15B,High,90.33,2
6057,174.44,29.1,49.0,Line Fault,Feeder,F-15B,High,88.21,2
6058,164.35,25.69,48.3,Line Fault,Feeder,F-15B,High,84.8,2
6059,158.38,29.85,48.59,Line Fault,Feeder,F-15B,High,91.54,2
6060,188.21,32.99,49.43,Line Fault,Feeder,F-15B,High,87.75,2
6061,172.77,36.71,48.62,Line Fault,Feeder,F-15B,High,82.8,2
6062,169.33,38.2,48.79,Line Fault,Feeder,F-15B,High,89.14,2
6063,167.94,42.92,48.87,Line Fault,Feeder,F-15B,High,91.54,2
6064,169.26,47.53,49.23,Line Fault,Feeder,F-15B,High,87.65,2
6065,182.73,27.12,49.43,Line Fault,Feeder,F-15B,High,81.28,2
6066,178.16,33.25,48.64,Line Fault,Feeder,F-15B,High,87.32,2
6067,195.44,36.44,49.48,Line Fault,Feeder,F-15B,High,87.11,2
6068,158.03,29.75,49.07,Line Fault,Feeder,F-15B,High,80.6,2
6069,174.02,28.71,48.65,Line Fault,Feeder,F-15B,High,89.0,2
6070,172.94,29.09,48.38,Line Fault,Feeder,F-15B,High,84.41,2
6071,153.48,39.61,48.91,Line Fault,Feeder,F-15B,High,80.75,2
6072,170.12,35.35,48.5,Line Fault,Feeder,F-15B,High,86.69,2
6073,167.3,35.41,49.2,Line Fault,Feeder,F-15B,High,81.95,2
6074,180.96,37.64,48.46,Line Fault,Feeder,F-15B,High,88.73,2
6075,177.56,36.93,49.0,Line Fault,Feeder,F-15B,High,89.63,2
6076,198.63,40.73,49.31,Line Fault,Feeder,F-15B,High,80.01,2
6077,176.51,30.37,48.14,Line Fault,Feeder,F-15B,High,86.38,2
6078,187.34,35.31,49.01,Line Fault,Feeder,F-15B,High,85.88,2
6079,171.85,32.26,48.57,Line Fault,Feeder,F-15B,High,84.2,2
6080,182.31,27.9,48.14,Line Fault,Feeder,F-15B,High,87.92,2
6081,177.31,35.76,48.23,Line Fault,Feeder,F-15B,High,84.93,2
6082,189.49,47.24,49.05,Line Fault,Feeder,F-15B,High,80.72,2
6083,183.52,31.02,48.47,Line Fault,Feeder,F-15B,High,82.35,2
6084,188.79,41.22,48.92,Line Fault,Feeder,F-15B,High,88.02,2
6085,161.84,36.12,48.95,Line Fault,Feeder,F-15B,High,87.64,2
6086,189.59,32.18,49.16,Line Fault,Feeder,F-15B,High,85.28,2
6087,183.51,36.39,49.42,Line Fault,Feeder,F-15B,High,82.15,2
6088,183.75,39.41,48.26,Line Fault,Feeder,F-15B,High,80.79,2
6089,189.96,28.94,48.28,Line Fault,Feeder,F-15B,High,91.74,2
6090,185.86,31.26,48.89,Line Fault,Feeder,F-15B,High,86.41,2
6091,192.22,43.23,49.25,Line Fault,Feeder,F-15B,High,82.54,2
6092,182.01,26.01,48.1,Line Fault,Feeder,F-15B,High,88.56,2
6093,151.22,39.49,49.26,Line Fault,Feeder,F-15B,High,84.56,2
6094,152.24,42.85,49.39,Line Fault,Feeder,F-15B,High,88.61,2
6095,178.92,30.75,48.02,Line Fault,Feeder,F-15B,High,88.34,2
6096,161.55,46.45,48.7,Line Fault,Feeder,F-15B,High,86.37,2
6097,187.7,44.49,48.96,Line Fault,Feeder,F-15B,High,91.26,2
6098,199.11,48.67,49.24,Line Fault,Feeder,F-15B,High,88.47,2
6099,183.17,27.59,48.41,Line Fault,Feeder,F-15B,High,80.07,2
6100,156.87,35.98,48.22,Line Fault,Feeder,F-15B,High,90.82,2
6101,190.28,26.79,48.37,Line Fault,Feeder,F-15B,High,89.83,2
6102,190.15,48.64,49.5,Line Fault,Feeder,F-15B,High,91.72,2
6103,170.51,31.26,49.14,Line Fault,Feeder,F-15B,High,83.59,2
6104,190.32,38.35,49.19,Line Fault,Feeder,F-15B,High,83.31,2
6105,175.4,39.1,49.41,Line Fault,Feeder,F-15B,High,83.2,2
6106,196.83,45.12,49.1,Line Fault,Feeder,F-15B,High,89.44,2
6107,180.27,31.1,48.28,Line Fault,Feeder,F-15B,High,90.4,2
6108,186.26,30.33,48.92,Line Fault,Feeder,F-15B,High,85.37,2
6109,157.93,38.3,48.42,Line Fault,Feeder,F-15B,High,81.15,2
6110,173.35,39.75,48.07,Line Fault,Feeder,F-15B,High,84.83,2
6111,162.88,25.77,48.19,Line Fault,Feeder,F-15B,High,81.67,2
6112,159.14,45.08,48.66,Line Fault,Feeder,F-15B,High,81.77,2
6113,155.01,32.45,49.2,Line Fault,Feeder,F-15B,High,84.37,2
6114,157.99,35.1,48.83,Line Fault,Feeder,F-15B,High,80.36,2
6115,181.38,34.88,48.01,Line Fault,Feeder,F-15B,High,88.09,2
6116,185.62,40.72,48.51,Line Fault,Feeder,F-15B,High,86.36,2
6117,169.36,42.52,48.88,Line Fault,Feeder,F-15B,High,80.98,2
6118,182.15,42.18,48.56,Line Fault,Feeder,F-15B,High,90.51,2
6119,192.15,29.38,49.36,Line Fault,Feeder,F-15B,High,85.29,2
6120,186.19,45.35,48.76,Line Fault,Feeder,F-15B,High,84.79,2
6121,195.77,30.77,48.39,Line Fault,Feeder,F-15B,High,84.34,2
6122,192.97,48.47,48.33,Line Fault,Feeder,F-15B,High,90.37,2
6123,162.91,49.27,48.9,Line Fault,Feeder,F-15B,High,80.09,2
6124,151.71,28.69,48.28,Line Fault,Feeder,F-15B,High,89.21,2
6125,161.14,49.23,48.95,Line Fault,Feeder,F-15B,High,88.31,2
6126,160.89,47.32,49.0,Line Fault,Feeder,F-15B,High,90.37,2
6127,197.82,28.14,48.14,Line Fault,Feeder,F-15B,High,89.64,2
6128,193.31,39.59,48.55,Line Fault,Feeder,F-15B,High,87.83,2
6129,165.28,30.96,48.73,Line Fault,Feeder,F-15B,High,82.59,2
6130,174.19,48.92,49.26,Line Fault,Feeder,F-15B,High,91.3,2
6131,190.32,33.87,49.22,Line Fault,Feeder,F-15B,High,91.07,2
6132,197.35,42.08,48.32,Line Fault,Feeder,F-15B,High,80.48,2
6133,157.36,49.14,48.69,Line Fault,Feeder,F-15B,High,90.26,2
6134,173.25,41.52,48.04,Line Fault,Feeder,F-15B,High,83.0,2
6135,171.81,40.77,48.26,Line Fault,Feeder,F-15B,High,89.17,2
6136,168.22,45.44,48.15,Line Fault,Feeder,F-15B,High,88.16,2
6137,164.67,44.88,48.6,Line Fault,Feeder,F-15B,High,87.98,2
6138,196.72,25.52,48.02,Line Fault,Feeder,F-15B,High,89.24,2
6139,182.32,32.32,48.74,Line Fault,Feeder,F-15B,High,80.5,2
6140,159.62,35.61,49.25,Line Fault,Feeder,F-15B,High,85.76,2
6141,179.32,46.84,48.46,Line Fault,Feeder,F-15B,High,88.41,2
6142,193.08,30.07,48.53,Line Fault,Feeder,F-15B,High,91.76,2
6143,199.16,30.58,48.1,Line Fault,Feeder,F-15B,High,83.25,2
6144,169.89,36.03,48.93,Line Fault,Feeder,F-15B,High,90.79,2
6145,166.52,46.25,48.14,Line Fault,Feeder,F-15B,High,80.5,2
6146,175.2,26.49,48.59,Line Fault,Feeder,F-15B,High,90.76,2
6147,162.07,42.65,48.45,Line Fault,Feeder,F-15B,High,80.54,2
6148,177.83,45.87,48.61,Line Fault,Feeder,F-15B,High,87.41,2
6149,195.0,44.74,48.29,Line Fault,Feeder,F-15B,High,88.8,2
6150,175.09,43.65,48.74,Line Fault,Feeder,F-15B,High,81.54,2
6151,178.5,37.3,48.78,Line Fault,Feeder,F-15B,High,90.55,2
6152,194.74,36.34,48.68,Line Fault,Feeder,F-15B,High,86.18,2
6153,175.98,48.76,48.97,Line Fault,Feeder,F-15B,High,83.33,2
6154,176.58,40.68,48.96,Line Fault,Feeder,F-15B,High,87.02,2
6155,158.89,25.84,48.51,Line Fault,Feeder,F-15B,High,85.13,2
6156,153.09,45.37,48.52,Line Fault,Feeder,F-15B,High,90.96,2
6157,157.72,26.42,48.72,Line Fault,Feeder,F-15B,High,82.27,2
6158,196.87,25.26,48.62,Line Fault,Feeder,F-15B,High,91.12,2
6159,169.22,27.33,48.45,Line Fault,Feeder,F-15B,High,85.98,2
6160,159.26,36.66,49.25,Line Fault,Feeder,F-15B,High,90.47,2
6161,152.46,29.02,48.41,Line Fault,Feeder,F-15B,High,87.14,2
6162,168.05,46.1,49.08,Line Fault,Feeder,F-15B,High,81.21,2
6163,181.23,27.83,48.38,Line Fault,Feeder,F-15B,High,82.13,2
6164,158.65,40.41,48.85,Line Fault,Feeder,F-15B,High,82.11,2
6165,199.51,35.55,48.15,Line Fault,Feeder,F-15B,High,81.45,2
6166,179.19,49.48,48.86,Line Fault,Feeder,F-15B,High,91.39,2
6167,172.21,35.9,48.75,Line Fault,Feeder,F-15B,High,88.37,2
6168,168.38,46.6,48.04,Line Fault,Feeder,F-15B,High,85.28,2
6169,175.55,40.18,48.41,Line Fault,Feeder,F-15B,High,85.13,2
6170,174.23,42.17,49.16,Line Fault,Feeder,F-15B,High,88.85,2
6171,167.08,49.99,49.27,Line Fault,Feeder,F-15B,High,83.12,2
6172,159.76,32.85,48.68,Line Fault,Feeder,F-15B,High,90.21,2
6173,188.92,46.28,48.41,Line Fault,Feeder,F-15B,High,87.12,2
6174,164.16,27.73,49.03,Line Fault,Feeder,F-15B,High,81.72,2
6175,183.38,41.2,49.22,Line Fault,Feeder,F-15B,High,81.67,2
6176,189.17,49.98,49.28,Line Fault,Feeder,F-15B,High,89.02,2
6177,183.11,35.54,49.1,Line Fault,Feeder,F-15B,High,88.69,2
6178,181.57,44.91,48.67,Line Fault,Feeder,F-15B,High,81.46,2
6179,177.95,31.63,48.58,Line Fault,Feeder,F-15B,High,80.21,2
6180,169.14,45.22,48.81,Line Fault,Feeder,F-15B,High,80.12,2
6181,173.49,32.29,48.72,Line Fault,Feeder,F-15B,High,84.86,2
6182,196.6,26.03,49.03,Line Fault,Feeder,F-15B,High,90.21,2
6183,197.96,29.44,48.8,Line Fault,Feeder,F-15B,High,80.52,2
6184,174.96,28.14,49.26,Line Fault,Feeder,F-15B,High,81.37,2
6185,175.66,38.03,49.46,Line Fault,Feeder,F-15B,High,87.86,2
6186,164.39,31.02,48.19,Line Fault,Feeder,F-15B,High,89.08,2
6187,184.54,40.25,48.06,Line Fault,Feeder,F-15B,High,89.15,2
6188,182.09,49.1,48.88,Line Fault,Feeder,F-15B,High,83.65,2
6189,169.08,29.4,49.08,Line Fault,Feeder,F-15B,High,88.49,2
6190,160.03,28.96,48.12,Line Fault,Feeder,F-15B,High,90.94,2
6191,161.65,33.6,48.42,Line Fault,Feeder,F-15B,High,84.96,2
6192,185.7,46.76,48.27,Line Fault,Feeder,F-15B,High,88.24,2
6193,167.63,49.51,48.45,Line Fault,Feeder,F-15B,High,80.09,2
6194,175.78,28.77,48.07,Line Fault,Feeder,F-15B,High,88.38,2
6195,186.61,36.52,49.02,Line Fault,Feeder,F-15B,High,86.46,2
6196,181.49,39.92,49.0,Line Fault,Feeder,F-15B,High,82.4,2
6197,163.44,36.0,48.67,Line Fault,Feeder,F-15B,High,89.29,2
6198,168.37,29.06,48.38,Line Fault,Feeder,F-15B,High,82.58,2
6199,186.58,36.76,49.06,Line Fault,Feeder,F-15B,High,84.99,2
6200,194.49,49.59,49.0,Line Fault,Feeder,F-15B,High,90.37,2
6201,175.4,48.37,49.25,Line Fault,Feeder,F-15B,High,91.9,2
6202,181.15,44.48,48.81,Line Fault,Feeder,F-15B,High,83.11,2
6203,167.74,47.35,48.08,Line Fault,Feeder,F-15B,High,87.1,2
6204,168.62,34.67,49.33,Line Fault,Feeder,F-15B,High,90.25,2
6205,179.94,31.82,48.71,Line Fault,Feeder,F-15B,High,84.9,2
6206,167.68,27.57,48.81,Line Fault,Feeder,F-15B,High,83.62,2
6207,183.04,32.98,48.65,Line Fault,Feeder,F-15B,High,80.63,2
6208,199.63,37.69,48.04,Line Fault,Feeder,F-15B,High,86.49,2
6209,193.52,44.31,49.05,Line Fault,Feeder,F-15B,High,81.67,2
6210,182.89,44.16,48.86,Line Fault,Feeder,F-15B,High,90.71,2
6211,163.85,31.05,49.3,Line Fault,Feeder,F-15B,High,87.5,2
6212,150.07,33.83,49.29,Line Fault,Feeder,F-15B,High,80.33,2
6213,150.16,32.03,49.37,Line Fault,Feeder,F-15B,High,90.82,2
6214,175.94,38.83,48.5,Line Fault,Feeder,F-15B,High,82.92,2
6215,190.76,27.66,48.73,Line Fault,Feeder,F-15B,High,87.61,2
6216,155.18,37.99,48.87,Line Fault,Feeder,F-15B,High,88.91,2
6217,161.74,32.33,48.85,Line Fault,Feeder,F-15B,High,91.8,2
6218,160.87,49.65,49.07,Line Fault,Feeder,F-15B,High,89.91,2
6219,154.48,32.51,48.09,Line Fault,Feeder,F-15B,High,84.46,2
6220,199.06,27.63,48.84,Line Fault,Feeder,F-15B,High,80.07,2
6221,185.63,29.93,48.19,Line Fault,Feeder,F-15B,High,84.04,2
6222,188.55,27.67,48.34,Line Fault,Feeder,F-15B,High,80.1,2
6223,198.42,39.8,49.08,Line Fault,Feeder,F-15B,High,87.82,2
6224,157.22,39.87,48.2,Line Fault,Feeder,F-15B,High,84.81,2
6225,178.45,38.97,48.18,Line Fault,Feeder,F-15B,High,80.41,2
6226,189.91,43.15,48.12,Line Fault,Feeder,F-15B,High,81.53,2
6227,194.63,44.23,49.49,Line Fault,Feeder,F-15B,High,83.05,2
6228,174.39,30.91,48.93,Line Fault,Feeder,F-15B,High,81.38,2
6229,156.36,26.8,49.04,Line Fault,Feeder,F-15B,High,85.93,2
6230,180.89,46.98,49.11,Line Fault,Feeder,F-15B,High,85.54,2
6231,199.22,36.41,48.17,Line Fault,Feeder,F-15B,High,91.91,2
6232,151.14,38.75,48.46,Line Fault,Feeder,F-15B,High,86.04,2
6233,177.94,31.0,48.84,Line Fault,Feeder,F-15B,High,89.07,2
6234,163.33,34.59,48.4,Line Fault,Feeder,F-15B,High,89.85,2
6235,186.25,46.78,48.26,Line Fault,Feeder,F-15B,High,80.88,2
6236,155.97,29.03,48.8,Line Fault,Feeder,F-15B,High,91.65,2
6237,167.86,48.96,48.06,Line Fault,Feeder,F-15B,High,91.12,2
6238,159.06,47.81,48.08,Line Fault,Feeder,F-15B,High,91.38,2
6239,160.04,32.57,48.74,Line Fault,Feeder,F-15B,High,84.57,2
6240,183.38,49.37,48.91,Line Fault,Feeder,F-15B,High,88.66,2
6241,154.4,40.7,48.68,Line Fault,Feeder,F-15B,High,90.63,2
6242,169.41,41.99,48.34,Line Fault,Feeder,F-15B,High,83.11,2
6243,168.81,32.6,48.38,Line Fault,Feeder,F-15B,High,80.6,2
6244,191.84,26.61,49.33,Line Fault,Feeder,F-15B,High,81.51,2
6245,153.26,39.08,48.75,Line Fault,Feeder,F-15B,High,85.89,2
6246,178.73,32.18,48.99,Line Fault,Feeder,F-15B,High,86.03,2
6247,166.74,45.66,49.09,Line Fault,Feeder,F-15B,High,84.72,2
6248,192.38,48.01,48.81,Line Fault,Feeder,F-15B,High,82.58,2
6249,195.79,29.74,48.07,Line Fault,Feeder,F-15B,High,83.93,2
6250,186.35,48.08,48.96,Line Fault,Feeder,F-15B,High,91.42,2
6251,154.62,26.52,48.91,Line Fault,Feeder,F-15B,High,91.59,2
6252,175.14,26.29,48.33,Line Fault,Feeder,F-15B,High,82.94,2
6253,166.89,26.09,49.36,Line Fault,Feeder,F-15B,High,86.19,2
6254,183.55,26.68,48.08,Line Fault,Feeder,F-15B,High,87.04,2
6255,194.36,38.21,49.32,Line Fault,Feeder,F-15B,High,89.73,2
6256,153.79,30.05,48.99,Line Fault,Feeder,F-15B,High,85.32,2
6257,164.53,35.47,48.67,Line Fault,Feeder,F-15B,High,90.93,2
6258,155.17,31.99,48.81,Line Fault,Feeder,F-15B,High,88.38,2
6259,181.53,48.54,49.19,Line Fault,Feeder,F-15B,High,86.68,2
6260,160.73,36.27,49.04,Line Fault,Feeder,F-15B,High,90.06,2
6261,197.99,40.14,48.79,Line Fault,Feeder,F-15B,High,80.21,2
6262,153.6,28.9,48.08,Line Fault,Feeder,F-15B,High,84.81,2
6263,166.84,40.93,48.8,Line Fault,Feeder,F-15B,High,87.15,2
6264,173.6,31.94,49.43,Line Fault,Feeder,F-15B,High,81.04,2
6265,196.94,32.78,48.77,Line Fault,Feeder,F-15B,High,81.31,2
6266,153.55,35.74,49.11,Line Fault,Feeder,F-15B,High,83.23,2
6267,178.12,31.97,48.58,Line Fault,Feeder,F-15B,High,90.88,2
6268,192.79,37.9,48.36,Line Fault,Feeder,F-15B,High,82.32,2
6269,197.7,30.07,49.21,Line Fault,Feeder,F-15B,High,84.43,2
6270,199.28,34.2,48.53,Line Fault,Feeder,F-15B,High,87.65,2
6271,198.08,49.41,49.06,Line Fault,Feeder,F-15B,High,89.06,2
6272,178.17,43.89,49.29,Line Fault,Feeder,F-15B,High,85.83,2
6273,180.99,38.43,48.84,Line Fault,Feeder,F-15B,High,90.68,2
6274,167.78,30.2,48.68,Line Fault,Feeder,F-15B,High,82.5,2
6275,174.92,47.59,48.93,Line Fault,Feeder,F-15B,High,90.27,2
6276,158.31,47.52,48.9,Line Fault,Feeder,F-15B,High,80.38,2
6277,181.66,48.78,48.12,Line Fault,Feeder,F-15B,High,86.99,2
6278,195.77,25.24,48.95,Line Fault,Feeder,F-15B,High,85.7,2
6279,167.35,40.69,48.08,Line Fault,Feeder,F-15B,High,89.04,2
6280,150.22,32.67,48.76,Line Fault,Feeder,F-15B,High,84.52,2
6281,165.37,45.77,49.4,Line Fault,Feeder,F-15B,High,90.48,2
6282,176.12,47.1,49.38,Line Fault,Feeder,F-15B,High,84.91,2
6283,164.17,27.46,48.72,Line Fault,Feeder,F-15B,High,91.36,2
6284,178.05,41.69,48.17,Line Fault,Feeder,F-15B,High,81.72,2
6285,173.22,48.78,48.54,Line Fault,Feeder,F-15B,High,90.53,2
6286,156.01,40.43,48.9,Line Fault,Feeder,F-15B,High,90.32,2
6287,150.17,29.75,48.33,Line Fault,Feeder,F-15B,High,91.4,2
6288,157.68,25.92,48.8,Line Fault,Feeder,F-15B,High,86.34,2
6289,192.2,48.72,48.81,Line Fault,Feeder,F-15B,High,91.16,2
6290,186.26,31.61,49.39,Line Fault,Feeder,F-15B,High,88.01,2
6291,170.7,42.01,48.6,Line Fault,Feeder,F-15B,High,81.37,2
6292,185.95,45.6,49.09,Line Fault,Feeder,F-15B,High,82.75,2
6293,197.83,25.63,48.5,Line Fault,Feeder,F-15B,High,83.12,2
6294,152.41,35.14,48.93,Line Fault,Feeder,F-15B,High,90.59,2
6295,199.48,45.2,48.7,Line Fault,Feeder,F-15B,High,88.68,2
6296,192.18,36.63,49.18,Line Fault,Feeder,F-15B,High,85.79,2
6297,169.32,38.15,49.01,Line Fault,Feeder,F-15B,High,88.72,2
6298,167.84,39.28,49.36,Line Fault,Feeder,F-15B,High,91.72,2
6299,161.36,29.82,49.02,Line Fault,Feeder,F-15B,High,84.98,2
6300,151.21,33.67,49.21,Line Fault,Feeder,F-15B,High,89.57,2
6301,174.73,36.81,48.87,Line Fault,Feeder,F-15B,High,82.63,2
6302,176.3,25.28,48.71,Line Fault,Feeder,F-15B,High,84.03,2
6303,183.74,40.96,48.57,Line Fault,Feeder,F-15B,High,80.09,2
6304,162.61,40.83,48.11,Line Fault,Feeder,F-15B,High,81.29,2
6305,182.35,43.89,48.48,Line Fault,Feeder,F-15B,High,85.88,2
6306,197.29,48.64,48.46,Line Fault,Feeder,F-15B,High,89.72,2
6307,179.7,49.39,48.72,Line Fault,Feeder,F-15B,High,89.3,2
6308,188.41,37.44,49.19,Line Fault,Feeder,F-15B,High,83.13,2
6309,156.11,35.63,49.42,Line Fault,Feeder,F-15B,High,86.01,2
6310,181.76,40.6,48.2,Line Fault,Feeder,F-15B,High,84.68,2
6311,185.35,49.3,48.25,Line Fault,Feeder,F-15B,High,84.93,2
6312,154.75,31.06,48.57,Line Fault,Feeder,F-15B,High,86.49,2
6313,161.53,30.69,49.17,Line Fault,Feeder,F-15B,High,91.55,2
6314,166.18,42.2,48.39,Line Fault,Feeder,F-15B,High,91.14,2
6315,183.65,45.07,48.07,Line Fault,Feeder,F-15B,High,87.18,2
6316,176.38,32.32,48.39,Line Fault,Feeder,F-15B,High,86.96,2
6317,185.32,25.83,48.85,Line Fault,Feeder,F-15B,High,82.05,2
6318,157.02,40.58,48.47,Line Fault,Feeder,F-15B,High,85.29,2
6319,168.0,41.21,48.71,Line Fault,Feeder,F-15B,High,91.56,2
6320,167.62,43.51,48.39,Line Fault,Feeder,F-15B,High,86.11,2
6321,177.63,33.23,48.71,Line Fault,Feeder,F-15B,High,83.35,2
6322,150.3,30.39,49.05,Line Fault,Feeder,F-15B,High,89.25,2
6323,164.01,35.2,48.06,Line Fault,Feeder,F-15B,High,82.84,2
6324,188.96,40.15,48.31,Line Fault,Feeder,F-15B,High,83.09,2
6325,190.84,30.23,48.5,Line Fault,Feeder,F-15B,High,87.97,2
6326,178.06,36.52,49.35,Line Fault,Feeder,F-15B,High,82.64,2
6327,187.07,28.98,48.92,Line Fault,Feeder,F-15B,High,90.45,2
6328,172.9,43.11,49.23,Line Fault,Feeder,F-15B,High,81.63,2
6329,185.29,48.0,48.86,Line Fault,Feeder,F-15B,High,82.23,2
6330,156.35,31.49,48.16,Line Fault,Feeder,F-15B,High,86.16,2
6331,153.49,30.59,48.66,Line Fault,Feeder,F-15B,High,85.69,2
6332,178.27,42.64,48.07,Line Fault,Feeder,F-15B,High,80.97,2
6333,153.04,35.58,48.06,Line Fault,Feeder,F-15B,High,88.95,2
6334,161.15,48.48,48.73,Line Fault,Feeder,F-15B,High,85.36,2
6335,189.03,42.83,48.91,Line Fault,Feeder,F-15B,High,91.22,2
6336,171.11,45.21,48.57,Line Fault,Feeder,F-15B,High,90.06,2
6337,162.97,32.23,49.02,Line Fault,Feeder,F-15B,High,82.55,2
6338,161.46,32.63,49.02,Line Fault,Feeder,F-15B,High,90.67,2
6339,183.73,45.7,48.82,Line Fault,Feeder,F-15B,High,80.83,2
6340,155.02,38.86,48.49,Line Fault,Feeder,F-15B,High,82.65,2
6341,173.31,41.66,48.58,Line Fault,Feeder,F-15B,High,89.63,2
6342,186.93,43.37,49.48,Line Fault,Feeder,F-15B,High,83.54,2
6343,182.24,46.39,48.87,Line Fault,Feeder,F-15B,High,89.47,2
6344,170.72,39.76,48.08,Line Fault,Feeder,F-15B,High,91.83,2
6345,190.0,46.72,49.04,Line Fault,Feeder,F-15B,High,82.23,2
6346,151.55,46.62,48.59,Line Fault,Feeder,F-15B,High,83.17,2
6347,178.08,35.52,48.98,Line Fault,Feeder,F-15B,High,85.81,2
6348,184.86,46.34,48.29,Line Fault,Feeder,F-15B,High,83.95,2
6349,171.84,49.05,48.55,Line Fault,Feeder,F-15B,High,84.57,2
6350,182.67,35.48,49.43,Line Fault,Feeder,F-15B,High,90.73,2
6351,175.67,41.12,48.09,Line Fault,Feeder,F-15B,High,88.35,2
6352,185.36,33.98,48.33,Line Fault,Feeder,F-15B,High,90.98,2
6353,171.34,41.34,48.05,Line Fault,Feeder,F-15B,High,84.97,2
6354,190.86,34.69,48.9,Line Fault,Feeder,F-15B,High,82.52,2
6355,170.83,48.19,48.85,Line Fault,Feeder,F-15B,High,90.82,2
6356,195.1,48.6,49.34,Line Fault,Feeder,F-15B,High,80.04,2
6357,196.7,28.44,48.06,Line Fault,Feeder,F-15B,High,80.66,2
6358,167.45,40.52,48.6,Line Fault,Feeder,F-15B,High,80.31,2
6359,173.82,36.05,49.14,Line Fault,Feeder,F-15B,High,83.36,2
6360,160.88,31.4,48.46,Line Fault,Feeder,F-15B,High,87.19,2
6361,173.58,33.42,48.56,Line Fault,Feeder,F-15B,High,84.45,2
6362,198.62,30.82,49.23,Line Fault,Feeder,F-15B,High,88.5,2
6363,150.28,49.83,49.13,Line Fault,Feeder,F-15B,High,88.19,2
6364,170.27,38.88,48.38,Line Fault,Feeder,F-15B,High,80.43,2
6365,191.8,47.41,48.24,Line Fault,Feeder,F-15B,High,89.44,2
6366,187.06,29.46,48.63,Line Fault,Feeder,F-15B,High,85.07,2
6367,188.0,45.94,48.14,Line Fault,Feeder,F-15B,High,86.76,2
6368,188.09,44.65,48.22,Line Fault,Feeder,F-15B,High,86.31,2
6369,192.88,32.96,48.64,Line Fault,Feeder,F-15B,High,89.65,2
6370,154.47,46.49,48.47,Line Fault,Feeder,F-15B,High,80.02,2
6371,161.71,27.24,48.14,Line Fault,Feeder,F-15B,High,88.31,2
6372,160.7,48.37,48.77,Line Fault,Feeder,F-15B,High,85.52,2
6373,171.71,42.31,48.68,Line Fault,Feeder,F-15B,High,81.54,2
6374,194.01,35.71,48.11,Line Fault,Feeder,F-15B,High,86.35,2
6375,182.37,31.89,49.2,Line Fault,Feeder,F-15B,High,88.04,2
6376,182.52,35.52,49.44,Line Fault,Feeder,F-15B,High,83.29,2
6377,178.89,32.73,49.12,Line Fault,Feeder,F-15B,High,80.57,2
6378,152.29,45.27,48.65,Line Fault,Feeder,F-15B,High,84.09,2
6379,180.38,42.55,48.3,Line Fault,Feeder,F-15B,High,82.23,2
6380,197.91,39.74,48.59,Line Fault,Feeder,F-15B,High,89.62,2
6381,176.26,31.04,48.31,Line Fault,Feeder,F-15B,High,84.76,2
6382,192.99,26.54,48.33,Line Fault,Feeder,F-15B,High,90.72,2
6383,156.09,40.74,48.32,Line Fault,Feeder,F-15B,High,87.27,2
6384,169.16,27.54,48.87,Line Fault,Feeder,F-15B,High,88.2,2
6385,184.01,40.93,48.75,Line Fault,Feeder,F-15B,High,86.23,2
6386,181.78,42.26,48.98,Line Fault,Feeder,F-15B,High,87.04,2
6387,157.79,30.27,48.39,Line Fault,Feeder,F-15B,High,91.04,2
6388,187.97,38.82,48.38,Line Fault,Feeder,F-15B,High,81.33,2
6389,194.94,47.32,48.17,Line Fault,Feeder,F-15B,High,89.57,2
6390,172.33,33.1,49.11,Line Fault,Feeder,F-15B,High,87.37,2
6391,189.0,26.86,48.48,Line Fault,Feeder,F-15B,High,83.83,2
6392,166.49,37.56,48.42,Line Fault,Feeder,F-15B,High,85.33,2
6393,168.39,43.38,48.91,Line Fault,Feeder,F-15B,High,87.84,2
6394,160.53,33.14,48.03,Line Fault,Feeder,F-15B,High,81.3,2
6395,163.25,26.64,48.9,Line Fault,Feeder,F-15B,High,91.98,2
6396,155.04,45.53,48.18,Line Fault,Feeder,F-15B,High,88.04,2
6397,182.16,47.57,48.17,Line Fault,Feeder,F-15B,High,83.79,2
6398,154.54,35.18,49.37,Line Fault,Feeder,F-15B,High,89.38,2
6399,186.15,38.33,49.33,Line Fault,Feeder,F-15B,High,85.39,2
6400,157.48,45.94,48.42,Line Fault,Feeder,F-15B,High,80.64,2
6401,156.3,40.23,48.91,Line Fault,Feeder,F-15B,High,83.12,2
6402,186.36,44.34,49.38,Line Fault,Feeder,F-15B,High,87.02,2
6403,188.97,43.83,48.39,Line Fault,Feeder,F-15B,High,83.72,2
6404,173.92,25.48,48.45,Line Fault,Feeder,F-15B,High,85.69,2
6405,155.4,28.16,48.69,Line Fault,Feeder,F-15B,High,88.77,2
6406,191.69,38.66,48.71,Line Fault,Feeder,F-15B,High,84.61,2
6407,159.65,28.66,49.19,Line Fault,Feeder,F-15B,High,85.58,2
6408,189.52,42.6,48.29,Line Fault,Feeder,F-15B,High,86.12,2
6409,172.2,35.6,48.81,Line Fault,Feeder,F-15B,High,91.78,2
6410,190.65,47.59,48.04,Line Fault,Feeder,F-15B,High,81.68,2
6411,154.24,31.58,48.66,Line Fault,Feeder,F-15B,High,87.7,2
6412,175.04,47.58,49.41,Line Fault,Feeder,F-15B,High,81.96,2
6413,192.65,37.04,48.68,Line Fault,Feeder,F-15B,High,89.42,2
6414,154.66,47.06,49.01,Line Fault,Feeder,F-15B,High,90.5,2
6415,199.72,37.95,48.14,Line Fault,Feeder,F-15B,High,82.0,2
6416,166.18,27.59,49.22,Line Fault,Feeder,F-15B,High,83.56,2
6417,198.79,42.56,48.26,Line Fault,Feeder,F-15B,High,85.71,2
6418,173.34,37.31,48.8,Line Fault,Feeder,F-15B,High,80.37,2
6419,184.32,37.18,49.19,Line Fault,Feeder,F-15B,High,89.78,2
6420,161.53,26.21,49.05,Line Fault,Feeder,F-15B,High,91.73,2
6421,172.33,31.49,48.24,Line Fault,Feeder,F-15B,High,83.45,2
6422,166.4,35.6,48.98,Line Fault,Feeder,F-15B,High,83.28,2
6423,152.55,34.33,49.28,Line Fault,Feeder,F-15B,High,85.98,2
6424,198.24,37.59,48.41,Line Fault,Feeder,F-15B,High,82.32,2
6425,184.73,38.41,48.91,Line Fault,Feeder,F-15B,High,89.06,2
6426,186.3,26.08,49.2,Line Fault,Feeder,F-15B,High,86.39,2
6427,169.59,38.44,48.92,Line Fault,Feeder,F-15B,High,81.79,2
6428,170.87,33.39,48.53,Line Fault,Feeder,F-15B,High,81.1,2
6429,157.99,29.05,48.56,Line Fault,Feeder,F-15B,High,90.73,2
6430,160.3,35.4,48.47,Line Fault,Feeder,F-15B,High,89.45,2
6431,152.51,29.91,48.32,Line Fault,Feeder,F-15B,High,91.92,2
6432,178.54,28.47,48.41,Line Fault,Feeder,F-15B,High,82.01,2
6433,156.23,44.93,48.74,Line Fault,Feeder,F-15B,High,87.57,2
6434,166.56,38.84,48.39,Line Fault,Feeder,F-15B,High,83.7,2
6435,182.61,28.76,48.93,Line Fault,Feeder,F-15B,High,90.23,2
6436,156.02,47.44,48.12,Line Fault,Feeder,F-15B,High,84.19,2
6437,180.53,38.99,48.14,Line Fault,Feeder,F-15B,High,89.59,2
6438,198.66,29.53,49.34,Line Fault,Feeder,F-15B,High,86.68,2
6439,196.8,29.4,49.19,Line Fault,Feeder,F-15B,High,80.72,2
6440,194.16,41.85,48.56,Line Fault,Feeder,F-15B,High,82.29,2
6441,190.83,40.08,48.54,Line Fault,Feeder,F-15B,High,85.33,2
6442,191.33,33.47,48.13,Line Fault,Feeder,F-15B,High,90.94,2
6443,169.37,33.71,48.31,Line Fault,Feeder,F-15B,High,90.77,2
6444,160.88,40.92,49.32,Line Fault,Feeder,F-15B,High,80.42,2
6445,191.44,35.26,48.99,Line Fault,Feeder,F-15B,High,84.47,2
6446,184.78,31.36,48.03,Line Fault,Feeder,F-15B,High,91.37,2
6447,150.82,45.6,48.25,Line Fault,Feeder,F-15B,High,84.71,2
6448,191.12,30.15,49.3,Line Fault,Feeder,F-15B,High,85.97,2
6449,168.31,41.56,48.51,Line Fault,Feeder,F-15B,High,84.17,2
6450,186.68,32.75,48.3,Line Fault,Feeder,F-15B,High,89.69,2
6451,190.27,37.44,48.79,Line Fault,Feeder,F-15B,High,88.35,2
6452,175.46,35.43,49.49,Line Fault,Feeder,F-15B,High,81.77,2
6453,179.64,47.15,49.03,Line Fault,Feeder,F-15B,High,90.57,2
6454,166.82,31.8,49.28,Line Fault,Feeder,F-15B,High,84.73,2
6455,185.48,28.69,49.13,Line Fault,Feeder,F-15B,High,86.59,2
6456,163.43,37.36,49.05,Line Fault,Feeder,F-15B,High,80.14,2
6457,181.87,38.54,48.33,Line Fault,Feeder,F-15B,High,89.04,2
6458,165.17,31.92,48.71,Line Fault,Feeder,F-15B,High,88.11,2
6459,196.44,28.53,48.59,Line Fault,Feeder,F-15B,High,80.8,2
6460,187.93,36.19,49.06,Line Fault,Feeder,F-15B,High,83.87,2
6461,192.22,38.37,49.42,Line Fault,Feeder,F-15B,High,80.95,2
6462,175.71,44.16,48.9,Line Fault,Feeder,F-15B,High,80.28,2
6463,198.62,32.46,48.37,Line Fault,Feeder,F-15B,High,85.83,2
6464,177.11,44.16,48.59,Line Fault,Feeder,F-15B,High,85.28,2
6465,176.75,34.86,49.37,Line Fault,Feeder,F-15B,High,90.22,2
6466,172.75,25.0,49.35,Line Fault,Feeder,F-15B,High,81.49,2
6467,162.23,28.81,48.27,Line Fault,Feeder,F-15B,High,89.63,2
6468,178.98,48.9,48.35,Line Fault,Feeder,F-15B,High,85.83,2
6469,198.87,45.66,49.09,Line Fault,Feeder,F-15B,High,82.27,2
6470,188.47,33.69,48.8,Line Fault,Feeder,F-15B,High,87.31,2
6471,180.47,43.16,48.99,Line Fault,Feeder,F-15B,High,80.82,2
6472,172.87,41.6,48.44,Line Fault,Feeder,F-15B,High,83.76,2
6473,156.23,35.47,49.48,Line Fault,Feeder,F-15B,High,83.42,2
6474,176.57,43.58,48.02,Line Fault,Feeder,F-15B,High,90.81,2
6475,169.33,46.73,48.06,Line Fault,Feeder,F-15B,High,81.75,2
6476,166.13,33.64,49.27,Line Fault,Feeder,F-15B,High,80.13,2
6477,182.06,28.28,49.23,Line Fault,Feeder,F-15B,High,89.34,2
6478,175.0,30.32,48.95,Line Fault,Feeder,F-15B,High,81.88,2
6479,159.5,40.67,49.49,Line Fault,Feeder,F-15B,High,90.69,2
6480,179.66,38.46,49.5,Line Fault,Feeder,F-15B,High,86.57,2
6481,171.01,47.74,48.35,Line Fault,Feeder,F-15B,High,81.17,2
6482,181.7,27.4,48.56,Line Fault,Feeder,F-15B,High,85.08,2
6483,177.38,49.79,48.33,Line Fault,Feeder,F-15B,High,84.51,2
6484,156.61,40.19,49.09,Line Fault,Feeder,F-15B,High,85.78,2
6485,162.29,40.52,48.81,Line Fault,Feeder,F-15B,High,82.05,2
6486,170.28,35.88,49.47,Line Fault,Feeder,F-15B,High,90.19,2
6487,186.72,47.22,49.1,Line Fault,Feeder,F-15B,High,90.84,2
6488,152.73,36.4,49.12,Line Fault,Feeder,F-15B,High,87.0,2
6489,158.76,33.51,48.48,Line Fault,Feeder,F-15B,High,83.14,2
6490,167.16,37.87,49.28,Line Fault,Feeder,F-15B,High,88.9,2
6491,191.76,47.09,48.62,Line Fault,Feeder,F-15B,High,84.15,2
6492,152.88,48.26,48.1,Line Fault,Feeder,F-15B,High,88.89,2
6493,168.91,48.72,48.63,Line Fault,Feeder,F-15B,High,89.8,2
6494,164.13,32.48,48.89,Line Fault,Feeder,F-15B,High,91.98,2
6495,175.88,48.41,49.18,Line Fault,Feeder,F-15B,High,89.55,2
6496,171.8,34.66,48.29,Line Fault,Feeder,F-15B,High,91.57,2
6497,197.97,43.68,48.44,Line Fault,Feeder,F-15B,High,82.94,2
6498,199.43,26.66,49.27,Line Fault,Feeder,F-15B,High,84.27,2
6499,170.94,45.8,48.14,Line Fault,Feeder,F-15B,High,84.25,2
6500,197.6,42.48,49.13,Line Fault,Feeder,F-15B,High,89.09,2
6501,153.03,30.08,48.74,Line Fault,Feeder,F-15B,High,84.42,2
6502,170.55,44.54,48.02,Line Fault,Feeder,F-15B,High,87.93,2
6503,150.01,26.58,48.61,Line Fault,Feeder,F-15B,High,90.09,2
6504,157.25,38.87,49.02,Line Fault,Feeder,F-15B,High,82.75,2
6505,175.62,47.79,48.77,Line Fault,Feeder,F-15B,High,81.89,2
6506,181.39,39.81,48.04,Line Fault,Feeder,F-15B,High,81.09,2
6507,157.84,28.41,48.39,Line Fault,Feeder,F-15B,High,85.45,2
6508,168.59,47.27,48.92,Line Fault,Feeder,F-15B,High,90.51,2
6509,176.35,27.25,48.69,Line Fault,Feeder,F-15B,High,89.86,2
6510,159.71,27.28,48.49,Line Fault,Feeder,F-15B,High,84.67,2
6511,165.31,28.38,48.38,Line Fault,Feeder,F-15B,High,88.19,2
6512,169.3,40.81,48.8,Line Fault,Feeder,F-15B,High,86.59,2
6513,162.43,38.04,48.04,Line Fault,Feeder,F-15B,High,85.18,2
6514,178.63,29.55,48.38,Line Fault,Feeder,F-15B,High,82.63,2
6515,153.53,33.7,49.47,Line Fault,Feeder,F-15B,High,84.25,2
6516,173.03,41.33,48.97,Line Fault,Feeder,F-15B,High,91.4,2
6517,192.88,44.85,49.43,Line Fault,Feeder,F-15B,High,82.77,2
6518,180.85,47.18,48.94,Line Fault,Feeder,F-15B,High,91.73,2
6519,155.02,35.98,49.47,Line Fault,Feeder,F-15B,High,84.55,2
6520,186.98,25.76,49.04,Line Fault,Feeder,F-15B,High,91.22,2
6521,169.14,25.53,48.04,Line Fault,Feeder,F-15B,High,90.7,2
6522,186.13,27.67,48.08,Line Fault,Feeder,F-15B,High,89.66,2
6523,190.49,28.01,48.45,Line Fault,Feeder,F-15B,High,89.36,2
6524,176.27,48.91,48.72,Line Fault,Feeder,F-15B,High,88.12,2
6525,175.49,48.57,48.6,Line Fault,Feeder,F-15B,High,82.76,2
6526,166.33,46.32,48.75,Line Fault,Feeder,F-15B,High,84.25,2
6527,177.21,28.33,48.01,Line Fault,Feeder,F-15B,High,83.37,2
6528,180.25,42.79,49.24,Line Fault,Feeder,F-15B,High,91.12,2
6529,170.61,43.51,48.11,Line Fault,Feeder,F-15B,High,80.69,2
6530,156.24,36.21,48.32,Line Fault,Feeder,F-15B,High,83.44,2
6531,182.39,33.96,48.84,Line Fault,Feeder,F-15B,High,84.95,2
6532,158.45,26.85,48.35,Line Fault,Feeder,F-15B,High,80.69,2
6533,180.93,44.89,48.51,Line Fault,Feeder,F-15B,High,84.65,2
6534,190.81,30.57,48.18,Line Fault,Feeder,F-15B,High,86.01,2
6535,182.31,39.99,49.07,Line Fault,Feeder,F-15B,High,80.68,2
6536,171.41,30.96,49.14,Line Fault,Feeder,F-15B,High,90.47,2
6537,164.07,27.38,48.38,Line Fault,Feeder,F-15B,High,81.25,2
6538,166.12,38.45,49.46,Line Fault,Feeder,F-15B,High,84.79,2
6539,161.0,29.17,48.26,Line Fault,Feeder,F-15B,High,82.31,2
6540,188.11,26.53,49.5,Line Fault,Feeder,F-15B,High,86.27,2
6541,177.21,33.94,49.04,Line Fault,Feeder,F-15B,High,85.66,2
6542,166.45,31.63,49.39,Line Fault,Feeder,F-15B,High,83.49,2
6543,171.82,33.76,48.13,Line Fault,Feeder,F-15B,High,82.23,2
6544,159.48,42.34,48.61,Line Fault,Feeder,F-15B,High,89.38,2
6545,185.45,29.8,48.84,Line Fault,Feeder,F-15B,High,88.91,2
6546,181.65,40.0,49.11,Line Fault,Feeder,F-15B,High,80.68,2
6547,186.57,31.82,48.86,Line Fault,Feeder,F-15B,High,82.91,2
6548,191.94,37.01,48.96,Line Fault,Feeder,F-15B,High,89.53,2
6549,194.77,43.3,48.22,Line Fault,Feeder,F-15B,High,90.25,2
6550,180.93,40.24,49.38,Line Fault,Feeder,F-15B,High,82.99,2
6551,161.98,37.83,49.13,Line Fault,Feeder,F-15B,High,85.37,2
6552,181.69,36.31,48.92,Line Fault,Feeder,F-15B,High,89.87,2
6553,159.02,42.38,49.18,Line Fault,Feeder,F-15B,High,85.37,2
6554,166.16,25.34,49.2,Line Fault,Feeder,F-15B,High,83.94,2
6555,167.87,33.4,48.75,Line Fault,Feeder,F-15B,High,88.43,2
6556,188.59,34.81,48.99,Line Fault,Feeder,F-15B,High,88.65,2
6557,164.85,27.42,49.34,Line Fault,Feeder,F-15B,High,88.13,2
6558,182.41,26.47,49.23,Line Fault,Feeder,F-15B,High,86.79,2
6559,192.39,49.36,49.44,Line Fault,Feeder,F-15B,High,90.27,2
6560,150.55,47.14,48.11,Line Fault,Feeder,F-15B,High,90.21,2
6561,164.01,40.25,48.06,Line Fault,Feeder,F-15B,High,89.25,2
6562,155.59,35.27,49.23,Line Fault,Feeder,F-15B,High,88.34,2
6563,150.3,35.08,48.06,Line Fault,Feeder,F-15B,High,88.08,2
6564,198.45,41.38,48.34,Line Fault,Feeder,F-15B,High,84.26,2
6565,198.83,30.6,48.84,Line Fault,Feeder,F-15B,High,84.81,2
6566,188.42,46.68,48.51,Line Fault,Feeder,F-15B,High,87.92,2
6567,177.45,31.96,48.41,Line Fault,Feeder,F-15B,High,86.46,2
6568,157.7,45.27,48.1,Line Fault,Feeder,F-15B,High,81.13,2
6569,167.11,27.95,48.71,Line Fault,Feeder,F-15B,High,84.8,2
6570,186.09,48.83,49.13,Line Fault,Feeder,F-15B,High,82.15,2
6571,196.78,34.8,48.71,Line Fault,Feeder,F-15B,High,85.06,2
6572,164.03,47.38,48.5,Line Fault,Feeder,F-15B,High,86.94,2
6573,162.0,44.93,49.16,Line Fault,Feeder,F-15B,High,83.56,2
6574,184.08,42.6,48.84,Line Fault,Feeder,F-15B,High,87.21,2
6575,178.72,27.05,49.01,Line Fault,Feeder,F-15B,High,85.64,2
6576,171.92,46.5,48.03,Line Fault,Feeder,F-15B,High,83.02,2
6577,156.07,25.88,48.41,Line Fault,Feeder,F-15B,High,91.86,2
6578,163.51,41.59,48.18,Line Fault,Feeder,F-15B,High,87.22,2
6579,199.22,32.3,49.27,Line Fault,Feeder,F-15B,High,91.97,2
6580,179.43,32.74,49.01,Line Fault,Feeder,F-15B,High,90.14,2
6581,158.57,36.31,48.48,Line Fault,Feeder,F-15B,High,83.4,2
6582,193.04,35.54,48.51,Line Fault,Feeder,F-15B,High,87.24,2
6583,160.97,30.75,48.78,Line Fault,Feeder,F-15B,High,84.91,2
6584,164.75,26.35,48.78,Line Fault,Feeder,F-15B,High,89.8,2
6585,192.57,30.89,48.9,Line Fault,Feeder,F-15B,High,90.27,2
6586,170.44,48.3,49.35,Line Fault,Feeder,F-15B,High,82.5,2
6587,162.95,29.51,48.29,Line Fault,Feeder,F-15B,High,90.89,2
6588,196.56,26.3,48.89,Line Fault,Feeder,F-15B,High,86.77,2
6589,169.53,40.79,49.42,Line Fault,Feeder,F-15B,High,82.04,2
6590,156.02,25.83,48.55,Line Fault,Feeder,F-15B,High,84.05,2
6591,171.54,37.58,49.14,Line Fault,Feeder,F-15B,High,84.71,2
6592,166.53,45.67,49.27,Line Fault,Feeder,F-15B,High,82.79,2
6593,165.73,45.63,48.12,Line Fault,Feeder,F-15B,High,83.91,2
6594,172.42,29.68,48.27,Line Fault,Feeder,F-15B,High,85.1,2
6595,187.73,46.01,49.47,Line Fault,Feeder,F-15B,High,80.89,2
6596,160.83,43.92,48.81,Line Fault,Feeder,F-15B,High,83.93,2
6597,160.28,32.01,48.64,Line Fault,Feeder,F-15B,High,82.13,2
6598,198.21,27.69,49.48,Line Fault,Feeder,F-15B,High,90.1,2
6599,171.16,43.5,49.01,Line Fault,Feeder,F-15B,High,82.56,2
6600,166.95,37.83,48.96,Line Fault,Feeder,F-15B,High,86.51,2
6601,173.65,36.08,48.75,Line Fault,Feeder,F-15B,High,85.21,2
6602,177.07,47.2,48.95,Line Fault,Feeder,F-15B,High,88.67,2
6603,179.87,41.08,48.87,Line Fault,Feeder,F-15B,High,80.32,2
6604,199.98,25.84,48.59,Line Fault,Feeder,F-15B,High,81.26,2
6605,154.85,44.84,48.64,Line Fault,Feeder,F-15B,High,89.61,2
6606,163.64,31.41,48.38,Line Fault,Feeder,F-15B,High,87.39,2
6607,190.75,36.31,48.57,Line Fault,Feeder,F-15B,High,91.68,2
6608,155.84,37.17,48.61,Line Fault,Feeder,F-15B,High,81.18,2
6609,163.41,25.71,49.32,Line Fault,Feeder,F-15B,High,87.29,2
6610,190.75,38.04,48.9,Line Fault,Feeder,F-15B,High,88.41,2
6611,195.4,27.29,48.5,Line Fault,Feeder,F-15B,High,88.51,2
6612,197.92,49.52,48.96,Line Fault,Feeder,F-15B,High,82.32,2
6613,155.96,48.65,48.65,Line Fault,Feeder,F-15B,High,82.34,2
6614,196.69,27.61,49.09,Line Fault,Feeder,F-15B,High,87.5,2
6615,154.39,33.47,48.22,Line Fault,Feeder,F-15B,High,87.25,2
6616,173.86,25.11,49.46,Line Fault,Feeder,F-15B,High,84.2,2
6617,162.91,30.56,48.24,Line Fault,Feeder,F-15B,High,91.99,2
6618,164.76,35.14,49.31,Line Fault,Feeder,F-15B,High,87.7,2
6619,168.43,47.46,49.12,Line Fault,Feeder,F-15B,High,82.73,2
6620,182.19,48.06,48.74,Line Fault,Feeder,F-15B,High,88.8,2
6621,198.56,42.26,48.15,Line Fault,Feeder,F-15B,High,82.93,2
6622,179.75,31.89,49.44,Line Fault,Feeder,F-15B,High,84.86,2
6623,172.86,42.54,48.79,Line Fault,Feeder,F-15B,High,84.59,2
6624,153.83,39.91,49.3,Line Fault,Feeder,F-15B,High,88.23,2
6625,169.07,28.19,49.22,Line Fault,Feeder,F-15B,High,91.3,2
6626,169.41,43.22,48.62,Line Fault,Feeder,F-15B,High,86.03,2
6627,191.82,27.09,48.8,Line Fault,Feeder,F-15B,High,82.58,2
6628,166.99,41.11,48.04,Line Fault,Feeder,F-15B,High,87.13,2
6629,164.17,41.74,48.21,Line Fault,Feeder,F-15B,High,88.83,2
6630,182.28,49.28,49.37,Line Fault,Feeder,F-15B,High,83.4,2
6631,151.37,41.38,48.9,Line Fault,Feeder,F-15B,High,80.33,2
6632,156.13,39.62,49.37,Line Fault,Feeder,F-15B,High,90.88,2
6633,157.57,34.61,48.06,Line Fault,Feeder,F-15B,High,85.63,2
6634,187.65,44.75,48.75,Line Fault,Feeder,F-15B,High,81.15,2
6635,169.07,48.3,48.34,Line Fault,Feeder,F-15B,High,83.84,2
6636,187.34,43.34,49.37,Line Fault,Feeder,F-15B,High,84.66,2
6637,175.73,36.68,49.39,Line Fault,Feeder,F-15B,High,89.23,2
6638,191.57,28.33,49.19,Line Fault,Feeder,F-15B,High,85.2,2
6639,151.17,26.5,49.02,Line Fault,Feeder,F-15B,High,84.46,2
6640,193.41,43.36,48.03,Line Fault,Feeder,F-15B,High,88.24,2
6641,159.62,35.56,48.94,Line Fault,Feeder,F-15B,High,90.47,2
6642,172.8,45.21,49.17,Line Fault,Feeder,F-15B,High,84.97,2
6643,175.05,42.51,48.05,Line Fault,Feeder,F-15B,High,90.69,2
6644,188.49,31.24,49.47,Line Fault,Feeder,F-15B,High,82.15,2
6645,195.7,33.11,49.14,Line Fault,Feeder,F-15B,High,85.48,2
6646,186.82,28.89,48.4,Line Fault,Feeder,F-15B,High,81.2,2
6647,193.26,32.41,49.04,Line Fault,Feeder,F-15B,High,89.84,2
6648,195.07,27.66,49.34,Line Fault,Feeder,F-15B,High,82.37,2
6649,186.85,43.22,48.01,Line Fault,Feeder,F-15B,High,82.65,2
6650,174.6,35.5,49.38,Line Fault,Feeder,F-15B,High,84.32,2
6651,196.85,36.49,49.45,Line Fault,Feeder,F-15B,High,88.85,2
6652,191.47,27.62,48.88,Line Fault,Feeder,F-15B,High,81.71,2
6653,164.88,40.59,49.09,Line Fault,Feeder,F-15B,High,80.47,2
6654,176.55,39.13,48.12,Line Fault,Feeder,F-15B,High,86.01,2
6655,185.69,26.33,49.14,Line Fault,Feeder,F-15B,High,86.92,2
6656,191.66,30.45,49.25,Line Fault,Feeder,F-15B,High,81.13,2
6657,170.19,29.99,49.31,Line Fault,Feeder,F-15B,High,88.46,2
6658,151.27,25.24,48.44,Line Fault,Feeder,F-15B,High,81.72,2
6659,181.52,41.59,49.41,Line Fault,Feeder,F-15B,High,91.42,2
6660,182.94,25.14,48.54,Line Fault,Feeder,F-15B,High,86.16,2
6661,174.96,40.08,49.44,Line Fault,Feeder,F-15B,High,90.62,2
6662,155.45,31.65,49.25,Line Fault,Feeder,F-15B,High,89.89,2
6663,163.77,43.26,49.01,Line Fault,Feeder,F-15B,High,85.68,2
6664,160.07,47.22,49.02,Line Fault,Feeder,F-15B,High,82.03,2
6665,185.24,43.54,49.33,Line Fault,Feeder,F-15B,High,82.67,2
6666,199.44,28.83,48.9,Line Fault,Feeder,F-15B,High,87.89,2
6667,170.95,36.88,49.34,Line Fault,Feeder,F-15B,High,87.74,2
6668,174.85,28.21,48.01,Line Fault,Feeder,F-15B,High,81.5,2
6669,197.81,44.1,49.45,Line Fault,Feeder,F-15B,High,80.43,2
6670,184.01,26.11,49.17,Line Fault,Feeder,F-15B,High,84.57,2
6671,154.79,39.2,48.42,Line Fault,Feeder,F-15B,High,87.91,2
6672,182.91,42.63,49.49,Line Fault,Feeder,F-15B,High,84.64,2
6673,173.27,45.12,48.87,Line Fault,Feeder,F-15B,High,80.45,2
6674,192.15,26.29,48.26,Line Fault,Feeder,F-15B,High,81.22,2
6675,153.9,25.64,48.08,Line Fault,Feeder,F-15B,High,85.31,2
6676,162.64,28.16,48.99,Line Fault,Feeder,F-15B,High,82.71,2
6677,150.95,35.46,48.47,Line Fault,Feeder,F-15B,High,83.82,2
6678,172.26,41.72,48.92,Line Fault,Feeder,F-15B,High,91.25,2
6679,175.89,36.81,48.32,Line Fault,Feeder,F-15B,High,89.06,2
6680,157.04,37.28,48.63,Line Fault,Feeder,F-15B,High,87.9,2
6681,195.88,48.66,48.25,Line Fault,Feeder,F-15B,High,83.14,2
6682,190.58,37.96,48.68,Line Fault,Feeder,F-15B,High,88.53,2
6683,180.1,49.27,48.88,Line Fault,Feeder,F-15B,High,85.59,2
6684,177.14,45.21,48.92,Line Fault,Feeder,F-15B,High,87.76,2
6685,198.57,40.46,48.57,Line Fault,Feeder,F-15B,High,88.3,2
6686,182.97,25.35,48.7,Line Fault,Feeder,F-15B,High,88.91,2
6687,174.95,44.49,48.68,Line Fault,Feeder,F-15B,High,91.8,2
6688,164.64,27.3,48.65,Line Fault,Feeder,F-15B,High,86.5,2
6689,167.45,31.06,49.01,Line Fault,Feeder,F-15B,High,84.53,2
6690,181.57,44.48,49.14,Line Fault,Feeder,F-15B,High,84.5,2
6691,178.39,36.24,49.31,Line Fault,Feeder,F-15B,High,90.55,2
6692,167.19,27.29,48.25,Line Fault,Feeder,F-15B,High,84.4,2
6693,178.21,41.42,48.5,Line Fault,Feeder,F-15B,High,88.01,2
6694,196.89,41.3,48.24,Line Fault,Feeder,F-15B,High,86.96,2
6695,177.09,46.77,48.53,Line Fault,Feeder,F-15B,High,85.08,2
6696,179.93,38.11,49.08,Line Fault,Feeder,F-15B,High,80.48,2
6697,178.18,28.04,48.47,Line Fault,Feeder,F-15B,High,87.94,2
6698,157.87,32.72,49.05,Line Fault,Feeder,F-15B,High,87.81,2
6699,154.55,39.43,48.22,Line Fault,Feeder,F-15B,High,83.03,2
6700,172.96,27.73,49.49,Line Fault,Feeder,F-15B,High,81.98,2
6701,189.07,45.75,49.49,Line Fault,Feeder,F-15B,High,85.14,2
6702,193.7,48.94,48.26,Line Fault,Feeder,F-15B,High,85.75,2
6703,153.0,40.52,48.87,Line Fault,Feeder,F-15B,High,82.45,2
6704,189.9,25.93,49.21,Line Fault,Feeder,F-15B,High,80.32,2
6705,182.84,26.97,48.38,Line Fault,Feeder,F-15B,High,88.66,2
6706,164.02,37.78,49.37,Line Fault,Feeder,F-15B,High,80.6,2
6707,190.55,26.63,48.19,Line Fault,Feeder,F-15B,High,81.43,2
6708,199.71,29.5,49.35,Line Fault,Feeder,F-15B,High,91.89,2
6709,169.19,40.78,49.17,Line Fault,Feeder,F-15B,High,84.71,2
6710,158.09,35.84,49.16,Line Fault,Feeder,F-15B,High,89.37,2
6711,161.53,29.37,49.38,Line Fault,Feeder,F-15B,High,80.53,2
6712,186.74,26.16,49.26,Line Fault,Feeder,F-15B,High,90.86,2
6713,164.87,26.85,48.72,Line Fault,Feeder,F-15B,High,83.58,2
6714,170.86,41.62,48.31,Line Fault,Feeder,F-15B,High,84.28,2
6715,189.13,41.09,48.49,Line Fault,Feeder,F-15B,High,87.97,2
6716,188.27,39.81,48.36,Line Fault,Feeder,F-15B,High,80.0,2
6717,190.14,45.57,49.05,Line Fault,Feeder,F-15B,High,80.92,2
6718,179.26,45.53,48.58,Line Fault,Feeder,F-15B,High,82.38,2
6719,179.38,45.66,48.07,Line Fault,Feeder,F-15B,High,87.16,2
6720,182.16,40.06,48.98,Line Fault,Feeder,F-15B,High,87.58,2
6721,156.52,30.87,48.93,Line Fault,Feeder,F-15B,High,80.21,2
6722,181.74,41.63,48.36,Line Fault,Feeder,F-15B,High,87.18,2
6723,176.7,31.52,48.69,Line Fault,Feeder,F-15B,High,90.92,2
6724,171.33,40.75,48.05,Line Fault,Feeder,F-15B,High,80.93,2
6725,154.07,44.46,48.53,Line Fault,Feeder,F-15B,High,82.73,2
6726,187.37,29.25,48.37,Line Fault,Feeder,F-15B,High,85.17,2
6727,166.57,39.63,48.51,Line Fault,Feeder,F-15B,High,84.72,2
6728,193.14,47.11,49.24,Line Fault,Feeder,F-15B,High,90.38,2
6729,178.49,41.16,48.84,Line Fault,Feeder,F-15B,High,89.43,2
6730,177.55,27.78,49.21,Line Fault,Feeder,F-15B,High,89.13,2
6731,191.02,29.76,48.41,Line Fault,Feeder,F-15B,High,83.55,2
6732,175.4,28.35,48.58,Line Fault,Feeder,F-15B,High,82.19,2
6733,163.24,42.66,49.28,Line Fault,Feeder,F-15B,High,80.27,2
6734,178.29,25.9,48.13,Line Fault,Feeder,F-15B,High,88.46,2
6735,186.78,45.35,48.71,Line Fault,Feeder,F-15B,High,90.32,2
6736,158.34,31.24,48.2,Line Fault,Feeder,F-15B,High,89.57,2
6737,161.43,28.89,48.93,Line Fault,Feeder,F-15B,High,80.92,2
6738,152.25,27.67,48.0,Line Fault,Feeder,F-15B,High,88.36,2
6739,178.11,30.25,48.35,Line Fault,Feeder,F-15B,High,89.73,2
6740,175.09,42.46,48.68,Line Fault,Feeder,F-15B,High,82.85,2
6741,198.52,39.14,48.2,Line Fault,Feeder,F-15B,High,84.87,2
6742,166.47,30.35,49.4,Line Fault,Feeder,F-15B,High,90.57,2
6743,159.96,33.8,49.14,Line Fault,Feeder,F-15B,High,82.5,2
6744,179.58,42.49,48.98,Line Fault,Feeder,F-15B,High,88.48,2
6745,185.33,49.12,48.52,Line Fault,Feeder,F-15B,High,90.54,2
6746,151.09,32.21,48.07,Line Fault,Feeder,F-15B,High,87.81,2
6747,155.04,46.14,48.97,Line Fault,Feeder,F-15B,High,80.35,2
6748,185.74,46.55,48.99,Line Fault,Feeder,F-15B,High,80.37,2
6749,192.9,43.31,48.57,Line Fault,Feeder,F-15B,High,83.94,2
6750,173.99,46.68,48.38,Line Fault,Feeder,F-15B,High,81.21,2
6751,193.23,25.66,49.37,Line Fault,Feeder,F-15B,High,83.67,2
6752,175.41,28.31,49.35,Line Fault,Feeder,F-15B,High,89.0,2
6753,196.21,42.08,48.28,Line Fault,Feeder,F-15B,High,83.7,2
6754,174.34,40.18,49.39,Line Fault,Feeder,F-15B,High,84.61,2
6755,185.15,49.03,48.23,Line Fault,Feeder,F-15B,High,90.35,2
6756,171.04,43.31,48.44,Line Fault,Feeder,F-15B,High,84.01,2
6757,151.36,49.29,49.22,Line Fault,Feeder,F-15B,High,81.13,2
6758,199.98,40.13,49.28,Line Fault,Feeder,F-15B,High,80.8,2
6759,169.47,41.74,48.16,Line Fault,Feeder,F-15B,High,85.87,2
6760,172.13,30.4,48.45,Line Fault,Feeder,F-15B,High,91.61,2
6761,164.43,30.34,48.8,Line Fault,Feeder,F-15B,High,88.05,2
6762,186.25,43.86,48.06,Line Fault,Feeder,F-15B,High,84.73,2
6763,188.7,47.62,48.9,Line Fault,Feeder,F-15B,High,80.63,2
6764,169.83,26.86,49.12,Line Fault,Feeder,F-15B,High,80.76,2
6765,159.29,35.42,48.69,Line Fault,Feeder,F-15B,High,84.88,2
6766,173.17,42.83,48.55,Line Fault,Feeder,F-15B,High,86.57,2
6767,165.17,33.84,48.92,Line Fault,Feeder,F-15B,High,85.89,2
6768,186.15,39.01,49.21,Line Fault,Feeder,F-15B,High,85.32,2
6769,174.55,41.75,48.33,Line Fault,Feeder,F-15B,High,84.63,2
6770,181.24,25.72,48.66,Line Fault,Feeder,F-15B,High,87.19,2
6771,198.37,46.93,48.42,Line Fault,Feeder,F-15B,High,86.09,2
6772,152.82,31.02,49.16,Line Fault,Feeder,F-15B,High,81.48,2
6773,162.88,48.6,49.24,Line Fault,Feeder,F-15B,High,89.38,2
6774,193.23,43.74,48.18,Line Fault,Feeder,F-15B,High,86.2,2
6775,172.21,32.78,49.25,Line Fault,Feeder,F-15B,High,85.57,2
6776,153.01,31.87,48.34,Line Fault,Feeder,F-15B,High,90.65,2
6777,182.37,39.01,48.76,Line Fault,Feeder,F-15B,High,87.8,2
6778,187.74,38.86,49.41,Line Fault,Feeder,F-15B,High,91.72,2
6779,199.77,41.73,49.4,Line Fault,Feeder,F-15B,High,84.85,2
6780,192.98,47.73,49.36,Line Fault,Feeder,F-15B,High,89.97,2
6781,170.33,28.97,48.5,Line Fault,Feeder,F-15B,High,89.21,2
6782,161.64,36.96,48.85,Line Fault,Feeder,F-15B,High,87.25,2
6783,196.79,41.54,49.18,Line Fault,Feeder,F-15B,High,86.98,2
6784,191.68,31.59,48.31,Line Fault,Feeder,F-15B,High,91.12,2
6785,184.67,41.79,48.7,Line Fault,Feeder,F-15B,High,84.52,2
6786,177.78,28.01,48.68,Line Fault,Feeder,F-15B,High,85.46,2
6787,176.92,40.87,49.44,Line Fault,Feeder,F-15B,High,87.83,2
6788,194.19,38.91,48.94,Line Fault,Feeder,F-15B,High,80.84,2
6789,156.66,39.49,48.59,Line Fault,Feeder,F-15B,High,89.59,2
6790,177.16,47.06,49.46,Line Fault,Feeder,F-15B,High,81.77,2
6791,169.74,41.62,48.46,Line Fault,Feeder,F-15B,High,83.2,2
6792,190.69,49.51,49.16,Line Fault,Feeder,F-15B,High,86.28,2
6793,172.13,38.49,48.69,Line Fault,Feeder,F-15B,High,86.03,2
6794,160.17,47.59,49.13,Line Fault,Feeder,F-15B,High,88.17,2
6795,197.5,32.11,48.12,Line Fault,Feeder,F-15B,High,89.91,2
6796,199.92,39.46,48.09,Line Fault,Feeder,F-15B,High,89.37,2
6797,153.69,38.5,48.42,Line Fault,Feeder,F-15B,High,90.98,2
6798,172.57,47.46,48.45,Line Fault,Feeder,F-15B,High,84.65,2
6799,197.36,30.03,48.87,Line Fault,Feeder,F-15B,High,84.66,2
6800,188.71,28.23,48.66,Line Fault,Feeder,F-15B,High,88.39,2
6801,170.35,26.46,49.06,Line Fault,Feeder,F-15B,High,86.04,2
6802,150.57,40.32,49.38,Line Fault,Feeder,F-15B,High,81.33,2
6803,179.53,43.22,48.11,Line Fault,Feeder,F-15B,High,80.27,2
6804,173.21,44.78,48.24,Line Fault,Feeder,F-15B,High,90.04,2
6805,182.83,33.3,48.77,Line Fault,Feeder,F-15B,High,91.59,2
6806,160.82,37.49,48.94,Line Fault,Feeder,F-15B,High,81.66,2
6807,152.18,25.34,48.49,Line Fault,Feeder,F-15B,High,80.89,2
6808,190.19,49.93,48.09,Line Fault,Feeder,F-15B,High,85.19,2
6809,151.29,28.35,48.48,Line Fault,Feeder,F-15B,High,84.72,2
6810,196.99,34.9,48.74,Line Fault,Feeder,F-15B,High,82.95,2
6811,150.01,47.48,48.12,Line Fault,Feeder,F-15B,High,91.57,2
6812,156.54,40.12,49.5,Line Fault,Feeder,F-15B,High,81.66,2
6813,171.2,44.51,48.05,Line Fault,Feeder,F-15B,High,88.28,2
6814,154.02,30.91,48.24,Line Fault,Feeder,F-15B,High,90.89,2
6815,159.02,26.01,48.88,Line Fault,Feeder,F-15B,High,84.15,2
6816,170.29,27.98,49.12,Line Fault,Feeder,F-15B,High,87.22,2
6817,168.21,29.29,48.89,Line Fault,Feeder,F-15B,High,89.34,2
6818,165.62,25.65,48.32,Line Fault,Feeder,F-15B,High,88.19,2
6819,199.45,25.33,48.46,Line Fault,Feeder,F-15B,High,80.74,2
6820,165.82,35.15,49.38,Line Fault,Feeder,F-15B,High,80.97,2
6821,188.86,34.89,49.22,Line Fault,Feeder,F-15B,High,86.16,2
6822,151.96,48.66,48.12,Line Fault,Feeder,F-15B,High,87.17,2
6823,193.88,26.99,48.83,Line Fault,Feeder,F-15B,High,89.89,2
6824,199.32,43.11,48.42,Line Fault,Feeder,F-15B,High,88.39,2
6825,185.29,42.5,49.28,Line Fault,Feeder,F-15B,High,81.05,2
6826,155.42,41.02,49.43,Line Fault,Feeder,F-15B,High,85.59,2
6827,198.03,48.45,49.35,Line Fault,Feeder,F-15B,High,90.92,2
6828,194.92,45.5,49.04,Line Fault,Feeder,F-15B,High,80.29,2
6829,156.61,28.36,48.04,Line Fault,Feeder,F-15B,High,81.4,2
6830,195.99,41.6,48.47,Line Fault,Feeder,F-15B,High,89.52,2
6831,174.42,28.55,49.33,Line Fault,Feeder,F-15B,High,84.06,2
6832,184.94,32.26,48.75,Line Fault,Feeder,F-15B,High,89.8,2
6833,157.84,49.43,48.11,Line Fault,Feeder,F-15B,High,86.41,2
6834,195.8,48.64,48.35,Line Fault,Feeder,F-15B,High,81.73,2
6835,186.22,26.05,48.73,Line Fault,Feeder,F-15B,High,89.56,2
6836,178.01,29.7,48.73,Line Fault,Feeder,F-15B,High,91.06,2
6837,180.86,43.04,48.5,Line Fault,Feeder,F-15B,High,82.26,2
6838,162.78,38.33,48.42,Line Fault,Feeder,F-15B,High,86.5,2
6839,185.39,43.36,48.25,Line Fault,Feeder,F-15B,High,89.01,2
6840,183.63,25.3,48.09,Line Fault,Feeder,F-15B,High,87.75,2
6841,169.19,28.65,48.07,Line Fault,Feeder,F-15B,High,81.91,2
6842,197.88,43.19,48.79,Line Fault,Feeder,F-15B,High,91.3,2
6843,180.96,43.14,48.42,Line Fault,Feeder,F-15B,High,87.07,2
6844,157.17,35.11,48.05,Line Fault,Feeder,F-15B,High,82.6,2
6845,153.74,34.69,49.26,Line Fault,Feeder,F-15B,High,84.54,2
6846,191.58,41.41,48.76,Line Fault,Feeder,F-15B,High,82.84,2
6847,196.11,26.36,49.03,Line Fault,Feeder,F-15B,High,87.45,2
6848,172.05,31.01,48.65,Line Fault,Feeder,F-15B,High,90.47,2
6849,191.84,48.53,48.46,Line Fault,Feeder,F-15B,High,84.65,2
6850,150.94,48.57,48.49,Line Fault,Feeder,F-15B,High,84.85,2
6851,195.39,38.16,48.85,Line Fault,Feeder,F-15B,High,82.11,2
6852,174.93,47.96,48.84,Line Fault,Feeder,F-15B,High,83.06,2
6853,151.56,33.41,48.86,Line Fault,Feeder,F-15B,High,80.51,2
6854,180.49,38.09,49.18,Line Fault,Feeder,F-15B,High,80.35,2
6855,189.04,38.02,48.56,Line Fault,Feeder,F-15B,High,91.58,2
6856,158.01,38.53,48.48,Line Fault,Feeder,F-15B,High,86.33,2
6857,177.61,27.24,48.99,Line Fault,Feeder,F-15B,High,87.61,2
6858,188.47,27.27,48.45,Line Fault,Feeder,F-15B,High,87.8,2
6859,156.84,41.94,48.09,Line Fault,Feeder,F-15B,High,84.02,2
6860,192.34,44.36,48.97,Line Fault,Feeder,F-15B,High,90.45,2
6861,185.46,37.98,49.47,Line Fault,Feeder,F-15B,High,88.34,2
6862,180.07,35.22,49.35,Line Fault,Feeder,F-15B,High,83.55,2
6863,150.46,29.92,48.16,Line Fault,Feeder,F-15B,High,83.83,2
6864,191.29,41.29,48.25,Line Fault,Feeder,F-15B,High,89.47,2
6865,175.21,37.82,48.54,Line Fault,Feeder,F-15B,High,90.38,2
6866,165.92,27.35,48.45,Line Fault,Feeder,F-15B,High,88.58,2
6867,182.88,29.7,48.17,Line Fault,Feeder,F-15B,High,87.93,2
6868,183.82,34.15,49.26,Line Fault,Feeder,F-15B,High,91.74,2
6869,160.28,39.43,48.01,Line Fault,Feeder,F-15B,High,88.56,2
6870,170.71,29.83,49.13,Line Fault,Feeder,F-15B,High,89.73,2
6871,155.56,26.02,48.5,Line Fault,Feeder,F-15B,High,87.51,2
6872,189.67,38.65,48.87,Line Fault,Feeder,F-15B,High,89.6,2
6873,176.44,40.28,48.77,Line Fault,Feeder,F-15B,High,90.57,2
6874,161.78,31.6,48.19,Line Fault,Feeder,F-15B,High,89.83,2
6875,170.59,33.7,49.47,Line Fault,Feeder,F-15B,High,91.12,2
6876,198.6,28.56,49.34,Line Fault,Feeder,F-15B,High,83.94,2
6877,150.63,34.78,48.76,Line Fault,Feeder,F-15B,High,81.3,2
6878,176.88,45.49,48.57,Line Fault,Feeder,F-15B,High,84.23,2
6879,166.94,48.08,48.07,Line Fault,Feeder,F-15B,High,85.34,2
6880,163.23,47.35,48.14,Line Fault,Feeder,F-15B,High,84.94,2
6881,170.34,47.21,48.32,Line Fault,Feeder,F-15B,High,87.74,2
6882,156.72,48.85,48.89,Line Fault,Feeder,F-15B,High,87.52,2
6883,171.69,33.56,48.32,Line Fault,Feeder,F-15B,High,87.25,2
6884,197.73,33.99,49.32,Line Fault,Feeder,F-15B,High,81.79,2
6885,196.81,33.76,48.57,Line Fault,Feeder,F-15B,High,85.55,2
6886,185.91,42.99,48.72,Line Fault,Feeder,F-15B,High,86.28,2
6887,151.5,32.61,48.52,Line Fault,Feeder,F-15B,High,86.7,2
6888,177.91,42.75,49.08,Line Fault,Feeder,F-15B,High,82.82,2
6889,188.51,25.49,49.07,Line Fault,Feeder,F-15B,High,81.22,2
6890,186.48,38.18,48.66,Line Fault,Feeder,F-15B,High,88.29,2
6891,151.82,30.59,48.92,Line Fault,Feeder,F-15B,High,90.17,2
6892,169.06,31.47,48.78,Line Fault,Feeder,F-15B,High,87.47,2
6893,171.01,46.92,48.79,Line Fault,Feeder,F-15B,High,80.43,2
6894,161.15,36.27,49.05,Line Fault,Feeder,F-15B,High,82.64,2
6895,198.81,32.96,48.8,Line Fault,Feeder,F-15B,High,80.23,2
6896,194.24,44.72,48.29,Line Fault,Feeder,F-15B,High,91.2,2
6897,165.79,42.3,49.23,Line Fault,Feeder,F-15B,High,88.89,2
6898,195.88,46.61,49.49,Line Fault,Feeder,F-15B,High,82.19,2
6899,165.24,40.91,49.1,Line Fault,Feeder,F-15B,High,86.42,2
6900,153.7,46.04,49.44,Line Fault,Feeder,F-15B,High,84.87,2
6901,161.24,25.48,48.36,Line Fault,Feeder,F-15B,High,88.4,2
6902,195.58,27.34,48.83,Line Fault,Feeder,F-15B,High,88.35,2
6903,163.82,39.25,49.07,Line Fault,Feeder,F-15B,High,90.05,2
6904,172.62,43.7,48.45,Line Fault,Feeder,F-15B,High,82.56,2
6905,159.37,33.97,48.05,Line Fault,Feeder,F-15B,High,83.4,2
6906,182.61,41.2,48.11,Line Fault,Feeder,F-15B,High,83.45,2
6907,178.48,32.96,48.63,Line Fault,Feeder,F-15B,High,88.55,2
6908,150.46,31.91,48.21,Line Fault,Feeder,F-15B,High,81.53,2
6909,197.95,34.41,48.79,Line Fault,Feeder,F-15B,High,88.81,2
6910,152.37,31.03,49.25,Line Fault,Feeder,F-15B,High,90.34,2
6911,168.65,34.37,49.14,Line Fault,Feeder,F-15B,High,83.54,2
6912,155.85,31.44,48.58,Line Fault,Feeder,F-15B,High,80.63,2
6913,173.93,43.5,48.77,Line Fault,Feeder,F-15B,High,80.86,2
6914,172.01,42.72,48.09,Line Fault,Feeder,F-15B,High,80.72,2
6915,168.53,29.87,49.4,Line Fault,Feeder,F-15B,High,86.98,2
6916,164.37,42.62,48.56,Line Fault,Feeder,F-15B,High,81.59,2
6917,161.86,41.07,48.08,Line Fault,Feeder,F-15B,High,83.27,2
6918,160.42,30.03,49.02,Line Fault,Feeder,F-15B,High,89.91,2
6919,185.79,41.14,49.37,Line Fault,Feeder,F-15B,High,80.7,2
6920,158.37,35.36,48.56,Line Fault,Feeder,F-15B,High,85.02,2
6921,160.32,28.74,48.76,Line Fault,Feeder,F-15B,High,91.14,2
6922,169.6,26.08,49.06,Line Fault,Feeder,F-15B,High,83.49,2
6923,162.25,33.11,49.09,Line Fault,Feeder,F-15B,High,89.83,2
6924,179.4,33.06,48.47,Line Fault,Feeder,F-15B,High,81.49,2
6925,196.67,40.95,48.04,Line Fault,Feeder,F-15B,High,87.95,2
6926,172.36,49.31,49.23,Line Fault,Feeder,F-15B,High,82.06,2
6927,186.01,37.14,48.28,Line Fault,Feeder,F-15B,High,88.38,2
6928,177.37,25.76,48.97,Line Fault,Feeder,F-15B,High,87.62,2
6929,157.2,33.72,48.88,Line Fault,Feeder,F-15B,High,81.67,2
6930,192.64,25.69,48.15,Line Fault,Feeder,F-15B,High,81.39,2
6931,176.41,40.5,48.61,Line Fault,Feeder,F-15B,High,83.46,2
6932,190.47,26.71,48.42,Line Fault,Feeder,F-15B,High,80.47,2
6933,150.69,33.83,48.29,Line Fault,Feeder,F-15B,High,83.22,2
6934,191.05,29.07,49.17,Line Fault,Feeder,F-15B,High,88.1,2
6935,166.32,38.66,48.67,Line Fault,Feeder,F-15B,High,81.54,2
6936,195.36,39.24,49.32,Line Fault,Feeder,F-15B,High,89.89,2
6937,153.99,30.18,48.22,Line Fault,Feeder,F-15B,High,89.97,2
6938,193.12,38.2,48.16,Line Fault,Feeder,F-15B,High,81.63,2
6939,190.68,48.23,48.3,Line Fault,Feeder,F-15B,High,80.13,2
6940,166.55,25.76,49.24,Line Fault,Feeder,F-15B,High,85.9,2
6941,182.09,35.29,48.52,Line Fault,Feeder,F-15B,High,82.67,2
6942,188.53,42.39,48.54,Line Fault,Feeder,F-15B,High,83.85,2
6943,150.06,26.59,48.93,Line Fault,Feeder,F-15B,High,86.18,2
6944,171.74,45.69,48.76,Line Fault,Feeder,F-15B,High,84.61,2
6945,158.06,45.52,48.86,Line Fault,Feeder,F-15B,High,81.11,2
6946,182.44,35.63,49.22,Line Fault,Feeder,F-15B,High,91.03,2
6947,180.02,43.29,48.08,Line Fault,Feeder,F-15B,High,86.72,2
6948,187.77,37.42,48.89,Line Fault,Feeder,F-15B,High,90.79,2
6949,159.9,27.46,49.04,Line Fault,Feeder,F-15B,High,89.87,2
6950,192.52,41.04,49.25,Line Fault,Feeder,F-15B,High,88.41,2
6951,154.37,44.05,48.27,Line Fault,Feeder,F-15B,High,82.84,2
6952,169.73,32.86,48.48,Line Fault,Feeder,F-15B,High,82.03,2
6953,164.69,25.49,48.71,Line Fault,Feeder,F-15B,High,89.22,2
6954,193.11,45.51,48.62,Line Fault,Feeder,F-15B,High,88.77,2
6955,164.39,26.39,49.01,Line Fault,Feeder,F-15B,High,87.79,2
6956,190.08,40.4,48.24,Line Fault,Feeder,F-15B,High,90.24,2
6957,181.36,45.19,49.16,Line Fault,Feeder,F-15B,High,83.57,2
6958,153.73,29.41,48.14,Line Fault,Feeder,F-15B,High,82.92,2
6959,172.98,47.67,49.31,Line Fault,Feeder,F-15B,High,88.62,2
6960,151.21,33.53,49.02,Line Fault,Feeder,F-15B,High,81.55,2
6961,190.05,47.86,48.53,Line Fault,Feeder,F-15B,High,88.47,2
6962,157.41,42.27,48.03,Line Fault,Feeder,F-15B,High,81.81,2
6963,185.49,42.8,48.96,Line Fault,Feeder,F-15B,High,85.73,2
6964,183.75,44.35,49.45,Line Fault,Feeder,F-15B,High,90.66,2
6965,189.73,42.37,48.86,Line Fault,Feeder,F-15B,High,81.45,2
6966,158.28,45.51,49.2,Line Fault,Feeder,F-15B,High,87.37,2
6967,171.94,25.65,48.49,Line Fault,Feeder,F-15B,High,85.05,2
6968,174.29,48.23,48.16,Line Fault,Feeder,F-15B,High,86.23,2
6969,168.4,49.75,49.29,Line Fault,Feeder,F-15B,High,85.27,2
6970,199.98,37.85,48.25,Line Fault,Feeder,F-15B,High,86.67,2
6971,161.31,40.91,49.41,Line Fault,Feeder,F-15B,High,89.43,2
6972,163.66,32.42,48.1,Line Fault,Feeder,F-15B,High,83.43,2
6973,154.63,37.49,49.06,Line Fault,Feeder,F-15B,High,89.01,2
6974,152.98,33.5,48.43,Line Fault,Feeder,F-15B,High,81.25,2
6975,168.12,32.48,48.95,Line Fault,Feeder,F-15B,High,90.6,2
6976,172.74,43.67,48.22,Line Fault,Feeder,F-15B,High,90.74,2
6977,157.63,29.8,48.16,Line Fault,Feeder,F-15B,High,83.72,2
6978,177.62,49.7,49.19,Line Fault,Feeder,F-15B,High,84.57,2
6979,178.79,40.58,49.23,Line Fault,Feeder,F-15B,High,88.84,2
6980,178.46,41.73,49.12,Line Fault,Feeder,F-15B,High,81.6,2
6981,160.02,42.21,49.28,Line Fault,Feeder,F-15B,High,84.91,2
6982,198.99,30.4,48.63,Line Fault,Feeder,F-15B,High,84.54,2
6983,196.51,32.13,48.71,Line Fault,Feeder,F-15B,High,82.25,2
6984,176.06,46.44,48.46,Line Fault,Feeder,F-15B,High,89.73,2
6985,195.57,26.82,49.13,Line Fault,Feeder,F-15B,High,83.06,2
6986,158.77,40.03,49.06,Line Fault,Feeder,F-15B,High,84.74,2
6987,151.96,47.72,49.1,Line Fault,Feeder,F-15B,High,83.26,2
6988,174.84,25.69,48.51,Line Fault,Feeder,F-15B,High,86.27,2
6989,175.86,30.2,49.17,Line Fault,Feeder,F-15B,High,83.59,2
6990,179.02,31.79,48.64,Line Fault,Feeder,F-15B,High,82.49,2
6991,181.65,35.64,48.02,Line Fault,Feeder,F-15B,High,80.34,2
6992,173.56,29.58,48.88,Line Fault,Feeder,F-15B,High,84.9,2
6993,182.72,48.81,48.79,Line Fault,Feeder,F-15B,High,89.45,2
6994,187.65,48.04,48.32,Line Fault,Feeder,F-15B,High,89.93,2
6995,195.28,34.82,48.47,Line Fault,Feeder,F-15B,High,91.42,2
6996,181.38,34.52,49.19,Line Fault,Feeder,F-15B,High,83.65,2
6997,158.82,38.6,48.85,Line Fault,Feeder,F-15B,High,89.91,2
6998,172.85,45.36,48.47,Line Fault,Feeder,F-15B,High,86.9,2
6999,160.42,34.64,49.29,Line Fault,Feeder,F-15B,High,82.59,2
7000,190.51,32.07,48.05,Line Fault,Feeder,F-15B,High,81.32,2
7001,187.29,31.55,48.98,Line Fault,Feeder,F-15B,High,88.39,2
7002,167.26,36.87,48.61,Line Fault,Feeder,F-15B,High,91.37,2
7003,166.0,29.58,48.55,Line Fault,Feeder,F-15B,High,88.03,2
7004,184.87,48.1,49.32,Line Fault,Feeder,F-15B,High,83.46,2
7005,172.76,43.68,49.37,Line Fault,Feeder,F-15B,High,84.05,2
7006,172.22,47.49,48.54,Line Fault,Feeder,F-15B,High,85.77,2
7007,195.23,45.06,48.37,Line Fault,Feeder,F-15B,High,83.9,2
7008,167.65,47.82,49.5,Line Fault,Feeder,F-15B,High,89.29,2
7009,174.22,25.25,49.05,Line Fault,Feeder,F-15B,High,84.67,2
7010,181.65,40.17,48.72,Line Fault,Feeder,F-15B,High,91.33,2
7011,151.16,42.8,48.61,Line Fault,Feeder,F-15B,High,88.57,2
7012,183.76,25.26,48.43,Line Fault,Feeder,F-15B,High,82.27,2
7013,158.35,43.21,48.36,Line Fault,Feeder,F-15B,High,85.7,2
7014,162.35,39.51,49.08,Line Fault,Feeder,F-15B,High,83.97,2
7015,180.15,45.62,48.14,Line Fault,Feeder,F-15B,High,88.53,2
7016,166.16,28.07,48.82,Line Fault,Feeder,F-15B,High,82.72,2
7017,191.07,26.07,48.15,Line Fault,Feeder,F-15B,High,86.25,2
7018,179.45,43.25,48.39,Line Fault,Feeder,F-15B,High,90.1,2
7019,197.66,37.48,49.14,Line Fault,Feeder,F-15B,High,86.3,2
7020,153.47,33.15,48.13,Line Fault,Feeder,F-15B,High,91.87,2
7021,161.45,40.9,48.43,Line Fault,Feeder,F-15B,High,87.84,2
7022,160.52,44.63,48.17,Line Fault,Feeder,F-15B,High,90.74,2
7023,192.02,41.97,48.1,Line Fault,Feeder,F-15B,High,82.5,2
7024,192.97,28.05,48.23,Line Fault,Feeder,F-15B,High,86.53,2
7025,163.71,30.55,48.86,Line Fault,Feeder,F-15B,High,84.47,2
7026,157.03,38.37,48.58,Line Fault,Feeder,F-15B,High,88.81,2
7027,155.14,40.52,48.65,Line Fault,Feeder,F-15B,High,84.87,2
7028,161.61,25.76,49.27,Line Fault,Feeder,F-15B,High,83.92,2
7029,184.05,48.69,48.85,Line Fault,Feeder,F-15B,High,84.77,2
7030,163.41,48.35,49.02,Line Fault,Feeder,F-15B,High,87.98,2
7031,171.31,46.13,49.07,Line Fault,Feeder,F-15B,High,83.4,2
7032,179.98,35.75,48.01,Line Fault,Feeder,F-15B,High,89.69,2
7033,156.14,37.75,48.5,Line Fault,Feeder,F-15B,High,84.11,2
7034,173.87,49.93,48.61,Line Fault,Feeder,F-15B,High,82.19,2
7035,180.68,30.91,48.16,Line Fault,Feeder,F-15B,High,80.6,2
7036,151.14,35.78,48.64,Line Fault,Feeder,F-15B,High,82.23,2
7037,189.2,28.23,49.37,Line Fault,Feeder,F-15B,High,87.05,2
7038,151.38,49.07,48.46,Line Fault,Feeder,F-15B,High,85.4,2
7039,164.21,43.21,48.73,Line Fault,Feeder,F-15B,High,81.59,2
7040,155.21,43.13,48.36,Line Fault,Feeder,F-15B,High,81.65,2
7041,174.97,45.07,48.42,Line Fault,Feeder,F-15B,High,83.32,2
7042,191.69,28.7,48.93,Line Fault,Feeder,F-15B,High,91.46,2
7043,192.07,26.55,48.48,Line Fault,Feeder,F-15B,High,81.71,2
7044,197.46,49.65,48.35,Line Fault,Feeder,F-15B,High,88.04,2
7045,192.08,30.84,48.28,Line Fault,Feeder,F-15B,High,80.13,2
7046,170.6,47.49,49.35,Line Fault,Feeder,F-15B,High,81.53,2
7047,160.22,35.2,49.17,Line Fault,Feeder,F-15B,High,87.34,2
7048,175.69,39.8,48.14,Line Fault,Feeder,F-15B,High,85.73,2
7049,199.6,27.21,48.78,Line Fault,Feeder,F-15B,High,83.55,2
7050,177.0,39.35,48.87,Line Fault,Feeder,F-15B,High,90.23,2
7051,169.49,37.91,48.02,Line Fault,Feeder,F-15B,High,89.47,2
7052,162.97,45.41,48.4,Line Fault,Feeder,F-15B,High,80.13,2
7053,157.74,49.64,48.48,Line Fault,Feeder,F-15B,High,81.31,2
7054,155.94,32.76,48.06,Line Fault,Feeder,F-15B,High,86.14,2
7055,160.69,37.98,48.21,Line Fault,Feeder,F-15B,High,85.16,2
7056,179.9,26.55,48.6,Line Fault,Feeder,F-15B,High,83.63,2
7057,162.02,40.11,48.88,Line Fault,Feeder,F-15B,High,87.57,2
7058,157.94,32.14,48.31,Line Fault,Feeder,F-15B,High,86.49,2
7059,173.05,33.26,49.18,Line Fault,Feeder,F-15B,High,81.13,2
7060,198.74,27.91,49.16,Line Fault,Feeder,F-15B,High,84.42,2
7061,193.26,26.85,48.56,Line Fault,Feeder,F-15B,High,84.03,2
7062,199.66,49.64,48.28,Line Fault,Feeder,F-15B,High,87.56,2
7063,176.78,28.86,48.25,Line Fault,Feeder,F-15B,High,91.87,2
7064,172.64,28.15,48.32,Line Fault,Feeder,F-15B,High,83.22,2
7065,175.55,33.39,48.68,Line Fault,Feeder,F-15B,High,82.0,2
7066,166.34,26.76,49.33,Line Fault,Feeder,F-15B,High,82.39,2
7067,187.85,33.74,48.71,Line Fault,Feeder,F-15B,High,83.5,2
7068,184.82,46.11,48.43,Line Fault,Feeder,F-15B,High,82.91,2
7069,184.07,29.88,48.96,Line Fault,Feeder,F-15B,High,81.13,2
7070,181.01,37.84,48.17,Line Fault,Feeder,F-15B,High,87.79,2
7071,172.33,30.43,48.53,Line Fault,Feeder,F-15B,High,85.91,2
7072,154.58,48.94,49.0,Line Fault,Feeder,F-15B,High,81.23,2
7073,191.14,33.06,48.9,Line Fault,Feeder,F-15B,High,83.33,2
7074,186.67,43.08,48.83,Line Fault,Feeder,F-15B,High,82.89,2
7075,162.69,34.57,48.22,Line Fault,Feeder,F-15B,High,84.05,2
7076,184.22,45.77,48.5,Line Fault,Feeder,F-15B,High,82.8,2
7077,191.63,47.27,48.62,Line Fault,Feeder,F-15B,High,80.32,2
7078,184.75,44.6,48.03,Line Fault,Feeder,F-15B,High,87.14,2
7079,179.42,34.47,49.12,Line Fault,Feeder,F-15B,High,85.14,2
7080,183.84,37.93,48.37,Line Fault,Feeder,F-15B,High,87.28,2
7081,186.85,49.35,48.57,Line Fault,Feeder,F-15B,High,80.77,2
7082,199.4,40.6,49.42,Line Fault,Feeder,F-15B,High,81.25,2
7083,167.1,28.35,49.25,Line Fault,Feeder,F-15B,High,90.56,2
7084,175.07,29.67,48.19,Line Fault,Feeder,F-15B,High,87.06,2
7085,175.32,42.37,48.46,Line Fault,Feeder,F-15B,High,84.83,2
7086,151.07,40.25,48.63,Line Fault,Feeder,F-15B,High,91.04,2
7087,182.09,34.97,48.4,Line Fault,Feeder,F-15B,High,90.86,2
7088,150.81,33.17,49.42,Line Fault,Feeder,F-15B,High,87.85,2
7089,176.64,30.09,49.25,Line Fault,Feeder,F-15B,High,82.45,2
7090,162.41,29.8,48.24,Line Fault,Feeder,F-15B,High,91.44,2
7091,180.1,40.95,49.43,Line Fault,Feeder,F-15B,High,82.77,2
7092,150.3,39.97,48.76,Line Fault,Feeder,F-15B,High,85.73,2
7093,153.09,36.36,48.43,Line Fault,Feeder,F-15B,High,83.29,2
7094,161.12,33.31,48.53,Line Fault,Feeder,F-15B,High,83.71,2
7095,198.94,48.32,48.86,Line Fault,Feeder,F-15B,High,91.77,2
7096,199.56,33.9,48.67,Line Fault,Feeder,F-15B,High,91.51,2
7097,180.43,30.32,49.03,Line Fault,Feeder,F-15B,High,82.47,2
7098,166.97,30.69,48.37,Line Fault,Feeder,F-15B,High,80.06,2
7099,194.04,32.4,48.13,Line Fault,Feeder,F-15B,High,81.04,2
7100,177.8,49.82,48.22,Line Fault,Feeder,F-15B,High,81.2,2
7101,171.92,39.08,48.44,Line Fault,Feeder,F-15B,High,83.63,2
7102,171.22,32.85,49.37,Line Fault,Feeder,F-15B,High,80.5,2
7103,161.73,45.21,49.25,Line Fault,Feeder,F-15B,High,81.34,2
7104,198.69,42.33,48.41,Line Fault,Feeder,F-15B,High,85.47,2
7105,164.86,28.75,48.44,Line Fault,Feeder,F-15B,High,86.96,2
7106,191.3,34.09,48.52,Line Fault,Feeder,F-15B,High,85.62,2
7107,182.23,43.79,48.49,Line Fault,Feeder,F-15B,High,87.04,2
7108,169.47,42.91,48.25,Line Fault,Feeder,F-15B,High,83.08,2
7109,171.3,47.24,48.86,Line Fault,Feeder,F-15B,High,91.58,2
7110,155.16,36.5,48.63,Line Fault,Feeder,F-15B,High,87.2,2
7111,190.6,46.04,49.01,Line Fault,Feeder,F-15B,High,87.7,2
7112,197.45,34.59,49.25,Line Fault,Feeder,F-15B,High,91.06,2
7113,174.58,43.23,48.57,Line Fault,Feeder,F-15B,High,81.91,2
7114,179.33,29.91,48.69,Line Fault,Feeder,F-15B,High,90.47,2
7115,154.3,25.76,48.91,Line Fault,Feeder,F-15B,High,83.97,2
7116,170.9,35.14,48.13,Line Fault,Feeder,F-15B,High,80.04,2
7117,194.92,30.44,48.64,Line Fault,Feeder,F-15B,High,91.66,2
7118,191.34,27.7,48.76,Line Fault,Feeder,F-15B,High,88.76,2
7119,184.92,44.02,48.69,Line Fault,Feeder,F-15B,High,82.11,2
7120,173.24,41.2,48.91,Line Fault,Feeder,F-15B,High,80.85,2
7121,153.25,49.13,48.23,Line Fault,Feeder,F-15B,High,83.53,2
7122,188.38,35.24,48.27,Line Fault,Feeder,F-15B,High,85.61,2
7123,178.45,36.32,49.38,Line Fault,Feeder,F-15B,High,83.42,2
7124,183.07,27.81,48.59,Line Fault,Feeder,F-15B,High,88.89,2
7125,161.24,39.74,48.23,Line Fault,Feeder,F-15B,High,81.23,2
7126,176.16,41.88,48.17,Line Fault,Feeder,F-15B,High,91.01,2
7127,161.29,28.0,48.3,Line Fault,Feeder,F-15B,High,82.03,2
7128,154.53,44.95,48.74,Line Fault,Feeder,F-15B,High,84.66,2
7129,197.53,34.28,48.25,Line Fault,Feeder,F-15B,High,83.29,2
7130,161.95,37.47,48.44,Line Fault,Feeder,F-15B,High,86.19,2
7131,183.46,44.43,49.07,Line Fault,Feeder,F-15B,High,82.47,2
7132,155.79,38.56,48.3,Line Fault,Feeder,F-15B,High,81.02,2
7133,176.35,33.17,49.13,Line Fault,Feeder,F-15B,High,83.77,2
7134,198.94,43.96,48.09,Line Fault,Feeder,F-15B,High,86.11,2
7135,178.13,42.38,48.75,Line Fault,Feeder,F-15B,High,85.8,2
7136,168.4,31.79,49.42,Line Fault,Feeder,F-15B,High,83.81,2
7137,153.17,29.18,49.29,Line Fault,Feeder,F-15B,High,87.04,2
7138,188.94,45.22,49.23,Line Fault,Feeder,F-15B,High,86.61,2
7139,158.86,28.71,48.86,Line Fault,Feeder,F-15B,High,84.4,2
7140,177.9,37.46,48.9,Line Fault,Feeder,F-15B,High,80.39,2
7141,151.64,43.04,48.29,Line Fault,Feeder,F-15B,High,87.83,2
7142,177.33,49.54,49.25,Line Fault,Feeder,F-15B,High,84.96,2
7143,180.82,27.93,48.58,Line Fault,Feeder,F-15B,High,88.81,2
7144,181.13,37.11,48.26,Line Fault,Feeder,F-15B,High,89.64,2
7145,163.66,45.51,48.92,Line Fault,Feeder,F-15B,High,84.47,2
7146,152.03,30.81,49.33,Line Fault,Feeder,F-15B,High,89.82,2
7147,178.74,36.66,48.97,Line Fault,Feeder,F-15B,High,85.59,2
7148,182.22,32.69,49.26,Line Fault,Feeder,F-15B,High,88.42,2
7149,166.5,45.77,48.73,Line Fault,Feeder,F-15B,High,82.1,2
7150,153.89,42.49,49.3,Line Fault,Feeder,F-15B,High,89.69,2
7151,182.78,28.53,48.14,Line Fault,Feeder,F-15B,High,84.14,2
7152,192.75,49.04,48.36,Line Fault,Feeder,F-15B,High,89.15,2
7153,178.69,25.8,48.81,Line Fault,Feeder,F-15B,High,89.67,2
7154,163.81,47.43,48.35,Line Fault,Feeder,F-15B,High,80.92,2
7155,158.0,45.93,48.63,Line Fault,Feeder,F-15B,High,89.56,2
7156,176.56,37.01,49.21,Line Fault,Feeder,F-15B,High,85.08,2
7157,190.1,27.52,48.95,Line Fault,Feeder,F-15B,High,88.43,2
7158,194.95,30.61,48.91,Line Fault,Feeder,F-15B,High,85.2,2
7159,169.14,27.67,48.2,Line Fault,Feeder,F-15B,High,90.04,2
7160,187.49,34.56,49.24,Line Fault,Feeder,F-15B,High,80.97,2
7161,181.24,46.7,49.26,Line Fault,Feeder,F-15B,High,84.47,2
7162,187.26,35.69,49.26,Line Fault,Feeder,F-15B,High,86.37,2
7163,188.24,26.96,48.89,Line Fault,Feeder,F-15B,High,86.6,2
7164,180.5,42.39,49.38,Line Fault,Feeder,F-15B,High,89.43,2
7165,160.98,45.65,48.18,Line Fault,Feeder,F-15B,High,87.47,2
7166,194.14,27.53,49.27,Line Fault,Feeder,F-15B,High,89.58,2
7167,175.19,32.72,48.61,Line Fault,Feeder,F-15B,High,91.62,2
7168,160.08,39.49,48.12,Line Fault,Feeder,F-15B,High,82.61,2
7169,188.17,32.56,49.48,Line Fault,Feeder,F-15B,High,86.01,2
7170,175.83,25.91,49.43,Line Fault,Feeder,F-15B,High,82.09,2
7171,176.92,34.89,48.62,Line Fault,Feeder,F-15B,High,87.72,2
7172,183.1,28.86,48.75,Line Fault,Feeder,F-15B,High,89.49,2
7173,172.16,29.15,48.47,Line Fault,Feeder,F-15B,High,82.55,2
7174,156.29,34.44,48.81,Line Fault,Feeder,F-15B,High,80.87,2
7175,180.19,49.83,49.45,Line Fault,Feeder,F-15B,High,89.95,2
7176,163.32,25.56,49.25,Line Fault,Feeder,F-15B,High,80.67,2
7177,160.28,38.61,48.27,Line Fault,Feeder,F-15B,High,90.01,2
7178,188.86,43.89,49.22,Line Fault,Feeder,F-15B,High,82.64,2
7179,186.44,33.88,49.0,Line Fault,Feeder,F-15B,High,81.46,2
7180,185.28,49.3,48.07,Line Fault,Feeder,F-15B,High,81.13,2
7181,156.18,35.76,48.44,Line Fault,Feeder,F-15B,High,89.68,2
7182,173.69,37.11,49.08,Line Fault,Feeder,F-15B,High,84.34,2
7183,167.66,43.92,49.17,Line Fault,Feeder,F-15B,High,80.17,2
7184,157.19,30.33,48.53,Line Fault,Feeder,F-15B,High,83.5,2
7185,183.43,45.7,48.29,Line Fault,Feeder,F-15B,High,86.76,2
7186,168.39,37.64,48.93,Line Fault,Feeder,F-15B,High,90.72,2
7187,159.61,27.18,48.94,Line Fault,Feeder,F-15B,High,84.73,2
7188,158.15,27.93,48.84,Line Fault,Feeder,F-15B,High,83.61,2
7189,199.87,35.15,48.32,Line Fault,Feeder,F-15B,High,87.55,2
7190,162.21,37.35,48.72,Line Fault,Feeder,F-15B,High,85.44,2
7191,189.8,30.42,49.36,Line Fault,Feeder,F-15B,High,89.5,2
7192,166.66,29.52,48.42,Line Fault,Feeder,F-15B,High,83.99,2
7193,177.85,26.16,49.37,Line Fault,Feeder,F-15B,High,81.18,2
7194,163.96,27.73,48.39,Line Fault,Feeder,F-15B,High,90.05,2
7195,180.76,30.68,49.31,Line Fault,Feeder,F-15B,High,89.61,2
7196,187.68,46.19,48.93,Line Fault,Feeder,F-15B,High,86.02,2
7197,168.7,30.59,48.84,Line Fault,Feeder,F-15B,High,90.67,2
7198,179.7,47.99,48.54,Line Fault,Feeder,F-15B,High,88.34,2
7199,182.43,41.76,48.97,Line Fault,Feeder,F-15B,High,82.66,2
7200,157.18,49.47,48.07,Line Fault,Feeder,F-15B,High,85.61,2
7201,171.25,34.0,49.17,Line Fault,Feeder,F-15B,High,88.94,2
7202,195.26,34.89,48.85,Line Fault,Feeder,F-15B,High,90.71,2
7203,199.69,49.23,49.08,Line Fault,Feeder,F-15B,High,81.72,2
7204,151.16,45.63,49.26,Line Fault,Feeder,F-15B,High,88.96,2
7205,164.0,41.0,48.47,Line Fault,Feeder,F-15B,High,85.41,2
7206,169.12,47.84,48.35,Line Fault,Feeder,F-15B,High,86.93,2
7207,168.05,41.58,48.85,Line Fault,Feeder,F-15B,High,91.09,2
7208,155.08,30.52,49.15,Line Fault,Feeder,F-15B,High,84.43,2
7209,158.29,37.58,48.98,Line Fault,Feeder,F-15B,High,80.54,2
7210,164.58,45.24,48.78,Line Fault,Feeder,F-15B,High,80.42,2
7211,164.1,40.98,48.3,Line Fault,Feeder,F-15B,High,89.93,2
7212,183.83,36.78,49.37,Line Fault,Feeder,F-15B,High,84.7,2
7213,161.75,41.54,48.86,Line Fault,Feeder,F-15B,High,84.02,2
7214,167.18,34.96,48.44,Line Fault,Feeder,F-15B,High,88.52,2
7215,182.57,36.02,48.6,Line Fault,Feeder,F-15B,High,84.38,2
7216,164.17,27.14,48.4,Line Fault,Feeder,F-15B,High,83.85,2
7217,177.38,44.34,48.59,Line Fault,Feeder,F-15B,High,91.34,2
7218,191.37,49.62,49.31,Line Fault,Feeder,F-15B,High,87.4,2
7219,179.92,28.24,49.08,Line Fault,Feeder,F-15B,High,87.2,2
7220,175.35,42.33,48.67,Line Fault,Feeder,F-15B,High,86.29,2
7221,169.92,42.93,49.31,Line Fault,Feeder,F-15B,High,90.09,2
7222,189.3,25.34,49.37,Line Fault,Feeder,F-15B,High,83.3,2
7223,194.4,29.92,48.66,Line Fault,Feeder,F-15B,High,88.99,2
7224,182.01,35.4,49.02,Line Fault,Feeder,F-15B,High,86.59,2
7225,163.79,41.16,48.31,Line Fault,Feeder,F-15B,High,88.33,2
7226,150.16,38.72,48.6,Line Fault,Feeder,F-15B,High,83.64,2
7227,175.79,41.13,49.45,Line Fault,Feeder,F-15B,High,90.0,2
7228,185.86,36.97,48.59,Line Fault,Feeder,F-15B,High,80.39,2
7229,167.95,46.21,48.58,Line Fault,Feeder,F-15B,High,85.54,2
7230,163.59,31.85,48.09,Line Fault,Feeder,F-15B,High,87.37,2
7231,172.4,40.15,48.82,Line Fault,Feeder,F-15B,High,89.59,2
7232,187.55,44.29,48.75,Line Fault,Feeder,F-15B,High,84.25,2
7233,196.67,26.36,48.23,Line Fault,Feeder,F-15B,High,85.04,2
7234,180.7,25.21,49.08,Line Fault,Feeder,F-15B,High,86.7,2
7235,174.24,35.59,48.78,Line Fault,Feeder,F-15B,High,81.94,2
7236,155.44,32.24,49.06,Line Fault,Feeder,F-15B,High,87.06,2
7237,174.01,39.29,48.84,Line Fault,Feeder,F-15B,High,83.68,2
7238,154.87,47.42,48.9,Line Fault,Feeder,F-15B,High,88.37,2
7239,173.2,43.91,48.88,Line Fault,Feeder,F-15B,High,80.65,2
7240,194.5,32.64,48.21,Line Fault,Feeder,F-15B,High,81.06,2
7241,186.02,42.6,49.05,Line Fault,Feeder,F-15B,High,90.99,2
7242,167.45,39.03,48.93,Line Fault,Feeder,F-15B,High,91.75,2
7243,165.62,48.91,48.22,Line Fault,Feeder,F-15B,High,89.17,2
7244,181.64,45.42,48.04,Line Fault,Feeder,F-15B,High,80.94,2
7245,153.48,39.82,48.9,Line Fault,Feeder,F-15B,High,90.87,2
7246,173.38,26.7,48.31,Line Fault,Feeder,F-15B,High,80.1,2
7247,188.84,45.39,49.5,Line Fault,Feeder,F-15B,High,84.95,2
7248,150.96,30.87,48.88,Line Fault,Feeder,F-15B,High,91.54,2
7249,155.18,28.04,49.05,Line Fault,Feeder,F-15B,High,88.01,2
7250,162.53,45.33,48.19,Line Fault,Feeder,F-15B,High,91.11,2
7251,160.05,27.03,48.51,Line Fault,Feeder,F-15B,High,82.25,2
7252,176.35,42.17,48.74,Line Fault,Feeder,F-15B,High,87.93,2
7253,168.25,25.7,49.46,Line Fault,Feeder,F-15B,High,89.83,2
7254,153.67,36.23,48.95,Line Fault,Feeder,F-15B,High,82.29,2
7255,178.9,38.34,48.31,Line Fault,Feeder,F-15B,High,81.69,2
7256,187.95,33.06,48.37,Line Fault,Feeder,F-15B,High,88.85,2
7257,186.8,31.91,49.31,Line Fault,Feeder,F-15B,High,88.26,2
7258,167.29,35.69,49.09,Line Fault,Feeder,F-15B,High,82.54,2
7259,173.44,41.34,48.81,Line Fault,Feeder,F-15B,High,87.3,2
7260,177.31,29.98,48.62,Line Fault,Feeder,F-15B,High,86.38,2
7261,189.0,41.35,48.64,Line Fault,Feeder,F-15B,High,91.69,2
7262,155.39,30.17,48.51,Line Fault,Feeder,F-15B,High,82.74,2
7263,181.27,25.99,48.27,Line Fault,Feeder,F-15B,High,83.52,2
7264,184.17,46.9,49.2,Line Fault,Feeder,F-15B,High,82.18,2
7265,178.27,25.75,48.47,Line Fault,Feeder,F-15B,High,89.67,2
7266,172.83,28.75,48.66,Line Fault,Feeder,F-15B,High,82.38,2
7267,169.66,37.2,48.52,Line Fault,Feeder,F-15B,High,91.24,2
7268,178.13,46.07,49.14,Line Fault,Feeder,F-15B,High,87.93,2
7269,174.84,25.05,48.92,Line Fault,Feeder,F-15B,High,84.27,2
7270,155.89,36.12,49.1,Line Fault,Feeder,F-15B,High,91.54,2
7271,168.71,38.57,49.28,Line Fault,Feeder,F-15B,High,84.01,2
7272,157.11,32.05,49.35,Line Fault,Feeder,F-15B,High,81.91,2
7273,166.46,36.62,49.27,Line Fault,Feeder,F-15B,High,91.25,2
7274,171.29,48.3,48.24,Line Fault,Feeder,F-15B,High,81.88,2
7275,197.46,37.74,48.28,Line Fault,Feeder,F-15B,High,85.86,2
7276,189.16,45.67,49.3,Line Fault,Feeder,F-15B,High,86.83,2
7277,193.35,37.75,48.91,Line Fault,Feeder,F-15B,High,89.1,2
7278,171.27,26.84,48.53,Line Fault,Feeder,F-15B,High,87.49,2
7279,159.62,28.71,48.44,Line Fault,Feeder,F-15B,High,80.39,2
7280,187.17,31.47,48.19,Line Fault,Feeder,F-15B,High,88.39,2
7281,192.15,25.5,48.35,Line Fault,Feeder,F-15B,High,91.34,2
7282,169.26,48.46,48.41,Line Fault,Feeder,F-15B,High,82.62,2
7283,160.71,27.13,49.34,Line Fault,Feeder,F-15B,High,91.76,2
7284,197.73,46.3,49.27,Line Fault,Feeder,F-15B,High,87.93,2
7285,191.31,30.21,48.58,Line Fault,Feeder,F-15B,High,87.69,2
7286,193.74,41.51,49.26,Line Fault,Feeder,F-15B,High,85.69,2
7287,185.87,49.5,48.23,Line Fault,Feeder,F-15B,High,91.12,2
7288,176.12,41.08,49.32,Line Fault,Feeder,F-15B,High,84.92,2
7289,170.93,38.18,48.03,Line Fault,Feeder,F-15B,High,85.96,2
7290,164.55,48.2,48.13,Line Fault,Feeder,F-15B,High,85.51,2
7291,197.37,47.53,49.05,Line Fault,Feeder,F-15B,High,87.07,2
7292,164.04,34.17,48.14,Line Fault,Feeder,F-15B,High,89.43,2
7293,166.19,41.69,48.54,Line Fault,Feeder,F-15B,High,85.57,2
7294,177.75,45.05,48.32,Line Fault,Feeder,F-15B,High,84.79,2
7295,156.5,26.89,48.91,Line Fault,Feeder,F-15B,High,82.27,2
7296,152.99,47.43,48.8,Line Fault,Feeder,F-15B,High,81.62,2
7297,152.67,28.0,48.71,Line Fault,Feeder,F-15B,High,88.02,2
7298,182.06,28.61,48.95,Line Fault,Feeder,F-15B,High,84.86,2
7299,173.24,45.04,48.5,Line Fault,Feeder,F-15B,High,81.76,2
7300,193.67,30.3,48.44,Line Fault,Feeder,F-15B,High,88.48,2
7301,184.18,45.01,48.28,Line Fault,Feeder,F-15B,High,84.23,2
7302,156.29,38.53,48.44,Line Fault,Feeder,F-15B,High,88.27,2
7303,150.02,26.49,48.65,Line Fault,Feeder,F-15B,High,91.5,2
7304,194.54,49.85,48.63,Line Fault,Feeder,F-15B,High,80.56,2
7305,165.3,41.89,48.2,Line Fault,Feeder,F-15B,High,83.6,2
7306,152.81,36.87,48.31,Line Fault,Feeder,F-15B,High,81.09,2
7307,170.56,33.78,48.81,Line Fault,Feeder,F-15B,High,88.99,2
7308,155.63,44.78,48.04,Line Fault,Feeder,F-15B,High,85.32,2
7309,179.37,48.92,48.86,Line Fault,Feeder,F-15B,High,81.9,2
7310,175.88,34.89,48.72,Line Fault,Feeder,F-15B,High,82.37,2
7311,175.04,28.75,49.12,Line Fault,Feeder,F-15B,High,87.13,2
7312,153.93,47.24,48.92,Line Fault,Feeder,F-15B,High,83.79,2
7313,152.28,40.81,48.56,Line Fault,Feeder,F-15B,High,90.89,2
7314,151.74,25.98,49.42,Line Fault,Feeder,F-15B,High,91.58,2
7315,151.39,42.9,48.33,Line Fault,Feeder,F-15B,High,88.42,2
7316,193.44,27.52,48.36,Line Fault,Feeder,F-15B,High,80.29,2
7317,152.19,25.74,49.2,Line Fault,Feeder,F-15B,High,83.58,2
7318,174.66,44.7,48.74,Line Fault,Feeder,F-15B,High,85.15,2
7319,150.58,39.2,48.19,Line Fault,Feeder,F-15B,High,89.18,2
7320,162.89,41.85,48.97,Line Fault,Feeder,F-15B,High,87.4,2
7321,163.35,31.68,49.29,Line Fault,Feeder,F-15B,High,80.15,2
7322,159.08,40.25,49.23,Line Fault,Feeder,F-15B,High,84.3,2
7323,182.67,38.93,48.1,Line Fault,Feeder,F-15B,High,87.46,2
7324,190.7,49.81,48.04,Line Fault,Feeder,F-15B,High,87.92,2
7325,170.73,25.24,48.92,Line Fault,Feeder,F-15B,High,81.47,2
7326,168.93,31.53,48.54,Line Fault,Feeder,F-15B,High,85.91,2
7327,167.96,38.82,48.36,Line Fault,Feeder,F-15B,High,87.62,2
7328,192.69,30.6,48.76,Line Fault,Feeder,F-15B,High,87.78,2
7329,178.23,34.14,48.96,Line Fault,Feeder,F-15B,High,80.34,2
7330,168.5,38.32,48.03,Line Fault,Feeder,F-15B,High,86.09,2
7331,182.71,43.98,48.17,Line Fault,Feeder,F-15B,High,91.89,2
7332,180.31,34.08,48.37,Line Fault,Feeder,F-15B,High,86.87,2
7333,194.09,38.01,48.99,Line Fault,Feeder,F-15B,High,84.29,2
7334,169.41,32.15,49.06,Line Fault,Feeder,F-15B,High,84.31,2
7335,159.54,34.24,49.28,Line Fault,Feeder,F-15B,High,88.86,2
7336,166.73,47.67,48.11,Line Fault,Feeder,F-15B,High,80.6,2
7337,156.37,27.91,48.13,Line Fault,Feeder,F-15B,High,87.94,2
7338,180.04,41.19,49.03,Line Fault,Feeder,F-15B,High,89.08,2
7339,160.36,40.56,48.87,Line Fault,Feeder,F-15B,High,91.32,2
7340,161.62,26.47,48.98,Line Fault,Feeder,F-15B,High,88.88,2
7341,164.16,39.27,48.09,Line Fault,Feeder,F-15B,High,91.52,2
7342,155.5,26.69,48.07,Line Fault,Feeder,F-15B,High,85.13,2
7343,154.86,43.62,49.35,Line Fault,Feeder,F-15B,High,83.12,2
7344,181.44,26.06,48.58,Line Fault,Feeder,F-15B,High,83.52,2
7345,161.43,41.12,48.2,Line Fault,Feeder,F-15B,High,90.33,2
7346,183.24,42.77,49.4,Line Fault,Feeder,F-15B,High,91.31,2
7347,177.58,37.38,48.5,Line Fault,Feeder,F-15B,High,88.59,2
7348,176.91,48.32,48.36,Line Fault,Feeder,F-15B,High,83.72,2
7349,165.8,45.15,48.15,Line Fault,Feeder,F-15B,High,85.47,2
7350,171.38,26.83,48.62,Line Fault,Feeder,F-15B,High,86.16,2
7351,153.26,37.75,49.44,Line Fault,Feeder,F-15B,High,91.75,2
7352,176.58,37.88,48.43,Line Fault,Feeder,F-15B,High,91.97,2
7353,163.71,36.32,48.0,Line Fault,Feeder,F-15B,High,84.19,2
7354,153.57,43.6,48.84,Line Fault,Feeder,F-15B,High,86.87,2
7355,164.33,45.37,48.0,Line Fault,Feeder,F-15B,High,84.0,2
7356,182.97,47.7,48.35,Line Fault,Feeder,F-15B,High,86.49,2
7357,176.9,46.85,48.08,Line Fault,Feeder,F-15B,High,85.09,2
7358,159.12,25.54,48.22,Line Fault,Feeder,F-15B,High,91.72,2
7359,160.74,48.38,48.31,Line Fault,Feeder,F-15B,High,91.18,2
7360,182.73,27.83,48.87,Line Fault,Feeder,F-15B,High,83.82,2
7361,169.16,36.0,48.63,Line Fault,Feeder,F-15B,High,87.97,2
7362,188.42,33.23,49.39,Line Fault,Feeder,F-15B,High,91.26,2
7363,152.03,25.37,48.64,Line Fault,Feeder,F-15B,High,87.09,2
7364,163.9,31.49,49.02,Line Fault,Feeder,F-15B,High,87.22,2
7365,158.36,47.11,49.02,Line Fault,Feeder,F-15B,High,84.35,2
7366,184.18,27.82,48.7,Line Fault,Feeder,F-15B,High,82.03,2
7367,152.07,33.46,48.23,Line Fault,Feeder,F-15B,High,87.6,2
7368,183.7,28.72,48.04,Line Fault,Feeder,F-15B,High,89.51,2
7369,150.1,33.6,48.74,Line Fault,Feeder,F-15B,High,89.82,2
7370,191.93,43.12,48.37,Line Fault,Feeder,F-15B,High,88.64,2
7371,162.33,30.37,48.82,Line Fault,Feeder,F-15B,High,88.15,2
7372,152.65,26.5,49.18,Line Fault,Feeder,F-15B,High,90.31,2
7373,180.22,35.72,49.27,Line Fault,Feeder,F-15B,High,88.75,2
7374,178.98,32.99,48.3,Line Fault,Feeder,F-15B,High,85.02,2
7375,164.34,33.48,48.77,Line Fault,Feeder,F-15B,High,82.03,2
7376,190.31,28.64,48.72,Line Fault,Feeder,F-15B,High,88.95,2
7377,174.25,34.03,48.71,Line Fault,Feeder,F-15B,High,90.18,2
7378,199.52,40.78,49.19,Line Fault,Feeder,F-15B,High,80.17,2
7379,194.02,48.85,48.86,Line Fault,Feeder,F-15B,High,89.05,2
7380,175.64,32.16,49.28,Line Fault,Feeder,F-15B,High,87.16,2
7381,178.97,41.48,49.28,Line Fault,Feeder,F-15B,High,88.78,2
7382,160.56,36.67,49.47,Line Fault,Feeder,F-15B,High,86.65,2
7383,196.91,45.33,49.0,Line Fault,Feeder,F-15B,High,84.19,2
7384,165.22,41.09,48.65,Line Fault,Feeder,F-15B,High,89.59,2
7385,188.02,32.8,49.05,Line Fault,Feeder,F-15B,High,85.93,2
7386,166.16,35.32,49.34,Line Fault,Feeder,F-15B,High,84.31,2
7387,164.37,33.8,48.32,Line Fault,Feeder,F-15B,High,86.54,2
7388,157.37,45.44,48.34,Line Fault,Feeder,F-15B,High,87.18,2
7389,156.25,49.46,48.68,Line Fault,Feeder,F-15B,High,89.87,2
7390,188.43,42.84,49.24,Line Fault,Feeder,F-15B,High,81.21,2
7391,183.92,31.65,49.18,Line Fault,Feeder,F-15B,High,91.48,2
7392,195.07,27.87,48.55,Line Fault,Feeder,F-15B,High,84.37,2
7393,156.11,27.45,48.58,Line Fault,Feeder,F-15B,High,91.9,2
7394,178.45,40.54,48.71,Line Fault,Feeder,F-15B,High,87.95,2
7395,197.83,39.72,48.1,Line Fault,Feeder,F-15B,High,85.91,2
7396,199.64,34.69,48.89,Line Fault,Feeder,F-15B,High,81.28,2
7397,157.06,46.87,48.45,Line Fault,Feeder,F-15B,High,83.67,2
7398,169.36,49.16,48.13,Line Fault,Feeder,F-15B,High,89.83,2
7399,167.08,46.24,49.49,Line Fault,Feeder,F-15B,High,84.18,2
7400,156.47,28.61,49.14,Line Fault,Feeder,F-15B,High,81.74,2
7401,163.02,30.11,48.53,Line Fault,Feeder,F-15B,High,80.89,2
7402,192.84,46.5,48.62,Line Fault,Feeder,F-15B,High,87.35,2
7403,182.1,43.73,48.78,Line Fault,Feeder,F-15B,High,86.12,2
7404,181.57,42.58,48.52,Line Fault,Feeder,F-15B,High,83.96,2
7405,163.49,38.72,48.54,Line Fault,Feeder,F-15B,High,86.48,2
7406,170.3,45.92,48.11,Line Fault,Feeder,F-15B,High,86.87,2
7407,178.78,34.59,48.63,Line Fault,Feeder,F-15B,High,89.6,2
7408,164.03,46.79,49.34,Line Fault,Feeder,F-15B,High,87.81,2
7409,188.64,40.32,48.79,Line Fault,Feeder,F-15B,High,91.6,2
7410,164.13,28.85,48.43,Line Fault,Feeder,F-15B,High,87.38,2
7411,159.26,47.72,48.62,Line Fault,Feeder,F-15B,High,90.2,2
7412,162.46,32.83,48.09,Line Fault,Feeder,F-15B,High,83.09,2
7413,174.52,48.65,48.58,Line Fault,Feeder,F-15B,High,87.68,2
7414,171.39,26.17,48.76,Line Fault,Feeder,F-15B,High,80.79,2
7415,194.18,43.83,48.57,Line Fault,Feeder,F-15B,High,87.68,2
7416,155.6,42.56,49.23,Line Fault,Feeder,F-15B,High,89.86,2
7417,164.21,31.59,48.78,Line Fault,Feeder,F-15B,High,91.61,2
7418,196.03,33.99,49.17,Line Fault,Feeder,F-15B,High,91.06,2
7419,163.05,45.76,48.4,Line Fault,Feeder,F-15B,High,84.12,2
7420,159.94,37.68,49.26,Line Fault,Feeder,F-15B,High,86.34,2
7421,156.17,31.29,48.84,Line Fault,Feeder,F-15B,High,87.0,2
7422,178.85,26.93,49.13,Line Fault,Feeder,F-15B,High,90.91,2
7423,175.53,42.97,49.37,Line Fault,Feeder,F-15B,High,87.71,2
7424,183.72,43.04,48.39,Line Fault,Feeder,F-15B,High,86.99,2
7425,192.11,32.4,49.35,Line Fault,Feeder,F-15B,High,87.44,2
7426,171.16,40.58,48.6,Line Fault,Feeder,F-15B,High,90.06,2
7427,174.12,47.53,48.76,Line Fault,Feeder,F-15B,High,87.92,2
7428,199.89,28.67,49.11,Line Fault,Feeder,F-15B,High,81.67,2
7429,191.94,39.91,49.41,Line Fault,Feeder,F-15B,High,90.39,2
7430,153.74,28.43,48.9,Line Fault,Feeder,F-15B,High,86.22,2
7431,158.43,28.23,48.85,Line Fault,Feeder,F-15B,High,80.59,2
7432,193.69,45.18,49.18,Line Fault,Feeder,F-15B,High,80.19,2
7433,152.38,38.75,49.49,Line Fault,Feeder,F-15B,High,84.11,2
7434,167.22,28.36,49.01,Line Fault,Feeder,F-15B,High,87.76,2
7435,155.07,36.69,49.0,Line Fault,Feeder,F-15B,High,85.92,2
7436,183.72,45.41,49.03,Line Fault,Feeder,F-15B,High,87.39,2
7437,192.68,47.51,48.58,Line Fault,Feeder,F-15B,High,82.08,2
7438,190.89,30.34,49.39,Line Fault,Feeder,F-15B,High,80.27,2
7439,196.06,39.73,49.16,Line Fault,Feeder,F-15B,High,84.78,2
7440,199.59,30.69,48.4,Line Fault,Feeder,F-15B,High,80.62,2
7441,197.02,36.4,49.01,Line Fault,Feeder,F-15B,High,88.25,2
7442,193.73,41.62,48.84,Line Fault,Feeder,F-15B,High,88.52,2
7443,187.55,29.65,48.16,Line Fault,Feeder,F-15B,High,80.9,2
7444,168.7,37.45,48.92,Line Fault,Feeder,F-15B,High,91.5,2
7445,166.54,44.02,48.8,Line Fault,Feeder,F-15B,High,82.64,2
7446,180.77,49.18,48.19,Line Fault,Feeder,F-15B,High,86.09,2
7447,152.58,33.03,48.93,Line Fault,Feeder,F-15B,High,90.09,2
7448,186.52,36.57,49.36,Line Fault,Feeder,F-15B,High,83.63,2
7449,187.7,36.85,49.35,Line Fault,Feeder,F-15B,High,89.57,2
7450,195.07,30.36,49.0,Line Fault,Feeder,F-15B,High,88.86,2
7451,187.12,37.6,48.02,Line Fault,Feeder,F-15B,High,83.14,2
7452,166.17,46.3,49.26,Line Fault,Feeder,F-15B,High,81.26,2
7453,197.49,29.56,48.62,Line Fault,Feeder,F-15B,High,82.58,2
7454,193.02,43.74,48.53,Line Fault,Feeder,F-15B,High,88.18,2
7455,159.22,34.56,48.57,Line Fault,Feeder,F-15B,High,82.86,2
7456,193.82,41.97,48.42,Line Fault,Feeder,F-15B,High,82.91,2
7457,150.9,33.66,48.79,Line Fault,Feeder,F-15B,High,83.33,2
7458,185.02,35.29,48.47,Line Fault,Feeder,F-15B,High,91.27,2
7459,163.14,34.96,48.57,Line Fault,Feeder,F-15B,High,82.89,2
7460,160.87,32.56,49.3,Line Fault,Feeder,F-15B,High,89.2,2
7461,184.05,36.43,48.76,Line Fault,Feeder,F-15B,High,83.21,2
7462,153.72,33.28,48.74,Line Fault,Feeder,F-15B,High,80.69,2
7463,154.41,31.58,48.55,Line Fault,Feeder,F-15B,High,84.72,2
7464,155.89,30.65,48.39,Line Fault,Feeder,F-15B,High,80.81,2
7465,166.3,26.81,49.06,Line Fault,Feeder,F-15B,High,84.63,2
7466,166.34,28.16,48.34,Line Fault,Feeder,F-15B,High,82.79,2
7467,199.26,45.88,48.02,Line Fault,Feeder,F-15B,High,87.4,2
7468,162.8,27.61,49.06,Line Fault,Feeder,F-15B,High,81.58,2
7469,172.19,40.8,48.83,Line Fault,Feeder,F-15B,High,91.73,2
7470,189.29,44.35,48.53,Line Fault,Feeder,F-15B,High,80.1,2
7471,186.72,49.99,48.61,Line Fault,Feeder,F-15B,High,91.83,2
7472,157.09,32.41,48.26,Line Fault,Feeder,F-15B,High,85.7,2
7473,189.85,33.52,49.36,Line Fault,Feeder,F-15B,High,86.54,2
7474,173.27,44.68,48.15,Line Fault,Feeder,F-15B,High,89.29,2
7475,162.15,32.02,48.9,Line Fault,Feeder,F-15B,High,90.82,2
7476,178.92,41.22,49.16,Line Fault,Feeder,F-15B,High,83.11,2
7477,191.36,35.45,48.26,Line Fault,Feeder,F-15B,High,84.2,2
7478,162.31,30.72,48.42,Line Fault,Feeder,F-15B,High,82.17,2
7479,183.39,39.5,48.97,Line Fault,Feeder,F-15B,High,84.12,2
7480,188.49,28.24,48.86,Line Fault,Feeder,F-15B,High,83.31,2
7481,176.38,33.09,49.19,Line Fault,Feeder,F-15B,High,90.7,2
7482,187.13,29.39,48.41,Line Fault,Feeder,F-15B,High,91.03,2
7483,171.86,48.53,48.59,Line Fault,Feeder,F-15B,High,91.42,2
7484,196.29,41.51,48.01,Line Fault,Feeder,F-15B,High,84.8,2
7485,195.56,47.13,48.28,Line Fault,Feeder,F-15B,High,84.79,2
7486,191.78,39.45,49.27,Line Fault,Feeder,F-15B,High,89.92,2
7487,195.37,27.93,48.22,Line Fault,Feeder,F-15B,High,80.99,2
7488,196.76,36.88,48.1,Line Fault,Feeder,F-15B,High,83.86,2
7489,167.57,45.24,49.1,Line Fault,Feeder,F-15B,High,88.27,2
7490,151.09,47.77,48.32,Line Fault,Feeder,F-15B,High,87.55,2
7491,153.09,27.04,48.01,Line Fault,Feeder,F-15B,High,86.79,2
7492,181.47,26.26,48.44,Line Fault,Feeder,F-15B,High,90.22,2
7493,155.07,30.41,48.64,Line Fault,Feeder,F-15B,High,90.11,2
7494,162.74,49.93,48.53,Line Fault,Feeder,F-15B,High,84.64,2
7495,156.11,42.0,48.37,Line Fault,Feeder,F-15B,High,87.55,2
7496,161.16,34.7,49.29,Line Fault,Feeder,F-15B,High,88.87,2
7497,157.73,40.19,48.94,Line Fault,Feeder,F-15B,High,81.09,2
7498,173.29,31.52,48.7,Line Fault,Feeder,F-15B,High,89.32,2
7499,157.91,28.08,48.4,Line Fault,Feeder,F-15B,High,91.43,2
7500,187.39,25.49,48.6,Line Fault,Feeder,F-15B,High,83.09,2
7501,260.95,13.51,50.96,Voltage Swell,Substation,SS-04,Medium,78.28,3
7502,259.7,16.4,50.83,Voltage Swell,Substation,SS-04,Medium,81.1,3
7503,262.17,11.64,50.44,Voltage Swell,Substation,SS-04,Medium,88.43,3
7504,268.75,16.63,50.37,Voltage Swell,Substation,SS-04,Medium,87.3,3
7505,245.65,9.23,50.66,Voltage Swell,Substation,SS-04,Medium,79.37,3
7506,268.78,13.23,50.43,Voltage Swell,Substation,SS-04,Medium,85.17,3
7507,264.19,13.71,50.21,Voltage Swell,Substation,SS-04,Medium,86.6,3
7508,253.01,10.1,50.63,Voltage Swell,Substation,SS-04,Medium,76.36,3
7509,269.28,15.59,50.99,Voltage Swell,Substation,SS-04,Medium,80.08,3
7510,269.28,9.75,50.04,Voltage Swell,Substation,SS-04,Medium,75.49,3
7511,256.62,9.0,50.51,Voltage Swell,Substation,SS-04,Medium,79.91,3
7512,253.39,15.63,50.16,Voltage Swell,Substation,SS-04,Medium,86.5,3
7513,259.55,18.98,50.36,Voltage Swell,Substation,SS-04,Medium,89.74,3
7514,259.4,19.68,50.03,Voltage Swell,Substation,SS-04,Medium,85.92,3
7515,265.42,8.64,50.58,Voltage Swell,Substation,SS-04,Medium,87.03,3
7516,259.03,8.77,50.69,Voltage Swell,Substation,SS-04,Medium,75.91,3
7517,265.44,8.52,50.14,Voltage Swell,Substation,SS-04,Medium,79.13,3
7518,260.83,19.72,50.12,Voltage Swell,Substation,SS-04,Medium,77.14,3
7519,254.22,18.03,50.47,Voltage Swell,Substation,SS-04,Medium,79.82,3
7520,259.03,11.13,50.4,Voltage Swell,Substation,SS-04,Medium,79.99,3
7521,265.1,19.09,50.76,Voltage Swell,Substation,SS-04,Medium,81.59,3
7522,257.61,9.5,50.75,Voltage Swell,Substation,SS-04,Medium,83.95,3
7523,267.56,10.41,50.76,Voltage Swell,Substation,SS-04,Medium,85.27,3
7524,251.65,16.01,50.92,Voltage Swell,Substation,SS-04,Medium,88.78,3
7525,262.99,8.58,50.87,Voltage Swell,Substation,SS-04,Medium,84.87,3
7526,252.76,10.25,50.12,Voltage Swell,Substation,SS-04,Medium,75.75,3
7527,263.85,10.83,50.02,Voltage Swell,Substation,SS-04,Medium,80.96,3
7528,257.07,10.03,50.04,Voltage Swell,Substation,SS-04,Medium,77.84,3
7529,261.98,8.99,50.56,Voltage Swell,Substation,SS-04,Medium,77.2,3
7530,249.89,12.72,50.1,Voltage Swell,Substation,SS-04,Medium,77.6,3
7531,253.72,11.96,50.75,Voltage Swell,Substation,SS-04,Medium,76.12,3
7532,266.51,17.79,50.77,Voltage Swell,Substation,SS-04,Medium,79.64,3
7533,265.57,10.19,50.12,Voltage Swell,Substation,SS-04,Medium,75.67,3
7534,268.48,11.7,50.92,Voltage Swell,Substation,SS-04,Medium,79.09,3
7535,267.69,18.85,50.92,Voltage Swell,Substation,SS-04,Medium,82.44,3
7536,266.65,19.41,50.32,Voltage Swell,Substation,SS-04,Medium,81.28,3
7537,262.98,11.6,50.75,Voltage Swell,Substation,SS-04,Medium,76.11,3
7538,258.09,9.47,50.29,Voltage Swell,Substation,SS-04,Medium,78.88,3
7539,265.97,10.32,50.81,Voltage Swell,Substation,SS-04,Medium,86.91,3
7540,257.47,10.81,50.23,Voltage Swell,Substation,SS-04,Medium,81.97,3
7541,245.22,14.38,50.95,Voltage Swell,Substation,SS-04,Medium,77.32,3
7542,259.33,19.54,50.86,Voltage Swell,Substation,SS-04,Medium,87.76,3
7543,265.55,11.71,50.89,Voltage Swell,Substation,SS-04,Medium,89.12,3
7544,257.39,12.25,50.41,Voltage Swell,Substation,SS-04,Medium,80.01,3
7545,250.31,15.42,50.56,Voltage Swell,Substation,SS-04,Medium,81.94,3
7546,247.4,17.56,50.17,Voltage Swell,Substation,SS-04,Medium,76.72,3
7547,260.58,12.78,50.06,Voltage Swell,Substation,SS-04,Medium,80.33,3
7548,264.29,15.38,50.36,Voltage Swell,Substation,SS-04,Medium,77.88,3
7549,260.79,18.65,50.65,Voltage Swell,Substation,SS-04,Medium,87.19,3
7550,258.04,16.62,50.9,Voltage Swell,Substation,SS-04,Medium,86.6,3
7551,267.75,13.17,50.9,Voltage Swell,Substation,SS-04,Medium,84.32,3
7552,266.75,8.47,50.66,Voltage Swell,Substation,SS-04,Medium,87.72,3
7553,249.36,15.94,50.82,Voltage Swell,Substation,SS-04,Medium,79.32,3
7554,255.13,14.83,50.52,Voltage Swell,Substation,SS-04,Medium,75.59,3
7555,247.47,9.21,50.26,Voltage Swell,Substation,SS-04,Medium,78.69,3
7556,263.56,14.87,50.76,Voltage Swell,Substation,SS-04,Medium,76.05,3
7557,257.13,11.89,50.85,Voltage Swell,Substation,SS-04,Medium,85.62,3
7558,266.73,8.56,50.72,Voltage Swell,Substation,SS-04,Medium,83.1,3
7559,265.63,14.09,50.54,Voltage Swell,Substation,SS-04,Medium,75.78,3
7560,261.71,11.28,50.02,Voltage Swell,Substation,SS-04,Medium,76.0,3
7561,268.93,12.15,50.87,Voltage Swell,Substation,SS-04,Medium,89.4,3
7562,268.58,18.58,50.89,Voltage Swell,Substation,SS-04,Medium,79.34,3
7563,248.79,15.67,50.49,Voltage Swell,Substation,SS-04,Medium,76.48,3
7564,261.94,14.75,50.86,Voltage Swell,Substation,SS-04,Medium,84.14,3
7565,259.35,13.29,50.46,Voltage Swell,Substation,SS-04,Medium,89.32,3
7566,248.46,13.35,50.66,Voltage Swell,Substation,SS-04,Medium,81.5,3
7567,252.08,11.45,50.23,Voltage Swell,Substation,SS-04,Medium,80.16,3
7568,266.79,14.06,50.24,Voltage Swell,Substation,SS-04,Medium,80.77,3
7569,247.65,18.85,50.41,Voltage Swell,Substation,SS-04,Medium,89.71,3
7570,253.69,18.04,50.26,Voltage Swell,Substation,SS-04,Medium,76.14,3
7571,245.79,15.27,50.31,Voltage Swell,Substation,SS-04,Medium,81.65,3
7572,265.47,10.98,50.31,Voltage Swell,Substation,SS-04,Medium,87.68,3
7573,257.32,17.93,50.37,Voltage Swell,Substation,SS-04,Medium,80.98,3
7574,249.18,19.0,50.9,Voltage Swell,Substation,SS-04,Medium,89.76,3
7575,255.06,17.82,50.41,Voltage Swell,Substation,SS-04,Medium,81.81,3
7576,265.75,10.13,50.22,Voltage Swell,Substation,SS-04,Medium,79.72,3
7577,264.7,12.47,50.36,Voltage Swell,Substation,SS-04,Medium,89.98,3
7578,254.6,10.97,50.62,Voltage Swell,Substation,SS-04,Medium,87.03,3
7579,246.74,15.43,50.04,Voltage Swell,Substation,SS-04,Medium,82.89,3
7580,251.42,11.68,50.47,Voltage Swell,Substation,SS-04,Medium,88.91,3
7581,262.77,19.24,50.66,Voltage Swell,Substation,SS-04,Medium,75.11,3
7582,251.64,18.87,50.64,Voltage Swell,Substation,SS-04,Medium,89.72,3
7583,248.9,11.56,50.36,Voltage Swell,Substation,SS-04,Medium,79.9,3
7584,251.3,13.32,50.64,Voltage Swell,Substation,SS-04,Medium,79.67,3
7585,246.99,16.5,50.46,Voltage Swell,Substation,SS-04,Medium,83.35,3
7586,256.39,18.68,50.56,Voltage Swell,Substation,SS-04,Medium,88.85,3
7587,257.76,11.51,50.36,Voltage Swell,Substation,SS-04,Medium,82.83,3
7588,258.25,16.25,50.22,Voltage Swell,Substation,SS-04,Medium,84.88,3
7589,264.46,16.12,50.48,Voltage Swell,Substation,SS-04,Medium,89.88,3
7590,255.12,9.28,50.82,Voltage Swell,Substation,SS-04,Medium,78.18,3
7591,262.83,10.15,50.02,Voltage Swell,Substation,SS-04,Medium,77.4,3
7592,254.42,9.28,50.2,Voltage Swell,Substation,SS-04,Medium,86.47,3
7593,264.25,17.81,50.84,Voltage Swell,Substation,SS-04,Medium,81.31,3
7594,266.69,14.31,50.47,Voltage Swell,Substation,SS-04,Medium,85.78,3
7595,250.35,17.47,50.43,Voltage Swell,Substation,SS-04,Medium,76.91,3
7596,247.98,9.98,50.89,Voltage Swell,Substation,SS-04,Medium,89.86,3
7597,253.92,11.51,50.22,Voltage Swell,Substation,SS-04,Medium,87.36,3
7598,250.23,19.09,50.67,Voltage Swell,Substation,SS-04,Medium,88.46,3
7599,258.85,16.29,50.62,Voltage Swell,Substation,SS-04,Medium,87.47,3
7600,265.9,15.08,50.63,Voltage Swell,Substation,SS-04,Medium,88.83,3
7601,268.25,15.97,50.01,Voltage Swell,Substation,SS-04,Medium,76.57,3
7602,266.45,9.02,50.21,Voltage Swell,Substation,SS-04,Medium,78.46,3
7603,260.01,14.92,50.29,Voltage Swell,Substation,SS-04,Medium,78.11,3
7604,264.11,19.23,50.05,Voltage Swell,Substation,SS-04,Medium,77.0,3
7605,261.05,17.65,50.79,Voltage Swell,Substation,SS-04,Medium,85.8,3
7606,267.19,10.61,50.11,Voltage Swell,Substation,SS-04,Medium,84.23,3
7607,265.56,14.98,50.96,Voltage Swell,Substation,SS-04,Medium,86.93,3
7608,262.52,8.72,50.11,Voltage Swell,Substation,SS-04,Medium,86.77,3
7609,249.96,8.35,50.91,Voltage Swell,Substation,SS-04,Medium,88.36,3
7610,250.46,17.36,50.05,Voltage Swell,Substation,SS-04,Medium,79.28,3
7611,260.59,17.16,50.01,Voltage Swell,Substation,SS-04,Medium,79.89,3
7612,250.36,19.99,50.67,Voltage Swell,Substation,SS-04,Medium,81.09,3
7613,246.89,15.18,50.64,Voltage Swell,Substation,SS-04,Medium,87.25,3
7614,252.21,19.78,50.44,Voltage Swell,Substation,SS-04,Medium,79.44,3
7615,253.71,14.24,50.94,Voltage Swell,Substation,SS-04,Medium,86.03,3
7616,259.43,9.95,50.15,Voltage Swell,Substation,SS-04,Medium,82.53,3
7617,263.22,17.01,50.23,Voltage Swell,Substation,SS-04,Medium,76.5,3
7618,254.61,19.02,50.55,Voltage Swell,Substation,SS-04,Medium,79.8,3
7619,253.09,9.59,50.47,Voltage Swell,Substation,SS-04,Medium,86.87,3
7620,269.21,14.02,50.17,Voltage Swell,Substation,SS-04,Medium,85.24,3
7621,263.92,8.86,50.85,Voltage Swell,Substation,SS-04,Medium,87.44,3
7622,256.81,14.73,50.71,Voltage Swell,Substation,SS-04,Medium,85.15,3
7623,245.41,9.47,50.16,Voltage Swell,Substation,SS-04,Medium,86.34,3
7624,256.0,14.55,50.77,Voltage Swell,Substation,SS-04,Medium,80.11,3
7625,263.72,13.31,50.38,Voltage Swell,Substation,SS-04,Medium,80.0,3
7626,269.12,17.26,50.02,Voltage Swell,Substation,SS-04,Medium,89.36,3
7627,264.39,9.79,50.08,Voltage Swell,Substation,SS-04,Medium,79.62,3
7628,260.6,15.4,50.28,Voltage Swell,Substation,SS-04,Medium,81.69,3
7629,250.3,8.61,50.52,Voltage Swell,Substation,SS-04,Medium,80.2,3
7630,258.57,19.36,50.14,Voltage Swell,Substation,SS-04,Medium,75.03,3
7631,246.92,13.55,50.71,Voltage Swell,Substation,SS-04,Medium,83.71,3
7632,257.37,12.25,50.31,Voltage Swell,Substation,SS-04,Medium,80.64,3
7633,260.29,10.01,50.77,Voltage Swell,Substation,SS-04,Medium,83.63,3
7634,251.73,14.01,50.96,Voltage Swell,Substation,SS-04,Medium,75.31,3
7635,249.99,13.38,50.64,Voltage Swell,Substation,SS-04,Medium,78.18,3
7636,268.29,15.71,50.88,Voltage Swell,Substation,SS-04,Medium,79.94,3
7637,265.72,12.54,50.25,Voltage Swell,Substation,SS-04,Medium,88.67,3
7638,247.31,19.31,50.46,Voltage Swell,Substation,SS-04,Medium,89.89,3
7639,258.49,17.09,50.01,Voltage Swell,Substation,SS-04,Medium,82.45,3
7640,263.44,17.39,50.16,Voltage Swell,Substation,SS-04,Medium,81.28,3
7641,255.48,9.24,50.44,Voltage Swell,Substation,SS-04,Medium,87.11,3
7642,252.5,13.19,50.96,Voltage Swell,Substation,SS-04,Medium,75.48,3
7643,259.79,16.92,50.76,Voltage Swell,Substation,SS-04,Medium,85.74,3
7644,263.16,8.71,50.53,Voltage Swell,Substation,SS-04,Medium,86.74,3
7645,247.35,8.14,50.81,Voltage Swell,Substation,SS-04,Medium,85.68,3
7646,255.31,19.28,50.77,Voltage Swell,Substation,SS-04,Medium,89.52,3
7647,268.23,13.78,50.75,Voltage Swell,Substation,SS-04,Medium,85.04,3
7648,265.29,17.45,50.15,Voltage Swell,Substation,SS-04,Medium,78.51,3
7649,251.64,17.82,50.81,Voltage Swell,Substation,SS-04,Medium,82.43,3
7650,259.52,17.92,50.31,Voltage Swell,Substation,SS-04,Medium,75.75,3
7651,257.06,18.96,50.79,Voltage Swell,Substation,SS-04,Medium,80.5,3
7652,246.62,15.64,50.83,Voltage Swell,Substation,SS-04,Medium,84.97,3
7653,255.63,9.48,50.91,Voltage Swell,Substation,SS-04,Medium,79.14,3
7654,250.61,17.79,50.98,Voltage Swell,Substation,SS-04,Medium,84.9,3
7655,260.62,11.83,50.02,Voltage Swell,Substation,SS-04,Medium,77.88,3
7656,259.61,9.82,50.88,Voltage Swell,Substation,SS-04,Medium,77.82,3
7657,258.05,14.14,50.6,Voltage Swell,Substation,SS-04,Medium,79.91,3
7658,266.84,13.33,50.7,Voltage Swell,Substation,SS-04,Medium,84.54,3
7659,247.93,15.47,50.55,Voltage Swell,Substation,SS-04,Medium,88.48,3
7660,267.02,9.81,50.08,Voltage Swell,Substation,SS-04,Medium,79.42,3
7661,269.67,8.26,50.67,Voltage Swell,Substation,SS-04,Medium,84.13,3
7662,261.16,10.62,50.23,Voltage Swell,Substation,SS-04,Medium,81.46,3
7663,247.4,8.9,50.09,Voltage Swell,Substation,SS-04,Medium,83.59,3
7664,254.94,11.52,50.32,Voltage Swell,Substation,SS-04,Medium,78.11,3
7665,255.29,10.44,50.7,Voltage Swell,Substation,SS-04,Medium,76.86,3
7666,268.71,9.08,50.94,Voltage Swell,Substation,SS-04,Medium,87.5,3
7667,262.02,18.95,50.14,Voltage Swell,Substation,SS-04,Medium,77.64,3
7668,251.3,10.94,50.31,Voltage Swell,Substation,SS-04,Medium,83.63,3
7669,245.7,12.59,50.25,Voltage Swell,Substation,SS-04,Medium,84.1,3
7670,269.63,14.21,50.43,Voltage Swell,Substation,SS-04,Medium,80.52,3
7671,264.62,8.86,50.96,Voltage Swell,Substation,SS-04,Medium,81.27,3
7672,252.84,19.69,50.94,Voltage Swell,Substation,SS-04,Medium,84.63,3
7673,245.46,16.98,50.34,Voltage Swell,Substation,SS-04,Medium,80.82,3
7674,248.97,14.28,50.74,Voltage Swell,Substation,SS-04,Medium,79.1,3
7675,268.47,10.34,50.07,Voltage Swell,Substation,SS-04,Medium,84.67,3
7676,266.23,19.44,50.77,Voltage Swell,Substation,SS-04,Medium,77.99,3
7677,269.44,19.03,50.16,Voltage Swell,Substation,SS-04,Medium,83.38,3
7678,258.89,13.31,50.98,Voltage Swell,Substation,SS-04,Medium,75.89,3
7679,260.68,10.46,50.53,Voltage Swell,Substation,SS-04,Medium,86.7,3
7680,251.17,12.72,50.95,Voltage Swell,Substation,SS-04,Medium,86.42,3
7681,259.32,10.66,50.43,Voltage Swell,Substation,SS-04,Medium,86.61,3
7682,265.51,10.94,50.66,Voltage Swell,Substation,SS-04,Medium,76.43,3
7683,245.58,14.58,50.22,Voltage Swell,Substation,SS-04,Medium,76.18,3
7684,263.25,13.98,50.8,Voltage Swell,Substation,SS-04,Medium,84.96,3
7685,263.25,11.69,50.26,Voltage Swell,Substation,SS-04,Medium,84.01,3
7686,250.0,17.78,50.52,Voltage Swell,Substation,SS-04,Medium,78.4,3
7687,260.63,19.34,50.08,Voltage Swell,Substation,SS-04,Medium,76.64,3
7688,266.1,9.32,50.04,Voltage Swell,Substation,SS-04,Medium,80.22,3
7689,256.67,14.83,50.51,Voltage Swell,Substation,SS-04,Medium,88.7,3
7690,264.22,19.81,50.48,Voltage Swell,Substation,SS-04,Medium,76.26,3
7691,268.89,8.05,50.78,Voltage Swell,Substation,SS-04,Medium,75.47,3
7692,264.03,19.26,50.39,Voltage Swell,Substation,SS-04,Medium,78.61,3
7693,250.66,13.9,50.17,Voltage Swell,Substation,SS-04,Medium,85.09,3
7694,254.21,11.88,50.46,Voltage Swell,Substation,SS-04,Medium,83.14,3
7695,248.55,16.49,50.88,Voltage Swell,Substation,SS-04,Medium,79.17,3
7696,249.51,17.13,50.18,Voltage Swell,Substation,SS-04,Medium,75.62,3
7697,260.48,10.88,50.17,Voltage Swell,Substation,SS-04,Medium,89.72,3
7698,252.3,18.84,50.18,Voltage Swell,Substation,SS-04,Medium,87.28,3
7699,257.55,8.94,50.73,Voltage Swell,Substation,SS-04,Medium,88.38,3
7700,249.08,16.71,50.45,Voltage Swell,Substation,SS-04,Medium,86.31,3
7701,262.85,8.32,50.18,Voltage Swell,Substation,SS-04,Medium,82.07,3
7702,268.34,12.1,50.63,Voltage Swell,Substation,SS-04,Medium,75.18,3
7703,262.78,15.24,50.72,Voltage Swell,Substation,SS-04,Medium,88.57,3
7704,248.66,11.14,51.0,Voltage Swell,Substation,SS-04,Medium,77.34,3
7705,263.02,16.7,50.68,Voltage Swell,Substation,SS-04,Medium,78.41,3
7706,250.38,16.0,50.19,Voltage Swell,Substation,SS-04,Medium,84.92,3
7707,257.31,12.64,50.3,Voltage Swell,Substation,SS-04,Medium,89.21,3
7708,257.7,14.74,50.95,Voltage Swell,Substation,SS-04,Medium,84.81,3
7709,268.95,9.28,50.85,Voltage Swell,Substation,SS-04,Medium,80.03,3
7710,265.26,18.27,50.27,Voltage Swell,Substation,SS-04,Medium,81.13,3
7711,263.15,9.19,50.76,Voltage Swell,Substation,SS-04,Medium,76.66,3
7712,267.86,11.32,50.58,Voltage Swell,Substation,SS-04,Medium,76.76,3
7713,251.74,12.85,50.49,Voltage Swell,Substation,SS-04,Medium,75.0,3
7714,267.22,8.09,50.77,Voltage Swell,Substation,SS-04,Medium,82.06,3
7715,258.1,10.5,50.61,Voltage Swell,Substation,SS-04,Medium,83.06,3
7716,249.11,10.86,50.07,Voltage Swell,Substation,SS-04,Medium,75.99,3
7717,245.34,10.65,50.68,Voltage Swell,Substation,SS-04,Medium,79.74,3
7718,253.57,9.58,50.58,Voltage Swell,Substation,SS-04,Medium,80.13,3
7719,261.91,16.9,50.58,Voltage Swell,Substation,SS-04,Medium,79.14,3
7720,257.72,11.02,50.9,Voltage Swell,Substation,SS-04,Medium,86.5,3
7721,257.33,19.59,50.55,Voltage Swell,Substation,SS-04,Medium,79.93,3
7722,247.39,14.52,50.86,Voltage Swell,Substation,SS-04,Medium,88.0,3
7723,260.11,12.72,50.65,Voltage Swell,Substation,SS-04,Medium,86.43,3
7724,255.29,13.72,50.68,Voltage Swell,Substation,SS-04,Medium,88.15,3
7725,264.78,8.27,50.12,Voltage Swell,Substation,SS-04,Medium,87.79,3
7726,265.85,12.67,50.58,Voltage Swell,Substation,SS-04,Medium,88.59,3
7727,267.79,17.4,50.21,Voltage Swell,Substation,SS-04,Medium,85.95,3
7728,247.53,18.73,50.15,Voltage Swell,Substation,SS-04,Medium,84.94,3
7729,260.26,17.32,50.55,Voltage Swell,Substation,SS-04,Medium,75.89,3
7730,262.65,12.6,50.32,Voltage Swell,Substation,SS-04,Medium,89.88,3
7731,259.76,16.53,50.53,Voltage Swell,Substation,SS-04,Medium,86.55,3
7732,263.8,15.89,51.0,Voltage Swell,Substation,SS-04,Medium,81.9,3
7733,262.65,17.57,50.38,Voltage Swell,Substation,SS-04,Medium,81.86,3
7734,269.23,8.39,50.34,Voltage Swell,Substation,SS-04,Medium,82.29,3
7735,245.04,18.79,50.29,Voltage Swell,Substation,SS-04,Medium,78.87,3
7736,265.51,11.34,50.66,Voltage Swell,Substation,SS-04,Medium,87.32,3
7737,264.81,17.38,50.09,Voltage Swell,Substation,SS-04,Medium,76.2,3
7738,252.67,8.43,50.5,Voltage Swell,Substation,SS-04,Medium,80.92,3
7739,258.93,11.59,50.49,Voltage Swell,Substation,SS-04,Medium,80.02,3
7740,249.88,15.79,50.67,Voltage Swell,Substation,SS-04,Medium,87.44,3
7741,266.87,16.45,50.69,Voltage Swell,Substation,SS-04,Medium,75.85,3
7742,247.74,17.75,50.23,Voltage Swell,Substation,SS-04,Medium,80.33,3
7743,248.63,10.34,50.78,Voltage Swell,Substation,SS-04,Medium,78.93,3
7744,256.23,9.82,50.68,Voltage Swell,Substation,SS-04,Medium,85.92,3
7745,254.04,17.42,50.24,Voltage Swell,Substation,SS-04,Medium,85.38,3
7746,263.25,19.62,50.23,Voltage Swell,Substation,SS-04,Medium,76.41,3
7747,251.58,9.47,50.17,Voltage Swell,Substation,SS-04,Medium,80.01,3
7748,255.35,18.84,50.2,Voltage Swell,Substation,SS-04,Medium,89.58,3
7749,265.25,18.58,50.93,Voltage Swell,Substation,SS-04,Medium,86.3,3
7750,264.72,13.25,50.51,Voltage Swell,Substation,SS-04,Medium,88.99,3
7751,254.46,8.5,50.76,Voltage Swell,Substation,SS-04,Medium,83.6,3
7752,265.37,8.91,50.62,Voltage Swell,Substation,SS-04,Medium,78.72,3
7753,267.58,9.32,50.84,Voltage Swell,Substation,SS-04,Medium,76.33,3
7754,245.63,10.82,50.33,Voltage Swell,Substation,SS-04,Medium,84.4,3
7755,248.29,13.25,50.2,Voltage Swell,Substation,SS-04,Medium,87.83,3
7756,246.12,12.27,50.63,Voltage Swell,Substation,SS-04,Medium,88.7,3
7757,266.7,18.74,50.06,Voltage Swell,Substation,SS-04,Medium,87.61,3
7758,264.5,18.83,50.31,Voltage Swell,Substation,SS-04,Medium,88.68,3
7759,255.07,15.61,50.42,Voltage Swell,Substation,SS-04,Medium,81.41,3
7760,258.67,12.27,50.79,Voltage Swell,Substation,SS-04,Medium,84.5,3
7761,262.24,10.77,50.97,Voltage Swell,Substation,SS-04,Medium,84.9,3
7762,249.93,17.01,50.17,Voltage Swell,Substation,SS-04,Medium,75.95,3
7763,258.19,14.64,50.19,Voltage Swell,Substation,SS-04,Medium,80.23,3
7764,268.64,11.42,50.16,Voltage Swell,Substation,SS-04,Medium,89.89,3
7765,252.56,16.16,50.23,Voltage Swell,Substation,SS-04,Medium,83.25,3
7766,254.66,19.54,50.43,Voltage Swell,Substation,SS-04,Medium,83.76,3
7767,268.62,19.87,50.1,Voltage Swell,Substation,SS-04,Medium,87.51,3
7768,254.55,15.14,50.38,Voltage Swell,Substation,SS-04,Medium,81.02,3
7769,248.97,14.87,50.55,Voltage Swell,Substation,SS-04,Medium,77.84,3
7770,258.54,19.68,50.71,Voltage Swell,Substation,SS-04,Medium,82.21,3
7771,267.9,14.9,50.14,Voltage Swell,Substation,SS-04,Medium,83.21,3
7772,249.52,17.21,50.97,Voltage Swell,Substation,SS-04,Medium,80.41,3
7773,255.87,13.06,50.29,Voltage Swell,Substation,SS-04,Medium,86.91,3
7774,260.44,8.77,50.84,Voltage Swell,Substation,SS-04,Medium,77.81,3
7775,269.48,12.52,50.62,Voltage Swell,Substation,SS-04,Medium,76.17,3
7776,253.62,17.63,50.48,Voltage Swell,Substation,SS-04,Medium,88.57,3
7777,259.38,19.14,50.98,Voltage Swell,Substation,SS-04,Medium,81.81,3
7778,259.13,18.02,50.22,Voltage Swell,Substation,SS-04,Medium,87.92,3
7779,259.8,16.71,50.08,Voltage Swell,Substation,SS-04,Medium,86.49,3
7780,252.77,17.66,50.51,Voltage Swell,Substation,SS-04,Medium,79.12,3
7781,268.82,17.18,50.99,Voltage Swell,Substation,SS-04,Medium,80.47,3
7782,261.23,15.34,50.69,Voltage Swell,Substation,SS-04,Medium,75.57,3
7783,252.29,18.91,50.42,Voltage Swell,Substation,SS-04,Medium,89.41,3
7784,250.34,19.97,50.7,Voltage Swell,Substation,SS-04,Medium,86.65,3
7785,254.92,18.88,50.55,Voltage Swell,Substation,SS-04,Medium,85.21,3
7786,247.37,15.58,50.88,Voltage Swell,Substation,SS-04,Medium,77.67,3
7787,263.44,8.3,50.93,Voltage Swell,Substation,SS-04,Medium,89.74,3
7788,253.85,9.28,50.66,Voltage Swell,Substation,SS-04,Medium,75.45,3
7789,257.06,11.26,50.47,Voltage Swell,Substation,SS-04,Medium,75.27,3
7790,246.29,8.19,50.62,Voltage Swell,Substation,SS-04,Medium,83.4,3
7791,250.83,15.76,50.88,Voltage Swell,Substation,SS-04,Medium,79.16,3
7792,265.8,15.95,50.03,Voltage Swell,Substation,SS-04,Medium,80.63,3
7793,257.69,16.78,50.29,Voltage Swell,Substation,SS-04,Medium,89.74,3
7794,262.11,12.47,50.1,Voltage Swell,Substation,SS-04,Medium,77.72,3
7795,257.19,13.94,50.77,Voltage Swell,Substation,SS-04,Medium,85.89,3
7796,250.03,15.14,50.02,Voltage Swell,Substation,SS-04,Medium,80.98,3
7797,264.1,12.79,50.84,Voltage Swell,Substation,SS-04,Medium,89.64,3
7798,260.18,9.74,50.38,Voltage Swell,Substation,SS-04,Medium,75.14,3
7799,260.07,17.86,50.63,Voltage Swell,Substation,SS-04,Medium,86.79,3
7800,265.0,18.21,50.27,Voltage Swell,Substation,SS-04,Medium,88.07,3
7801,261.35,11.48,50.99,Voltage Swell,Substation,SS-04,Medium,89.25,3
7802,259.36,18.12,50.26,Voltage Swell,Substation,SS-04,Medium,81.24,3
7803,249.6,14.24,50.5,Voltage Swell,Substation,SS-04,Medium,78.19,3
7804,261.82,9.41,50.06,Voltage Swell,Substation,SS-04,Medium,80.77,3
7805,255.25,11.84,50.26,Voltage Swell,Substation,SS-04,Medium,80.08,3
7806,249.08,12.84,50.9,Voltage Swell,Substation,SS-04,Medium,78.37,3
7807,262.11,9.7,50.35,Voltage Swell,Substation,SS-04,Medium,79.82,3
7808,268.43,13.14,50.69,Voltage Swell,Substation,SS-04,Medium,84.04,3
7809,248.53,19.27,50.35,Voltage Swell,Substation,SS-04,Medium,75.67,3
7810,252.51,12.03,50.09,Voltage Swell,Substation,SS-04,Medium,84.3,3
7811,253.67,15.55,50.01,Voltage Swell,Substation,SS-04,Medium,89.73,3
7812,249.26,15.91,50.72,Voltage Swell,Substation,SS-04,Medium,77.57,3
7813,247.79,9.83,50.25,Voltage Swell,Substation,SS-04,Medium,77.52,3
7814,261.85,13.05,50.54,Voltage Swell,Substation,SS-04,Medium,75.71,3
7815,266.53,10.05,50.36,Voltage Swell,Substation,SS-04,Medium,76.08,3
7816,248.42,15.99,50.69,Voltage Swell,Substation,SS-04,Medium,85.15,3
7817,258.8,19.43,50.51,Voltage Swell,Substation,SS-04,Medium,81.74,3
7818,251.19,9.19,50.55,Voltage Swell,Substation,SS-04,Medium,79.72,3
7819,258.1,10.47,50.84,Voltage Swell,Substation,SS-04,Medium,90.0,3
7820,253.06,18.11,50.87,Voltage Swell,Substation,SS-04,Medium,89.94,3
7821,253.57,17.07,50.23,Voltage Swell,Substation,SS-04,Medium,84.37,3
7822,262.62,16.89,50.21,Voltage Swell,Substation,SS-04,Medium,87.73,3
7823,255.52,10.6,50.54,Voltage Swell,Substation,SS-04,Medium,87.95,3
7824,269.18,16.98,50.01,Voltage Swell,Substation,SS-04,Medium,77.02,3
7825,246.91,9.21,50.38,Voltage Swell,Substation,SS-04,Medium,80.08,3
7826,247.84,18.59,50.62,Voltage Swell,Substation,SS-04,Medium,86.95,3
7827,254.29,12.92,50.32,Voltage Swell,Substation,SS-04,Medium,81.58,3
7828,260.26,13.92,50.84,Voltage Swell,Substation,SS-04,Medium,88.5,3
7829,256.74,10.88,50.95,Voltage Swell,Substation,SS-04,Medium,86.03,3
7830,261.0,16.94,50.08,Voltage Swell,Substation,SS-04,Medium,76.01,3
7831,248.83,9.77,50.42,Voltage Swell,Substation,SS-04,Medium,77.36,3
7832,266.36,14.94,50.37,Voltage Swell,Substation,SS-04,Medium,76.04,3
7833,259.78,9.4,50.74,Voltage Swell,Substation,SS-04,Medium,87.04,3
7834,258.6,9.8,50.79,Voltage Swell,Substation,SS-04,Medium,79.62,3
7835,250.57,13.65,50.92,Voltage Swell,Substation,SS-04,Medium,79.46,3
7836,267.64,8.64,50.08,Voltage Swell,Substation,SS-04,Medium,85.48,3
7837,249.76,11.8,50.14,Voltage Swell,Substation,SS-04,Medium,79.98,3
7838,252.01,16.84,50.7,Voltage Swell,Substation,SS-04,Medium,89.32,3
7839,263.11,16.34,50.69,Voltage Swell,Substation,SS-04,Medium,88.24,3
7840,252.41,11.6,50.74,Voltage Swell,Substation,SS-04,Medium,78.43,3
7841,267.8,14.42,50.3,Voltage Swell,Substation,SS-04,Medium,86.64,3
7842,252.81,19.56,50.98,Voltage Swell,Substation,SS-04,Medium,85.0,3
7843,247.84,11.16,50.52,Voltage Swell,Substation,SS-04,Medium,87.77,3
7844,249.62,9.25,50.07,Voltage Swell,Substation,SS-04,Medium,82.6,3
7845,267.12,8.51,50.21,Voltage Swell,Substation,SS-04,Medium,85.4,3
7846,265.65,17.69,50.79,Voltage Swell,Substation,SS-04,Medium,76.95,3
7847,254.93,19.82,50.99,Voltage Swell,Substation,SS-04,Medium,84.04,3
7848,262.73,19.42,50.45,Voltage Swell,Substation,SS-04,Medium,77.05,3
7849,261.72,19.52,50.7,Voltage Swell,Substation,SS-04,Medium,87.05,3
7850,255.57,9.16,50.17,Voltage Swell,Substation,SS-04,Medium,89.74,3
7851,257.33,8.14,50.96,Voltage Swell,Substation,SS-04,Medium,82.47,3
7852,265.91,14.58,50.1,Voltage Swell,Substation,SS-04,Medium,84.23,3
7853,269.94,8.42,50.84,Voltage Swell,Substation,SS-04,Medium,78.53,3
7854,254.85,12.47,50.9,Voltage Swell,Substation,SS-04,Medium,82.57,3
7855,256.18,17.82,50.05,Voltage Swell,Substation,SS-04,Medium,76.3,3
7856,245.54,16.26,50.53,Voltage Swell,Substation,SS-04,Medium,88.14,3
7857,257.46,10.66,50.81,Voltage Swell,Substation,SS-04,Medium,79.41,3
7858,268.39,11.01,50.17,Voltage Swell,Substation,SS-04,Medium,82.4,3
7859,246.26,8.44,50.5,Voltage Swell,Substation,SS-04,Medium,78.23,3
7860,245.23,11.55,50.48,Voltage Swell,Substation,SS-04,Medium,80.91,3
7861,248.39,14.96,50.71,Voltage Swell,Substation,SS-04,Medium,85.13,3
7862,254.84,9.65,50.5,Voltage Swell,Substation,SS-04,Medium,88.36,3
7863,256.72,10.35,50.09,Voltage Swell,Substation,SS-04,Medium,89.16,3
7864,263.58,11.76,50.3,Voltage Swell,Substation,SS-04,Medium,88.43,3
7865,249.44,14.42,50.71,Voltage Swell,Substation,SS-04,Medium,80.95,3
7866,246.0,10.73,50.9,Voltage Swell,Substation,SS-04,Medium,82.85,3
7867,265.39,14.67,50.94,Voltage Swell,Substation,SS-04,Medium,88.64,3
7868,257.07,11.82,50.6,Voltage Swell,Substation,SS-04,Medium,85.12,3
7869,257.46,17.87,50.18,Voltage Swell,Substation,SS-04,Medium,80.02,3
7870,262.16,10.96,50.44,Voltage Swell,Substation,SS-04,Medium,89.46,3
7871,260.65,19.39,50.72,Voltage Swell,Substation,SS-04,Medium,85.87,3
7872,259.8,9.71,50.52,Voltage Swell,Substation,SS-04,Medium,78.79,3
7873,269.97,11.2,50.23,Voltage Swell,Substation,SS-04,Medium,84.36,3
7874,257.77,8.26,50.13,Voltage Swell,Substation,SS-04,Medium,87.17,3
7875,257.09,9.75,50.47,Voltage Swell,Substation,SS-04,Medium,78.8,3
7876,250.59,19.49,50.36,Voltage Swell,Substation,SS-04,Medium,75.7,3
7877,269.26,17.54,50.25,Voltage Swell,Substation,SS-04,Medium,81.13,3
7878,266.56,12.29,50.57,Voltage Swell,Substation,SS-04,Medium,83.02,3
7879,255.03,15.67,50.47,Voltage Swell,Substation,SS-04,Medium,75.32,3
7880,265.36,9.36,50.46,Voltage Swell,Substation,SS-04,Medium,83.7,3
7881,262.64,12.93,50.74,Voltage Swell,Substation,SS-04,Medium,76.97,3
7882,261.34,17.92,50.89,Voltage Swell,Substation,SS-04,Medium,83.69,3
7883,252.82,9.96,50.35,Voltage Swell,Substation,SS-04,Medium,83.1,3
7884,249.91,19.43,50.9,Voltage Swell,Substation,SS-04,Medium,75.49,3
7885,259.05,17.47,50.25,Voltage Swell,Substation,SS-04,Medium,82.86,3
7886,255.15,10.36,50.61,Voltage Swell,Substation,SS-04,Medium,89.91,3
7887,254.13,14.63,50.33,Voltage Swell,Substation,SS-04,Medium,88.15,3
7888,266.62,10.15,50.9,Voltage Swell,Substation,SS-04,Medium,77.27,3
7889,247.39,15.84,50.39,Voltage Swell,Substation,SS-04,Medium,82.96,3
7890,261.31,8.63,50.29,Voltage Swell,Substation,SS-04,Medium,81.91,3
7891,251.66,8.59,50.09,Voltage Swell,Substation,SS-04,Medium,87.03,3
7892,267.78,9.83,50.25,Voltage Swell,Substation,SS-04,Medium,84.78,3
7893,268.86,11.6,50.86,Voltage Swell,Substation,SS-04,Medium,82.59,3
7894,268.91,9.64,50.97,Voltage Swell,Substation,SS-04,Medium,81.61,3
7895,268.82,13.5,50.53,Voltage Swell,Substation,SS-04,Medium,87.07,3
7896,263.07,15.44,50.42,Voltage Swell,Substation,SS-04,Medium,86.89,3
7897,268.71,8.12,50.59,Voltage Swell,Substation,SS-04,Medium,87.99,3
7898,261.33,17.61,50.9,Voltage Swell,Substation,SS-04,Medium,86.26,3
7899,262.93,19.58,50.86,Voltage Swell,Substation,SS-04,Medium,87.23,3
7900,247.16,10.87,50.56,Voltage Swell,Substation,SS-04,Medium,85.64,3
7901,252.58,9.12,50.31,Voltage Swell,Substation,SS-04,Medium,86.57,3
7902,266.94,18.95,50.38,Voltage Swell,Substation,SS-04,Medium,80.59,3
7903,255.17,12.51,50.67,Voltage Swell,Substation,SS-04,Medium,80.37,3
7904,245.51,13.27,50.22,Voltage Swell,Substation,SS-04,Medium,75.43,3
7905,256.77,10.47,50.45,Voltage Swell,Substation,SS-04,Medium,79.17,3
7906,260.09,19.89,50.55,Voltage Swell,Substation,SS-04,Medium,84.7,3
7907,267.98,12.49,50.17,Voltage Swell,Substation,SS-04,Medium,79.24,3
7908,255.07,15.74,50.0,Voltage Swell,Substation,SS-04,Medium,87.8,3
7909,246.9,18.81,50.95,Voltage Swell,Substation,SS-04,Medium,89.85,3
7910,265.24,9.7,50.71,Voltage Swell,Substation,SS-04,Medium,78.05,3
7911,267.43,11.8,50.33,Voltage Swell,Substation,SS-04,Medium,88.76,3
7912,245.33,10.33,50.42,Voltage Swell,Substation,SS-04,Medium,85.51,3
7913,261.19,16.03,50.88,Voltage Swell,Substation,SS-04,Medium,76.82,3
7914,258.05,16.71,50.64,Voltage Swell,Substation,SS-04,Medium,81.72,3
7915,245.43,8.73,50.12,Voltage Swell,Substation,SS-04,Medium,80.15,3
7916,247.94,13.11,50.18,Voltage Swell,Substation,SS-04,Medium,86.69,3
7917,266.79,12.68,50.51,Voltage Swell,Substation,SS-04,Medium,89.3,3
7918,258.39,19.94,50.14,Voltage Swell,Substation,SS-04,Medium,87.93,3
7919,257.43,8.27,50.97,Voltage Swell,Substation,SS-04,Medium,89.48,3
7920,254.58,19.45,50.14,Voltage Swell,Substation,SS-04,Medium,85.2,3
7921,249.8,10.96,50.78,Voltage Swell,Substation,SS-04,Medium,80.66,3
7922,245.18,12.97,50.23,Voltage Swell,Substation,SS-04,Medium,85.25,3
7923,249.86,18.11,50.27,Voltage Swell,Substation,SS-04,Medium,80.9,3
7924,252.45,15.73,50.1,Voltage Swell,Substation,SS-04,Medium,82.17,3
7925,253.36,18.61,50.07,Voltage Swell,Substation,SS-04,Medium,87.45,3
7926,249.19,9.06,50.2,Voltage Swell,Substation,SS-04,Medium,76.54,3
7927,258.02,19.86,50.03,Voltage Swell,Substation,SS-04,Medium,81.92,3
7928,254.65,12.08,50.33,Voltage Swell,Substation,SS-04,Medium,88.43,3
7929,245.47,17.3,50.25,Voltage Swell,Substation,SS-04,Medium,80.75,3
7930,255.5,11.66,50.09,Voltage Swell,Substation,SS-04,Medium,76.71,3
7931,252.45,17.86,50.13,Voltage Swell,Substation,SS-04,Medium,86.14,3
7932,252.22,18.6,50.43,Voltage Swell,Substation,SS-04,Medium,77.58,3
7933,269.65,10.12,50.57,Voltage Swell,Substation,SS-04,Medium,83.54,3
7934,254.32,19.42,50.84,Voltage Swell,Substation,SS-04,Medium,87.45,3
7935,269.35,13.49,50.1,Voltage Swell,Substation,SS-04,Medium,86.48,3
7936,254.52,10.28,50.48,Voltage Swell,Substation,SS-04,Medium,88.89,3
7937,249.28,18.18,50.42,Voltage Swell,Substation,SS-04,Medium,77.05,3
7938,266.21,19.64,50.29,Voltage Swell,Substation,SS-04,Medium,79.55,3
7939,254.76,17.77,50.01,Voltage Swell,Substation,SS-04,Medium,78.36,3
7940,262.65,12.87,50.33,Voltage Swell,Substation,SS-04,Medium,88.08,3
7941,267.93,19.38,50.27,Voltage Swell,Substation,SS-04,Medium,88.69,3
7942,263.42,9.85,50.61,Voltage Swell,Substation,SS-04,Medium,75.4,3
7943,262.71,16.8,50.79,Voltage Swell,Substation,SS-04,Medium,77.59,3
7944,260.71,10.15,50.95,Voltage Swell,Substation,SS-04,Medium,85.13,3
7945,247.38,10.24,50.66,Voltage Swell,Substation,SS-04,Medium,82.15,3
7946,263.41,11.37,50.66,Voltage Swell,Substation,SS-04,Medium,77.65,3
7947,258.59,19.49,50.63,Voltage Swell,Substation,SS-04,Medium,75.75,3
7948,269.72,9.88,50.72,Voltage Swell,Substation,SS-04,Medium,82.99,3
7949,252.36,10.13,50.18,Voltage Swell,Substation,SS-04,Medium,87.88,3
7950,266.82,13.58,50.1,Voltage Swell,Substation,SS-04,Medium,88.26,3
7951,257.18,13.27,50.41,Voltage Swell,Substation,SS-04,Medium,80.48,3
7952,258.15,15.25,50.47,Voltage Swell,Substation,SS-04,Medium,88.45,3
7953,252.94,14.94,50.3,Voltage Swell,Substation,SS-04,Medium,86.3,3
7954,247.55,10.26,50.8,Voltage Swell,Substation,SS-04,Medium,77.75,3
7955,260.64,19.64,50.52,Voltage Swell,Substation,SS-04,Medium,77.81,3
7956,253.02,17.88,50.35,Voltage Swell,Substation,SS-04,Medium,85.85,3
7957,264.43,14.01,50.78,Voltage Swell,Substation,SS-04,Medium,79.75,3
7958,257.9,16.24,50.17,Voltage Swell,Substation,SS-04,Medium,79.1,3
7959,261.3,15.86,50.49,Voltage Swell,Substation,SS-04,Medium,86.93,3
7960,257.05,18.58,50.74,Voltage Swell,Substation,SS-04,Medium,79.72,3
7961,254.88,16.01,50.89,Voltage Swell,Substation,SS-04,Medium,77.68,3
7962,257.87,9.43,50.28,Voltage Swell,Substation,SS-04,Medium,85.29,3
7963,246.94,15.95,50.9,Voltage Swell,Substation,SS-04,Medium,89.54,3
7964,250.42,16.99,50.93,Voltage Swell,Substation,SS-04,Medium,76.37,3
7965,255.35,19.03,50.2,Voltage Swell,Substation,SS-04,Medium,89.01,3
7966,258.18,9.2,50.45,Voltage Swell,Substation,SS-04,Medium,79.89,3
7967,252.06,14.5,50.48,Voltage Swell,Substation,SS-04,Medium,82.23,3
7968,247.2,17.63,50.48,Voltage Swell,Substation,SS-04,Medium,87.31,3
7969,265.61,11.81,50.0,Voltage Swell,Substation,SS-04,Medium,88.67,3
7970,264.02,9.29,50.7,Voltage Swell,Substation,SS-04,Medium,75.3,3
7971,245.69,14.31,50.1,Voltage Swell,Substation,SS-04,Medium,89.47,3
7972,267.35,15.8,50.06,Voltage Swell,Substation,SS-04,Medium,79.87,3
7973,254.29,13.77,50.17,Voltage Swell,Substation,SS-04,Medium,83.66,3
7974,255.89,19.37,50.94,Voltage Swell,Substation,SS-04,Medium,83.48,3
7975,261.11,9.65,50.22,Voltage Swell,Substation,SS-04,Medium,88.51,3
7976,262.48,10.27,50.57,Voltage Swell,Substation,SS-04,Medium,89.02,3
7977,253.63,10.23,50.94,Voltage Swell,Substation,SS-04,Medium,81.92,3
7978,255.43,11.21,50.89,Voltage Swell,Substation,SS-04,Medium,87.68,3
7979,255.07,8.37,50.45,Voltage Swell,Substation,SS-04,Medium,77.71,3
7980,248.57,12.72,50.1,Voltage Swell,Substation,SS-04,Medium,89.36,3
7981,246.19,12.82,50.16,Voltage Swell,Substation,SS-04,Medium,85.33,3
7982,246.97,14.56,50.77,Voltage Swell,Substation,SS-04,Medium,89.25,3
7983,262.46,9.19,50.09,Voltage Swell,Substation,SS-04,Medium,85.97,3
7984,250.38,13.37,50.98,Voltage Swell,Substation,SS-04,Medium,87.3,3
7985,266.16,18.33,50.62,Voltage Swell,Substation,SS-04,Medium,86.16,3
7986,253.97,19.98,50.28,Voltage Swell,Substation,SS-04,Medium,83.85,3
7987,252.05,9.34,50.57,Voltage Swell,Substation,SS-04,Medium,80.3,3
7988,259.58,14.7,50.54,Voltage Swell,Substation,SS-04,Medium,76.85,3
7989,256.0,17.74,50.32,Voltage Swell,Substation,SS-04,Medium,81.66,3
7990,257.35,18.35,50.66,Voltage Swell,Substation,SS-04,Medium,76.5,3
7991,266.63,17.98,50.75,Voltage Swell,Substation,SS-04,Medium,81.99,3
7992,263.94,13.74,50.74,Voltage Swell,Substation,SS-04,Medium,88.2,3
7993,267.26,13.45,50.86,Voltage Swell,Substation,SS-04,Medium,76.52,3
7994,247.55,14.58,50.65,Voltage Swell,Substation,SS-04,Medium,77.29,3
7995,256.8,9.13,50.6,Voltage Swell,Substation,SS-04,Medium,87.83,3
7996,263.44,12.54,50.99,Voltage Swell,Substation,SS-04,Medium,84.94,3
7997,265.38,16.04,50.99,Voltage Swell,Substation,SS-04,Medium,87.32,3
7998,257.99,12.4,50.68,Voltage Swell,Substation,SS-04,Medium,83.85,3
7999,260.73,12.12,50.43,Voltage Swell,Substation,SS-04,Medium,83.37,3
8000,265.98,17.15,50.12,Voltage Swell,Substation,SS-04,Medium,78.68,3
8001,245.67,8.1,50.22,Voltage Swell,Substation,SS-04,Medium,86.99,3
8002,267.62,12.7,50.56,Voltage Swell,Substation,SS-04,Medium,85.59,3
8003,268.82,18.96,50.06,Voltage Swell,Substation,SS-04,Medium,78.72,3
8004,246.23,15.4,50.71,Voltage Swell,Substation,SS-04,Medium,79.62,3
8005,266.35,13.43,51.0,Voltage Swell,Substation,SS-04,Medium,75.01,3
8006,247.74,11.62,50.03,Voltage Swell,Substation,SS-04,Medium,86.74,3
8007,246.32,16.99,50.05,Voltage Swell,Substation,SS-04,Medium,78.79,3
8008,266.03,19.41,50.41,Voltage Swell,Substation,SS-04,Medium,89.55,3
8009,260.67,12.99,50.8,Voltage Swell,Substation,SS-04,Medium,79.43,3
8010,251.64,15.88,50.39,Voltage Swell,Substation,SS-04,Medium,77.04,3
8011,246.67,17.45,50.68,Voltage Swell,Substation,SS-04,Medium,81.18,3
8012,267.41,12.93,50.71,Voltage Swell,Substation,SS-04,Medium,88.64,3
8013,266.02,14.13,50.68,Voltage Swell,Substation,SS-04,Medium,81.2,3
8014,261.18,11.09,50.43,Voltage Swell,Substation,SS-04,Medium,78.14,3
8015,245.95,15.06,50.86,Voltage Swell,Substation,SS-04,Medium,75.38,3
8016,249.9,13.52,50.67,Voltage Swell,Substation,SS-04,Medium,77.57,3
8017,246.42,14.23,50.82,Voltage Swell,Substation,SS-04,Medium,75.53,3
8018,253.73,15.96,50.13,Voltage Swell,Substation,SS-04,Medium,78.54,3
8019,258.39,19.44,50.29,Voltage Swell,Substation,SS-04,Medium,82.31,3
8020,255.0,18.77,50.07,Voltage Swell,Substation,SS-04,Medium,83.49,3
8021,266.15,19.86,50.7,Voltage Swell,Substation,SS-04,Medium,80.7,3
8022,255.3,12.22,50.6,Voltage Swell,Substation,SS-04,Medium,86.09,3
8023,265.49,13.0,50.72,Voltage Swell,Substation,SS-04,Medium,88.74,3
8024,268.02,16.45,50.64,Voltage Swell,Substation,SS-04,Medium,82.97,3
8025,249.58,9.48,50.49,Voltage Swell,Substation,SS-04,Medium,77.39,3
8026,259.42,15.75,50.53,Voltage Swell,Substation,SS-04,Medium,75.55,3
8027,246.44,9.36,50.15,Voltage Swell,Substation,SS-04,Medium,89.85,3
8028,253.61,11.5,50.05,Voltage Swell,Substation,SS-04,Medium,84.53,3
8029,261.3,10.11,50.92,Voltage Swell,Substation,SS-04,Medium,87.01,3
8030,250.76,13.83,50.46,Voltage Swell,Substation,SS-04,Medium,80.23,3
8031,265.44,9.31,50.42,Voltage Swell,Substation,SS-04,Medium,81.42,3
8032,256.72,18.34,50.22,Voltage Swell,Substation,SS-04,Medium,76.54,3
8033,260.45,10.09,50.07,Voltage Swell,Substation,SS-04,Medium,81.4,3
8034,250.49,12.33,50.26,Voltage Swell,Substation,SS-04,Medium,76.39,3
8035,259.01,8.32,50.97,Voltage Swell,Substation,SS-04,Medium,80.12,3
8036,262.38,17.72,50.28,Voltage Swell,Substation,SS-04,Medium,86.23,3
8037,265.81,10.9,50.99,Voltage Swell,Substation,SS-04,Medium,75.31,3
8038,250.43,17.36,50.19,Voltage Swell,Substation,SS-04,Medium,85.47,3
8039,266.39,19.51,50.47,Voltage Swell,Substation,SS-04,Medium,89.57,3
8040,255.29,10.62,50.51,Voltage Swell,Substation,SS-04,Medium,84.75,3
8041,256.45,14.8,50.42,Voltage Swell,Substation,SS-04,Medium,82.87,3
8042,268.81,14.0,50.25,Voltage Swell,Substation,SS-04,Medium,86.38,3
8043,253.44,17.79,50.06,Voltage Swell,Substation,SS-04,Medium,79.98,3
8044,247.36,9.02,50.66,Voltage Swell,Substation,SS-04,Medium,80.78,3
8045,266.79,14.2,50.3,Voltage Swell,Substation,SS-04,Medium,85.81,3
8046,260.6,17.6,50.64,Voltage Swell,Substation,SS-04,Medium,77.51,3
8047,261.76,12.7,50.46,Voltage Swell,Substation,SS-04,Medium,88.82,3
8048,254.0,15.34,50.36,Voltage Swell,Substation,SS-04,Medium,76.42,3
8049,256.34,15.16,50.41,Voltage Swell,Substation,SS-04,Medium,80.86,3
8050,265.51,8.36,50.3,Voltage Swell,Substation,SS-04,Medium,87.18,3
8051,268.01,12.95,50.89,Voltage Swell,Substation,SS-04,Medium,77.98,3
8052,250.54,18.15,50.9,Voltage Swell,Substation,SS-04,Medium,78.34,3
8053,246.48,9.08,50.26,Voltage Swell,Substation,SS-04,Medium,86.42,3
8054,257.75,13.47,50.58,Voltage Swell,Substation,SS-04,Medium,88.35,3
8055,247.26,16.34,50.93,Voltage Swell,Substation,SS-04,Medium,78.2,3
8056,265.94,16.38,50.01,Voltage Swell,Substation,SS-04,Medium,78.47,3
8057,260.15,14.03,50.53,Voltage Swell,Substation,SS-04,Medium,78.48,3
8058,261.88,11.2,50.39,Voltage Swell,Substation,SS-04,Medium,80.53,3
8059,261.8,9.08,50.21,Voltage Swell,Substation,SS-04,Medium,78.01,3
8060,247.71,10.49,50.61,Voltage Swell,Substation,SS-04,Medium,85.98,3
8061,261.51,13.7,50.05,Voltage Swell,Substation,SS-04,Medium,89.39,3
8062,249.2,16.02,50.91,Voltage Swell,Substation,SS-04,Medium,85.47,3
8063,250.45,11.79,50.03,Voltage Swell,Substation,SS-04,Medium,84.19,3
8064,260.32,16.71,50.01,Voltage Swell,Substation,SS-04,Medium,87.27,3
8065,263.47,9.69,50.35,Voltage Swell,Substation,SS-04,Medium,84.58,3
8066,257.39,9.38,50.09,Voltage Swell,Substation,SS-04,Medium,86.72,3
8067,248.9,10.07,50.83,Voltage Swell,Substation,SS-04,Medium,84.18,3
8068,260.12,13.75,50.57,Voltage Swell,Substation,SS-04,Medium,84.03,3
8069,269.2,10.68,50.21,Voltage Swell,Substation,SS-04,Medium,75.86,3
8070,261.45,14.59,50.11,Voltage Swell,Substation,SS-04,Medium,80.47,3
8071,249.47,11.98,50.95,Voltage Swell,Substation,SS-04,Medium,85.25,3
8072,245.19,11.03,50.01,Voltage Swell,Substation,SS-04,Medium,85.72,3
8073,256.74,19.93,50.73,Voltage Swell,Substation,SS-04,Medium,82.77,3
8074,265.12,16.46,50.24,Voltage Swell,Substation,SS-04,Medium,82.95,3
8075,258.9,13.41,50.18,Voltage Swell,Substation,SS-04,Medium,78.35,3
8076,252.03,8.12,50.92,Voltage Swell,Substation,SS-04,Medium,85.29,3
8077,262.24,14.87,50.69,Voltage Swell,Substation,SS-04,Medium,89.73,3
8078,254.63,16.55,50.36,Voltage Swell,Substation,SS-04,Medium,87.81,3
8079,266.45,18.83,50.01,Voltage Swell,Substation,SS-04,Medium,79.47,3
8080,248.35,13.45,50.5,Voltage Swell,Substation,SS-04,Medium,78.84,3
8081,263.09,11.24,50.85,Voltage Swell,Substation,SS-04,Medium,77.66,3
8082,254.18,15.47,50.61,Voltage Swell,Substation,SS-04,Medium,76.17,3
8083,266.16,15.18,50.87,Voltage Swell,Substation,SS-04,Medium,88.01,3
8084,258.65,18.93,50.85,Voltage Swell,Substation,SS-04,Medium,89.37,3
8085,266.26,17.85,50.47,Voltage Swell,Substation,SS-04,Medium,78.18,3
8086,267.77,16.67,50.28,Voltage Swell,Substation,SS-04,Medium,80.11,3
8087,262.15,13.73,50.08,Voltage Swell,Substation,SS-04,Medium,77.12,3
8088,263.64,11.94,50.51,Voltage Swell,Substation,SS-04,Medium,86.5,3
8089,263.78,10.0,50.1,Voltage Swell,Substation,SS-04,Medium,83.87,3
8090,263.54,9.79,50.37,Voltage Swell,Substation,SS-04,Medium,88.05,3
8091,268.61,13.45,50.08,Voltage Swell,Substation,SS-04,Medium,78.87,3
8092,250.82,10.87,50.49,Voltage Swell,Substation,SS-04,Medium,83.75,3
8093,248.06,18.67,50.62,Voltage Swell,Substation,SS-04,Medium,83.96,3
8094,269.68,15.54,50.93,Voltage Swell,Substation,SS-04,Medium,79.29,3
8095,251.0,14.2,50.51,Voltage Swell,Substation,SS-04,Medium,78.4,3
8096,262.49,8.36,50.69,Voltage Swell,Substation,SS-04,Medium,81.86,3
8097,262.23,13.72,50.98,Voltage Swell,Substation,SS-04,Medium,80.02,3
8098,269.56,8.78,50.68,Voltage Swell,Substation,SS-04,Medium,81.81,3
8099,265.55,17.48,50.8,Voltage Swell,Substation,SS-04,Medium,76.42,3
8100,265.56,10.57,50.03,Voltage Swell,Substation,SS-04,Medium,78.27,3
8101,256.98,16.91,50.22,Voltage Swell,Substation,SS-04,Medium,76.7,3
8102,261.15,19.81,50.6,Voltage Swell,Substation,SS-04,Medium,85.37,3
8103,259.03,17.39,50.98,Voltage Swell,Substation,SS-04,Medium,83.16,3
8104,255.42,18.32,50.97,Voltage Swell,Substation,SS-04,Medium,76.94,3
8105,259.45,17.51,50.53,Voltage Swell,Substation,SS-04,Medium,81.14,3
8106,261.38,11.24,50.35,Voltage Swell,Substation,SS-04,Medium,89.88,3
8107,260.91,18.48,50.81,Voltage Swell,Substation,SS-04,Medium,84.78,3
8108,266.02,11.45,50.64,Voltage Swell,Substation,SS-04,Medium,83.86,3
8109,260.56,10.02,50.28,Voltage Swell,Substation,SS-04,Medium,79.3,3
8110,260.05,19.67,50.95,Voltage Swell,Substation,SS-04,Medium,78.41,3
8111,252.62,8.43,50.4,Voltage Swell,Substation,SS-04,Medium,87.52,3
8112,267.89,10.84,50.27,Voltage Swell,Substation,SS-04,Medium,78.31,3
8113,253.75,17.66,50.65,Voltage Swell,Substation,SS-04,Medium,86.79,3
8114,259.58,11.09,50.23,Voltage Swell,Substation,SS-04,Medium,75.14,3
8115,264.52,18.17,50.77,Voltage Swell,Substation,SS-04,Medium,76.12,3
8116,264.06,8.55,50.11,Voltage Swell,Substation,SS-04,Medium,81.61,3
8117,256.9,17.79,50.68,Voltage Swell,Substation,SS-04,Medium,77.3,3
8118,250.65,11.43,50.12,Voltage Swell,Substation,SS-04,Medium,79.31,3
8119,263.21,10.9,50.84,Voltage Swell,Substation,SS-04,Medium,82.04,3
8120,253.07,12.95,50.71,Voltage Swell,Substation,SS-04,Medium,82.75,3
8121,245.18,19.07,50.07,Voltage Swell,Substation,SS-04,Medium,89.08,3
8122,245.7,17.25,50.53,Voltage Swell,Substation,SS-04,Medium,82.59,3
8123,246.82,10.86,50.78,Voltage Swell,Substation,SS-04,Medium,88.37,3
8124,258.23,12.24,50.06,Voltage Swell,Substation,SS-04,Medium,85.23,3
8125,251.96,8.66,50.67,Voltage Swell,Substation,SS-04,Medium,82.29,3
8126,245.3,9.33,50.7,Voltage Swell,Substation,SS-04,Medium,75.96,3
8127,266.65,11.74,50.09,Voltage Swell,Substation,SS-04,Medium,86.4,3
8128,258.11,11.68,50.41,Voltage Swell,Substation,SS-04,Medium,75.32,3
8129,261.57,12.39,50.71,Voltage Swell,Substation,SS-04,Medium,84.42,3
8130,261.28,17.51,50.63,Voltage Swell,Substation,SS-04,Medium,81.28,3
8131,254.75,9.43,50.78,Voltage Swell,Substation,SS-04,Medium,86.42,3
8132,251.16,18.35,50.59,Voltage Swell,Substation,SS-04,Medium,82.18,3
8133,245.44,12.59,50.64,Voltage Swell,Substation,SS-04,Medium,76.35,3
8134,256.49,19.92,50.72,Voltage Swell,Substation,SS-04,Medium,83.2,3
8135,258.33,8.53,50.96,Voltage Swell,Substation,SS-04,Medium,88.92,3
8136,262.06,9.19,50.21,Voltage Swell,Substation,SS-04,Medium,77.76,3
8137,257.99,10.49,50.7,Voltage Swell,Substation,SS-04,Medium,83.18,3
8138,245.44,16.93,50.19,Voltage Swell,Substation,SS-04,Medium,87.37,3
8139,253.88,12.06,50.01,Voltage Swell,Substation,SS-04,Medium,89.82,3
8140,260.3,13.07,50.1,Voltage Swell,Substation,SS-04,Medium,85.49,3
8141,252.07,19.86,50.95,Voltage Swell,Substation,SS-04,Medium,86.03,3
8142,269.28,9.27,50.28,Voltage Swell,Substation,SS-04,Medium,78.8,3
8143,246.8,19.67,50.06,Voltage Swell,Substation,SS-04,Medium,87.85,3
8144,264.2,12.51,50.02,Voltage Swell,Substation,SS-04,Medium,75.09,3
8145,250.1,13.93,50.46,Voltage Swell,Substation,SS-04,Medium,83.78,3
8146,264.3,12.53,50.16,Voltage Swell,Substation,SS-04,Medium,87.0,3
8147,253.32,11.44,50.76,Voltage Swell,Substation,SS-04,Medium,89.01,3
8148,267.87,9.65,50.5,Voltage Swell,Substation,SS-04,Medium,76.39,3
8149,269.02,10.58,50.2,Voltage Swell,Substation,SS-04,Medium,88.33,3
8150,269.2,16.37,50.12,Voltage Swell,Substation,SS-04,Medium,82.29,3
8151,265.42,14.87,50.13,Voltage Swell,Substation,SS-04,Medium,77.58,3
8152,266.6,14.32,50.71,Voltage Swell,Substation,SS-04,Medium,80.6,3
8153,258.31,19.73,50.33,Voltage Swell,Substation,SS-04,Medium,85.12,3
8154,249.31,9.46,50.78,Voltage Swell,Substation,SS-04,Medium,87.66,3
8155,261.71,9.9,50.24,Voltage Swell,Substation,SS-04,Medium,88.67,3
8156,252.22,17.83,50.29,Voltage Swell,Substation,SS-04,Medium,89.09,3
8157,267.86,8.52,50.77,Voltage Swell,Substation,SS-04,Medium,77.54,3
8158,250.38,13.52,50.58,Voltage Swell,Substation,SS-04,Medium,79.89,3
8159,259.38,10.05,50.02,Voltage Swell,Substation,SS-04,Medium,83.57,3
8160,257.94,16.28,50.65,Voltage Swell,Substation,SS-04,Medium,88.46,3
8161,256.49,8.1,50.63,Voltage Swell,Substation,SS-04,Medium,85.13,3
8162,258.04,16.27,50.32,Voltage Swell,Substation,SS-04,Medium,77.23,3
8163,261.61,10.94,50.46,Voltage Swell,Substation,SS-04,Medium,82.37,3
8164,256.93,15.18,50.03,Voltage Swell,Substation,SS-04,Medium,89.85,3
8165,262.91,13.1,50.19,Voltage Swell,Substation,SS-04,Medium,76.2,3
8166,261.8,11.8,50.23,Voltage Swell,Substation,SS-04,Medium,80.7,3
8167,259.82,16.06,50.65,Voltage Swell,Substation,SS-04,Medium,87.95,3
8168,250.47,15.64,50.1,Voltage Swell,Substation,SS-04,Medium,83.22,3
8169,259.6,10.59,50.39,Voltage Swell,Substation,SS-04,Medium,87.41,3
8170,248.71,13.21,50.93,Voltage Swell,Substation,SS-04,Medium,82.56,3
8171,263.13,17.92,50.2,Voltage Swell,Substation,SS-04,Medium,78.27,3
8172,263.96,17.04,50.06,Voltage Swell,Substation,SS-04,Medium,79.84,3
8173,254.96,17.95,50.42,Voltage Swell,Substation,SS-04,Medium,88.89,3
8174,269.92,17.37,50.67,Voltage Swell,Substation,SS-04,Medium,80.88,3
8175,246.68,14.88,50.36,Voltage Swell,Substation,SS-04,Medium,80.26,3
8176,262.19,13.56,50.75,Voltage Swell,Substation,SS-04,Medium,80.97,3
8177,248.77,13.54,50.95,Voltage Swell,Substation,SS-04,Medium,87.02,3
8178,250.14,12.7,50.93,Voltage Swell,Substation,SS-04,Medium,76.86,3
8179,251.35,11.15,50.57,Voltage Swell,Substation,SS-04,Medium,81.16,3
8180,247.0,15.55,50.1,Voltage Swell,Substation,SS-04,Medium,84.1,3
8181,257.68,13.92,50.07,Voltage Swell,Substation,SS-04,Medium,84.59,3
8182,255.78,12.93,50.6,Voltage Swell,Substation,SS-04,Medium,84.09,3
8183,245.38,9.5,50.24,Voltage Swell,Substation,SS-04,Medium,85.17,3
8184,259.42,17.09,50.74,Voltage Swell,Substation,SS-04,Medium,87.8,3
8185,254.42,12.14,50.83,Voltage Swell,Substation,SS-04,Medium,78.56,3
8186,256.53,10.33,50.91,Voltage Swell,Substation,SS-04,Medium,81.12,3
8187,250.31,16.3,50.24,Voltage Swell,Substation,SS-04,Medium,89.15,3
8188,254.19,15.98,50.35,Voltage Swell,Substation,SS-04,Medium,87.11,3
8189,267.42,17.46,50.85,Voltage Swell,Substation,SS-04,Medium,76.53,3
8190,268.1,15.49,50.87,Voltage Swell,Substation,SS-04,Medium,85.27,3
8191,250.05,15.31,50.09,Voltage Swell,Substation,SS-04,Medium,85.44,3
8192,255.23,9.82,50.98,Voltage Swell,Substation,SS-04,Medium,88.52,3
8193,267.34,17.47,50.69,Voltage Swell,Substation,SS-04,Medium,84.83,3
8194,247.65,18.81,50.88,Voltage Swell,Substation,SS-04,Medium,86.22,3
8195,268.18,14.64,50.45,Voltage Swell,Substation,SS-04,Medium,89.52,3
8196,256.6,15.7,50.37,Voltage Swell,Substation,SS-04,Medium,84.54,3
8197,263.0,15.5,50.51,Voltage Swell,Substation,SS-04,Medium,79.5,3
8198,261.1,18.9,50.01,Voltage Swell,Substation,SS-04,Medium,77.01,3
8199,247.99,19.08,50.66,Voltage Swell,Substation,SS-04,Medium,89.28,3
8200,259.57,13.54,50.79,Voltage Swell,Substation,SS-04,Medium,77.41,3
8201,254.53,13.6,50.3,Voltage Swell,Substation,SS-04,Medium,80.57,3
8202,246.95,10.38,50.34,Voltage Swell,Substation,SS-04,Medium,86.94,3
8203,249.56,12.16,50.06,Voltage Swell,Substation,SS-04,Medium,83.36,3
8204,260.28,18.39,50.82,Voltage Swell,Substation,SS-04,Medium,79.28,3
8205,248.42,9.87,50.97,Voltage Swell,Substation,SS-04,Medium,85.1,3
8206,246.06,9.64,50.49,Voltage Swell,Substation,SS-04,Medium,78.12,3
8207,265.09,14.88,50.61,Voltage Swell,Substation,SS-04,Medium,81.94,3
8208,251.4,15.07,50.72,Voltage Swell,Substation,SS-04,Medium,80.56,3
8209,257.62,18.08,50.15,Voltage Swell,Substation,SS-04,Medium,83.18,3
8210,253.71,16.43,50.02,Voltage Swell,Substation,SS-04,Medium,85.06,3
8211,247.57,8.78,50.72,Voltage Swell,Substation,SS-04,Medium,84.61,3
8212,267.37,14.24,50.53,Voltage Swell,Substation,SS-04,Medium,85.61,3
8213,253.08,8.44,50.23,Voltage Swell,Substation,SS-04,Medium,78.57,3
8214,253.39,19.32,50.8,Voltage Swell,Substation,SS-04,Medium,89.04,3
8215,269.97,13.21,50.23,Voltage Swell,Substation,SS-04,Medium,83.4,3
8216,267.03,13.59,50.51,Voltage Swell,Substation,SS-04,Medium,77.02,3
8217,255.51,12.64,50.35,Voltage Swell,Substation,SS-04,Medium,88.31,3
8218,246.48,19.67,50.01,Voltage Swell,Substation,SS-04,Medium,89.18,3
8219,258.7,16.43,50.19,Voltage Swell,Substation,SS-04,Medium,84.81,3
8220,267.05,9.67,50.13,Voltage Swell,Substation,SS-04,Medium,79.56,3
8221,249.04,9.33,50.68,Voltage Swell,Substation,SS-04,Medium,78.21,3
8222,261.68,18.34,50.65,Voltage Swell,Substation,SS-04,Medium,76.79,3
8223,259.34,12.72,50.34,Voltage Swell,Substation,SS-04,Medium,79.78,3
8224,268.24,16.91,50.13,Voltage Swell,Substation,SS-04,Medium,82.14,3
8225,252.96,19.74,50.98,Voltage Swell,Substation,SS-04,Medium,79.79,3
8226,253.8,15.19,50.48,Voltage Swell,Substation,SS-04,Medium,78.2,3
8227,261.51,12.01,50.65,Voltage Swell,Substation,SS-04,Medium,80.76,3
8228,262.51,16.01,50.51,Voltage Swell,Substation,SS-04,Medium,85.57,3
8229,256.52,9.39,50.18,Voltage Swell,Substation,SS-04,Medium,78.69,3
8230,246.58,16.54,50.37,Voltage Swell,Substation,SS-04,Medium,76.4,3
8231,265.5,16.2,50.45,Voltage Swell,Substation,SS-04,Medium,78.71,3
8232,248.79,13.5,50.89,Voltage Swell,Substation,SS-04,Medium,77.83,3
8233,259.22,19.54,50.64,Voltage Swell,Substation,SS-04,Medium,81.6,3
8234,262.91,17.89,50.59,Voltage Swell,Substation,SS-04,Medium,88.08,3
8235,257.86,17.96,50.95,Voltage Swell,Substation,SS-04,Medium,82.52,3
8236,260.13,15.31,50.78,Voltage Swell,Substation,SS-04,Medium,87.34,3
8237,245.68,16.8,50.78,Voltage Swell,Substation,SS-04,Medium,85.51,3
8238,262.84,8.5,50.44,Voltage Swell,Substation,SS-04,Medium,87.27,3
8239,268.35,10.75,50.58,Voltage Swell,Substation,SS-04,Medium,87.06,3
8240,263.81,15.43,50.02,Voltage Swell,Substation,SS-04,Medium,85.86,3
8241,264.33,16.67,50.77,Voltage Swell,Substation,SS-04,Medium,81.46,3
8242,269.84,17.25,50.58,Voltage Swell,Substation,SS-04,Medium,89.01,3
8243,267.7,17.77,50.56,Voltage Swell,Substation,SS-04,Medium,82.91,3
8244,253.22,11.01,50.51,Voltage Swell,Substation,SS-04,Medium,83.67,3
8245,251.11,19.07,50.56,Voltage Swell,Substation,SS-04,Medium,82.9,3
8246,255.89,8.7,50.88,Voltage Swell,Substation,SS-04,Medium,79.75,3
8247,261.06,15.29,50.58,Voltage Swell,Substation,SS-04,Medium,82.89,3
8248,249.54,11.37,50.52,Voltage Swell,Substation,SS-04,Medium,86.84,3
8249,255.8,10.45,50.09,Voltage Swell,Substation,SS-04,Medium,84.95,3
8250,255.58,9.5,50.67,Voltage Swell,Substation,SS-04,Medium,78.11,3
8251,257.73,11.67,50.93,Voltage Swell,Substation,SS-04,Medium,78.42,3
8252,255.5,19.51,50.32,Voltage Swell,Substation,SS-04,Medium,84.67,3
8253,252.92,9.33,50.63,Voltage Swell,Substation,SS-04,Medium,88.74,3
8254,256.31,15.51,50.61,Voltage Swell,Substation,SS-04,Medium,81.23,3
8255,260.37,11.11,50.38,Voltage Swell,Substation,SS-04,Medium,81.63,3
8256,266.6,12.18,50.64,Voltage Swell,Substation,SS-04,Medium,78.2,3
8257,251.31,15.78,50.76,Voltage Swell,Substation,SS-04,Medium,81.93,3
8258,253.38,18.92,50.14,Voltage Swell,Substation,SS-04,Medium,85.81,3
8259,262.25,16.28,50.94,Voltage Swell,Substation,SS-04,Medium,85.92,3
8260,252.54,12.24,50.39,Voltage Swell,Substation,SS-04,Medium,75.46,3
8261,267.84,8.88,50.7,Voltage Swell,Substation,SS-04,Medium,85.95,3
8262,266.09,14.64,50.73,Voltage Swell,Substation,SS-04,Medium,79.54,3
8263,263.64,12.12,50.9,Voltage Swell,Substation,SS-04,Medium,77.45,3
8264,252.89,13.99,50.78,Voltage Swell,Substation,SS-04,Medium,86.23,3
8265,250.27,9.73,50.3,Voltage Swell,Substation,SS-04,Medium,82.26,3
8266,258.48,13.15,50.66,Voltage Swell,Substation,SS-04,Medium,81.41,3
8267,268.66,11.13,50.63,Voltage Swell,Substation,SS-04,Medium,84.17,3
8268,252.04,12.94,50.37,Voltage Swell,Substation,SS-04,Medium,77.59,3
8269,256.93,12.64,50.18,Voltage Swell,Substation,SS-04,Medium,81.75,3
8270,255.55,9.58,50.13,Voltage Swell,Substation,SS-04,Medium,84.71,3
8271,262.66,19.29,50.09,Voltage Swell,Substation,SS-04,Medium,76.77,3
8272,246.3,14.39,50.62,Voltage Swell,Substation,SS-04,Medium,81.05,3
8273,264.95,16.24,50.99,Voltage Swell,Substation,SS-04,Medium,77.07,3
8274,246.46,11.3,50.02,Voltage Swell,Substation,SS-04,Medium,88.99,3
8275,252.6,14.63,50.32,Voltage Swell,Substation,SS-04,Medium,78.69,3
8276,248.81,11.84,50.62,Voltage Swell,Substation,SS-04,Medium,89.57,3
8277,258.95,14.39,50.04,Voltage Swell,Substation,SS-04,Medium,87.6,3
8278,246.12,18.87,50.54,Voltage Swell,Substation,SS-04,Medium,77.53,3
8279,256.29,19.94,50.31,Voltage Swell,Substation,SS-04,Medium,79.04,3
8280,247.95,15.17,50.09,Voltage Swell,Substation,SS-04,Medium,86.49,3
8281,267.98,19.18,50.11,Voltage Swell,Substation,SS-04,Medium,83.37,3
8282,247.43,14.86,50.81,Voltage Swell,Substation,SS-04,Medium,83.07,3
8283,266.8,17.62,50.28,Voltage Swell,Substation,SS-04,Medium,84.45,3
8284,245.19,12.75,50.24,Voltage Swell,Substation,SS-04,Medium,89.06,3
8285,255.13,15.85,50.73,Voltage Swell,Substation,SS-04,Medium,86.6,3
8286,263.39,11.47,50.69,Voltage Swell,Substation,SS-04,Medium,83.24,3
8287,259.93,8.01,50.26,Voltage Swell,Substation,SS-04,Medium,88.96,3
8288,252.25,13.26,50.19,Voltage Swell,Substation,SS-04,Medium,77.08,3
8289,250.22,14.64,50.92,Voltage Swell,Substation,SS-04,Medium,79.89,3
8290,253.09,14.77,50.36,Voltage Swell,Substation,SS-04,Medium,88.66,3
8291,254.45,13.89,50.53,Voltage Swell,Substation,SS-04,Medium,86.73,3
8292,259.1,10.87,50.12,Voltage Swell,Substation,SS-04,Medium,89.07,3
8293,265.04,8.28,50.82,Voltage Swell,Substation,SS-04,Medium,83.86,3
8294,257.97,8.15,50.78,Voltage Swell,Substation,SS-04,Medium,77.97,3
8295,263.2,8.19,50.8,Voltage Swell,Substation,SS-04,Medium,75.35,3
8296,250.9,11.22,50.16,Voltage Swell,Substation,SS-04,Medium,82.22,3
8297,252.09,19.92,50.58,Voltage Swell,Substation,SS-04,Medium,83.5,3
8298,250.52,12.9,50.12,Voltage Swell,Substation,SS-04,Medium,86.44,3
8299,253.28,17.02,50.37,Voltage Swell,Substation,SS-04,Medium,89.83,3
8300,249.28,8.02,50.59,Voltage Swell,Substation,SS-04,Medium,89.29,3
8301,261.18,9.03,50.54,Voltage Swell,Substation,SS-04,Medium,88.64,3
8302,245.16,10.0,50.81,Voltage Swell,Substation,SS-04,Medium,88.41,3
8303,262.68,19.9,50.09,Voltage Swell,Substation,SS-04,Medium,83.19,3
8304,262.12,16.43,50.79,Voltage Swell,Substation,SS-04,Medium,88.76,3
8305,254.04,8.52,50.36,Voltage Swell,Substation,SS-04,Medium,85.07,3
8306,250.34,17.72,50.22,Voltage Swell,Substation,SS-04,Medium,75.15,3
8307,257.7,16.72,50.35,Voltage Swell,Substation,SS-04,Medium,86.23,3
8308,255.96,10.06,50.09,Voltage Swell,Substation,SS-04,Medium,85.66,3
8309,254.64,18.95,50.54,Voltage Swell,Substation,SS-04,Medium,80.23,3
8310,253.72,9.58,50.59,Voltage Swell,Substation,SS-04,Medium,83.73,3
8311,265.0,10.41,50.29,Voltage Swell,Substation,SS-04,Medium,76.46,3
8312,252.38,13.14,50.96,Voltage Swell,Substation,SS-04,Medium,84.8,3
8313,264.57,11.91,50.14,Voltage Swell,Substation,SS-04,Medium,78.85,3
8314,251.41,15.0,50.34,Voltage Swell,Substation,SS-04,Medium,87.86,3
8315,269.71,12.12,50.71,Voltage Swell,Substation,SS-04,Medium,84.86,3
8316,249.86,19.02,50.2,Voltage Swell,Substation,SS-04,Medium,86.05,3
8317,253.69,12.4,50.46,Voltage Swell,Substation,SS-04,Medium,87.97,3
8318,248.51,8.65,50.4,Voltage Swell,Substation,SS-04,Medium,75.83,3
8319,262.19,17.12,50.85,Voltage Swell,Substation,SS-04,Medium,86.16,3
8320,267.91,16.98,50.94,Voltage Swell,Substation,SS-04,Medium,77.9,3
8321,257.5,19.93,50.68,Voltage Swell,Substation,SS-04,Medium,88.18,3
8322,245.76,18.46,50.7,Voltage Swell,Substation,SS-04,Medium,77.56,3
8323,245.64,11.12,50.92,Voltage Swell,Substation,SS-04,Medium,85.02,3
8324,267.99,13.35,50.94,Voltage Swell,Substation,SS-04,Medium,81.94,3
8325,250.11,9.82,50.99,Voltage Swell,Substation,SS-04,Medium,80.01,3
8326,249.0,8.1,50.29,Voltage Swell,Substation,SS-04,Medium,88.34,3
8327,258.35,15.59,50.92,Voltage Swell,Substation,SS-04,Medium,82.69,3
8328,265.96,11.89,50.98,Voltage Swell,Substation,SS-04,Medium,76.18,3
8329,263.12,15.93,50.19,Voltage Swell,Substation,SS-04,Medium,80.83,3
8330,252.82,9.13,50.58,Voltage Swell,Substation,SS-04,Medium,89.91,3
8331,258.99,14.54,50.04,Voltage Swell,Substation,SS-04,Medium,77.09,3
8332,257.83,19.82,50.88,Voltage Swell,Substation,SS-04,Medium,80.1,3
8333,258.58,14.63,50.69,Voltage Swell,Substation,SS-04,Medium,85.32,3
8334,264.74,8.3,50.94,Voltage Swell,Substation,SS-04,Medium,76.05,3
8335,256.9,19.03,50.49,Voltage Swell,Substation,SS-04,Medium,75.95,3
8336,250.73,14.94,50.09,Voltage Swell,Substation,SS-04,Medium,81.36,3
8337,253.23,17.78,50.11,Voltage Swell,Substation,SS-04,Medium,85.24,3
8338,255.16,15.05,50.21,Voltage Swell,Substation,SS-04,Medium,84.15,3
8339,261.85,8.84,50.82,Voltage Swell,Substation,SS-04,Medium,87.92,3
8340,246.59,15.24,50.59,Voltage Swell,Substation,SS-04,Medium,75.19,3
8341,253.56,19.63,50.56,Voltage Swell,Substation,SS-04,Medium,89.0,3
8342,261.89,8.34,50.08,Voltage Swell,Substation,SS-04,Medium,85.83,3
8343,258.86,9.53,50.61,Voltage Swell,Substation,SS-04,Medium,87.15,3
8344,263.82,10.95,50.26,Voltage Swell,Substation,SS-04,Medium,89.52,3
8345,267.19,11.82,50.82,Voltage Swell,Substation,SS-04,Medium,77.43,3
8346,249.92,10.17,50.09,Voltage Swell,Substation,SS-04,Medium,87.82,3
8347,259.47,11.11,50.85,Voltage Swell,Substation,SS-04,Medium,87.04,3
8348,247.52,15.73,50.72,Voltage Swell,Substation,SS-04,Medium,85.74,3
8349,263.08,10.03,50.32,Voltage Swell,Substation,SS-04,Medium,87.66,3
8350,267.46,11.35,50.02,Voltage Swell,Substation,SS-04,Medium,87.9,3
8351,254.43,11.95,50.35,Voltage Swell,Substation,SS-04,Medium,81.24,3
8352,254.46,14.8,50.08,Voltage Swell,Substation,SS-04,Medium,89.57,3
8353,268.41,19.21,50.88,Voltage Swell,Substation,SS-04,Medium,84.9,3
8354,250.53,8.59,50.1,Voltage Swell,Substation,SS-04,Medium,79.86,3
8355,257.6,19.92,50.44,Voltage Swell,Substation,SS-04,Medium,82.87,3
8356,262.38,10.17,50.93,Voltage Swell,Substation,SS-04,Medium,82.94,3
8357,251.91,19.22,50.63,Voltage Swell,Substation,SS-04,Medium,82.26,3
8358,259.5,16.98,50.15,Voltage Swell,Substation,SS-04,Medium,87.97,3
8359,268.99,14.8,50.68,Voltage Swell,Substation,SS-04,Medium,87.9,3
8360,254.37,19.91,50.68,Voltage Swell,Substation,SS-04,Medium,81.36,3
8361,261.93,14.26,50.11,Voltage Swell,Substation,SS-04,Medium,86.94,3
8362,259.11,17.55,50.15,Voltage Swell,Substation,SS-04,Medium,83.08,3
8363,264.17,19.86,50.88,Voltage Swell,Substation,SS-04,Medium,87.97,3
8364,251.19,18.06,50.17,Voltage Swell,Substation,SS-04,Medium,77.97,3
8365,247.75,18.29,50.11,Voltage Swell,Substation,SS-04,Medium,77.07,3
8366,251.15,14.87,50.88,Voltage Swell,Substation,SS-04,Medium,81.27,3
8367,258.66,10.0,50.27,Voltage Swell,Substation,SS-04,Medium,77.01,3
8368,255.25,15.08,50.28,Voltage Swell,Substation,SS-04,Medium,87.69,3
8369,269.53,9.44,50.02,Voltage Swell,Substation,SS-04,Medium,86.85,3
8370,249.77,12.24,50.39,Voltage Swell,Substation,SS-04,Medium,88.75,3
8371,261.47,8.49,50.01,Voltage Swell,Substation,SS-04,Medium,77.99,3
8372,252.95,13.81,50.84,Voltage Swell,Substation,SS-04,Medium,79.72,3
8373,254.41,11.95,50.01,Voltage Swell,Substation,SS-04,Medium,89.33,3
8374,248.47,11.45,50.13,Voltage Swell,Substation,SS-04,Medium,82.36,3
8375,268.3,9.21,50.44,Voltage Swell,Substation,SS-04,Medium,75.34,3
8376,264.27,15.69,50.7,Voltage Swell,Substation,SS-04,Medium,82.09,3
8377,267.69,12.91,50.51,Voltage Swell,Substation,SS-04,Medium,85.43,3
8378,258.01,10.27,50.32,Voltage Swell,Substation,SS-04,Medium,76.38,3
8379,255.82,15.31,50.12,Voltage Swell,Substation,SS-04,Medium,84.46,3
8380,267.32,12.05,50.22,Voltage Swell,Substation,SS-04,Medium,88.4,3
8381,262.3,9.26,50.41,Voltage Swell,Substation,SS-04,Medium,85.11,3
8382,259.36,15.42,50.57,Voltage Swell,Substation,SS-04,Medium,86.97,3
8383,253.01,16.5,50.99,Voltage Swell,Substation,SS-04,Medium,80.85,3
8384,264.78,10.95,50.28,Voltage Swell,Substation,SS-04,Medium,89.02,3
8385,245.65,10.61,50.48,Voltage Swell,Substation,SS-04,Medium,81.03,3
8386,260.73,10.31,50.07,Voltage Swell,Substation,SS-04,Medium,80.54,3
8387,258.11,14.74,50.6,Voltage Swell,Substation,SS-04,Medium,83.23,3
8388,251.14,17.17,50.09,Voltage Swell,Substation,SS-04,Medium,77.98,3
8389,263.48,11.36,50.49,Voltage Swell,Substation,SS-04,Medium,79.91,3
8390,257.67,12.16,50.99,Voltage Swell,Substation,SS-04,Medium,80.36,3
8391,260.68,18.66,50.64,Voltage Swell,Substation,SS-04,Medium,83.49,3
8392,259.23,13.96,50.81,Voltage Swell,Substation,SS-04,Medium,75.76,3
8393,267.13,15.04,50.85,Voltage Swell,Substation,SS-04,Medium,75.16,3
8394,266.73,9.44,50.72,Voltage Swell,Substation,SS-04,Medium,81.25,3
8395,262.03,15.54,50.16,Voltage Swell,Substation,SS-04,Medium,82.72,3
8396,251.93,14.73,50.74,Voltage Swell,Substation,SS-04,Medium,76.22,3
8397,257.89,15.41,50.3,Voltage Swell,Substation,SS-04,Medium,89.3,3
8398,258.01,10.19,50.11,Voltage Swell,Substation,SS-04,Medium,83.12,3
8399,254.38,10.31,50.03,Voltage Swell,Substation,SS-04,Medium,83.5,3
8400,259.97,9.7,50.6,Voltage Swell,Substation,SS-04,Medium,89.28,3
8401,269.46,18.66,50.81,Voltage Swell,Substation,SS-04,Medium,78.14,3
8402,248.91,13.34,50.62,Voltage Swell,Substation,SS-04,Medium,87.76,3
8403,250.8,13.76,50.65,Voltage Swell,Substation,SS-04,Medium,81.68,3
8404,256.35,10.7,50.99,Voltage Swell,Substation,SS-04,Medium,82.13,3
8405,258.32,10.62,50.51,Voltage Swell,Substation,SS-04,Medium,78.83,3
8406,250.06,11.31,50.0,Voltage Swell,Substation,SS-04,Medium,83.55,3
8407,254.69,18.78,50.04,Voltage Swell,Substation,SS-04,Medium,75.65,3
8408,267.15,9.52,50.0,Voltage Swell,Substation,SS-04,Medium,77.68,3
8409,265.6,17.63,50.34,Voltage Swell,Substation,SS-04,Medium,85.02,3
8410,257.68,18.86,50.06,Voltage Swell,Substation,SS-04,Medium,87.2,3
8411,249.26,12.7,50.19,Voltage Swell,Substation,SS-04,Medium,85.54,3
8412,261.96,14.57,50.7,Voltage Swell,Substation,SS-04,Medium,84.59,3
8413,264.41,10.87,50.43,Voltage Swell,Substation,SS-04,Medium,77.27,3
8414,255.74,16.42,50.69,Voltage Swell,Substation,SS-04,Medium,85.64,3
8415,252.72,15.95,50.37,Voltage Swell,Substation,SS-04,Medium,89.17,3
8416,253.58,15.24,50.75,Voltage Swell,Substation,SS-04,Medium,88.6,3
8417,255.95,12.33,50.43,Voltage Swell,Substation,SS-04,Medium,79.86,3
8418,261.35,19.19,50.13,Voltage Swell,Substation,SS-04,Medium,83.41,3
8419,267.44,9.2,50.49,Voltage Swell,Substation,SS-04,Medium,87.98,3
8420,267.51,14.17,50.02,Voltage Swell,Substation,SS-04,Medium,76.58,3
8421,259.67,9.49,50.15,Voltage Swell,Substation,SS-04,Medium,86.58,3
8422,263.77,18.11,50.11,Voltage Swell,Substation,SS-04,Medium,77.97,3
8423,265.82,16.65,50.81,Voltage Swell,Substation,SS-04,Medium,89.85,3
8424,266.61,14.25,50.31,Voltage Swell,Substation,SS-04,Medium,83.55,3
8425,260.96,12.02,50.77,Voltage Swell,Substation,SS-04,Medium,76.39,3
8426,264.48,8.38,50.5,Voltage Swell,Substation,SS-04,Medium,87.92,3
8427,247.16,14.21,50.16,Voltage Swell,Substation,SS-04,Medium,88.42,3
8428,265.81,19.21,50.87,Voltage Swell,Substation,SS-04,Medium,86.05,3
8429,249.62,11.63,50.5,Voltage Swell,Substation,SS-04,Medium,83.83,3
8430,264.55,10.72,50.13,Voltage Swell,Substation,SS-04,Medium,82.24,3
8431,248.95,16.32,50.58,Voltage Swell,Substation,SS-04,Medium,86.12,3
8432,246.59,19.58,50.0,Voltage Swell,Substation,SS-04,Medium,79.88,3
8433,261.99,8.54,50.08,Voltage Swell,Substation,SS-04,Medium,76.15,3
8434,259.54,18.75,50.56,Voltage Swell,Substation,SS-04,Medium,84.05,3
8435,253.65,8.22,50.02,Voltage Swell,Substation,SS-04,Medium,88.32,3
8436,247.56,20.0,50.16,Voltage Swell,Substation,SS-04,Medium,85.12,3
8437,268.72,12.35,50.73,Voltage Swell,Substation,SS-04,Medium,80.26,3
8438,252.62,10.42,50.82,Voltage Swell,Substation,SS-04,Medium,78.86,3
8439,252.08,19.99,50.33,Voltage Swell,Substation,SS-04,Medium,81.34,3
8440,269.75,12.43,50.37,Voltage Swell,Substation,SS-04,Medium,87.42,3
8441,252.8,10.81,50.42,Voltage Swell,Substation,SS-04,Medium,85.51,3
8442,246.08,12.49,50.35,Voltage Swell,Substation,SS-04,Medium,78.67,3
8443,261.36,11.48,50.61,Voltage Swell,Substation,SS-04,Medium,82.57,3
8444,250.43,11.2,50.17,Voltage Swell,Substation,SS-04,Medium,75.85,3
8445,260.48,16.07,50.17,Voltage Swell,Substation,SS-04,Medium,84.23,3
8446,269.55,8.89,50.49,Voltage Swell,Substation,SS-04,Medium,86.0,3
8447,246.15,17.34,50.98,Voltage Swell,Substation,SS-04,Medium,76.33,3
8448,265.56,12.54,50.14,Voltage Swell,Substation,SS-04,Medium,82.4,3
8449,246.79,14.27,50.02,Voltage Swell,Substation,SS-04,Medium,85.93,3
8450,257.2,13.51,50.2,Voltage Swell,Substation,SS-04,Medium,80.42,3
8451,249.55,16.82,50.2,Voltage Swell,Substation,SS-04,Medium,84.25,3
8452,251.99,15.88,50.54,Voltage Swell,Substation,SS-04,Medium,81.35,3
8453,261.83,12.99,50.82,Voltage Swell,Substation,SS-04,Medium,85.94,3
8454,258.52,18.52,50.83,Voltage Swell,Substation,SS-04,Medium,82.98,3
8455,246.71,14.79,50.36,Voltage Swell,Substation,SS-04,Medium,83.1,3
8456,261.18,15.74,50.67,Voltage Swell,Substation,SS-04,Medium,85.19,3
8457,247.73,10.3,50.63,Voltage Swell,Substation,SS-04,Medium,81.12,3
8458,264.07,9.5,50.19,Voltage Swell,Substation,SS-04,Medium,83.38,3
8459,257.52,11.2,50.41,Voltage Swell,Substation,SS-04,Medium,75.52,3
8460,245.93,9.14,50.58,Voltage Swell,Substation,SS-04,Medium,87.96,3
8461,251.51,8.41,50.71,Voltage Swell,Substation,SS-04,Medium,87.83,3
8462,248.45,12.63,50.16,Voltage Swell,Substation,SS-04,Medium,76.6,3
8463,261.2,19.61,50.68,Voltage Swell,Substation,SS-04,Medium,89.77,3
8464,255.86,18.77,50.21,Voltage Swell,Substation,SS-04,Medium,76.77,3
8465,262.56,12.46,50.32,Voltage Swell,Substation,SS-04,Medium,85.07,3
8466,253.34,14.87,50.3,Voltage Swell,Substation,SS-04,Medium,86.76,3
8467,252.81,14.42,50.02,Voltage Swell,Substation,SS-04,Medium,86.88,3
8468,260.51,10.31,50.22,Voltage Swell,Substation,SS-04,Medium,78.94,3
8469,259.41,14.58,50.27,Voltage Swell,Substation,SS-04,Medium,85.41,3
8470,267.23,8.52,50.42,Voltage Swell,Substation,SS-04,Medium,83.9,3
8471,259.66,8.23,50.21,Voltage Swell,Substation,SS-04,Medium,75.93,3
8472,259.22,15.74,50.16,Voltage Swell,Substation,SS-04,Medium,80.0,3
8473,253.25,17.84,50.19,Voltage Swell,Substation,SS-04,Medium,83.22,3
8474,264.57,17.95,50.67,Voltage Swell,Substation,SS-04,Medium,79.49,3
8475,265.58,16.91,50.7,Voltage Swell,Substation,SS-04,Medium,76.01,3
8476,246.08,16.34,50.94,Voltage Swell,Substation,SS-04,Medium,86.61,3
8477,265.79,14.54,50.3,Voltage Swell,Substation,SS-04,Medium,85.17,3
8478,262.8,16.1,50.95,Voltage Swell,Substation,SS-04,Medium,80.51,3
8479,245.99,18.9,50.16,Voltage Swell,Substation,SS-04,Medium,85.46,3
8480,266.83,11.72,50.83,Voltage Swell,Substation,SS-04,Medium,79.98,3
8481,264.86,8.84,50.66,Voltage Swell,Substation,SS-04,Medium,85.16,3
8482,257.29,16.25,50.92,Voltage Swell,Substation,SS-04,Medium,86.01,3
8483,269.03,13.38,50.53,Voltage Swell,Substation,SS-04,Medium,78.96,3
8484,269.64,8.66,50.36,Voltage Swell,Substation,SS-04,Medium,79.47,3
8485,254.66,19.01,50.37,Voltage Swell,Substation,SS-04,Medium,88.75,3
8486,255.58,18.26,50.52,Voltage Swell,Substation,SS-04,Medium,79.67,3
8487,256.23,13.09,50.26,Voltage Swell,Substation,SS-04,Medium,79.34,3
8488,249.66,12.03,50.62,Voltage Swell,Substation,SS-04,Medium,80.8,3
8489,262.81,19.84,50.38,Voltage Swell,Substation,SS-04,Medium,81.94,3
8490,249.1,12.71,50.73,Voltage Swell,Substation,SS-04,Medium,78.26,3
8491,249.55,12.52,50.82,Voltage Swell,Substation,SS-04,Medium,84.35,3
8492,268.94,18.85,50.15,Voltage Swell,Substation,SS-04,Medium,75.64,3
8493,254.98,14.26,50.52,Voltage Swell,Substation,SS-04,Medium,77.01,3
8494,248.12,8.56,50.85,Voltage Swell,Substation,SS-04,Medium,89.22,3
8495,247.89,10.56,50.09,Voltage Swell,Substation,SS-04,Medium,88.16,3
8496,268.97,11.14,50.3,Voltage Swell,Substation,SS-04,Medium,80.44,3
8497,257.56,16.19,50.5,Voltage Swell,Substation,SS-04,Medium,89.27,3
8498,247.5,17.58,50.33,Voltage Swell,Substation,SS-04,Medium,80.66,3
8499,262.72,19.15,50.72,Voltage Swell,Substation,SS-04,Medium,86.64,3
8500,263.77,11.85,50.76,Voltage Swell,Substation,SS-04,Medium,86.77,3
8501,258.34,14.44,50.76,Voltage Swell,Substation,SS-04,Medium,87.26,3
8502,253.43,17.62,50.81,Voltage Swell,Substation,SS-04,Medium,78.51,3
8503,262.92,10.24,50.09,Voltage Swell,Substation,SS-04,Medium,83.62,3
8504,267.72,8.43,50.83,Voltage Swell,Substation,SS-04,Medium,82.6,3
8505,266.52,18.12,50.88,Voltage Swell,Substation,SS-04,Medium,86.53,3
8506,266.07,10.11,50.3,Voltage Swell,Substation,SS-04,Medium,78.64,3
8507,263.56,9.84,50.18,Voltage Swell,Substation,SS-04,Medium,88.18,3
8508,262.65,18.5,50.14,Voltage Swell,Substation,SS-04,Medium,80.98,3
8509,252.08,8.12,50.28,Voltage Swell,Substation,SS-04,Medium,80.69,3
8510,247.31,14.8,50.38,Voltage Swell,Substation,SS-04,Medium,75.7,3
8511,262.6,16.75,50.83,Voltage Swell,Substation,SS-04,Medium,82.28,3
8512,269.22,18.97,50.55,Voltage Swell,Substation,SS-04,Medium,81.67,3
8513,245.08,16.53,50.56,Voltage Swell,Substation,SS-04,Medium,89.06,3
8514,259.86,19.91,50.85,Voltage Swell,Substation,SS-04,Medium,89.3,3
8515,253.19,9.79,50.8,Voltage Swell,Substation,SS-04,Medium,86.79,3
8516,250.29,17.18,50.58,Voltage Swell,Substation,SS-04,Medium,76.64,3
8517,257.54,19.17,50.51,Voltage Swell,Substation,SS-04,Medium,86.83,3
8518,245.72,16.74,50.95,Voltage Swell,Substation,SS-04,Medium,82.49,3
8519,253.44,15.76,50.92,Voltage Swell,Substation,SS-04,Medium,77.65,3
8520,255.09,9.88,50.5,Voltage Swell,Substation,SS-04,Medium,83.11,3
8521,268.61,12.95,50.57,Voltage Swell,Substation,SS-04,Medium,88.28,3
8522,253.04,16.09,50.76,Voltage Swell,Substation,SS-04,Medium,79.96,3
8523,249.11,14.03,50.36,Voltage Swell,Substation,SS-04,Medium,79.0,3
8524,269.34,14.03,50.86,Voltage Swell,Substation,SS-04,Medium,77.93,3
8525,268.49,17.53,50.81,Voltage Swell,Substation,SS-04,Medium,80.85,3
8526,257.14,15.12,50.79,Voltage Swell,Substation,SS-04,Medium,87.74,3
8527,246.95,18.85,50.94,Voltage Swell,Substation,SS-04,Medium,83.89,3
8528,249.67,17.82,50.55,Voltage Swell,Substation,SS-04,Medium,87.26,3
8529,265.37,9.04,50.61,Voltage Swell,Substation,SS-04,Medium,82.25,3
8530,268.65,11.56,50.21,Voltage Swell,Substation,SS-04,Medium,88.46,3
8531,248.72,16.24,50.3,Voltage Swell,Substation,SS-04,Medium,83.52,3
8532,260.41,13.01,50.97,Voltage Swell,Substation,SS-04,Medium,76.98,3
8533,254.78,13.16,50.63,Voltage Swell,Substation,SS-04,Medium,81.11,3
8534,247.43,19.37,50.42,Voltage Swell,Substation,SS-04,Medium,80.14,3
8535,256.17,10.6,50.1,Voltage Swell,Substation,SS-04,Medium,77.23,3
8536,249.17,10.37,50.42,Voltage Swell,Substation,SS-04,Medium,84.36,3
8537,260.72,8.0,50.92,Voltage Swell,Substation,SS-04,Medium,87.34,3
8538,269.1,12.32,50.66,Voltage Swell,Substation,SS-04,Medium,77.52,3
8539,265.43,9.94,50.33,Voltage Swell,Substation,SS-04,Medium,82.36,3
8540,259.86,14.72,50.1,Voltage Swell,Substation,SS-04,Medium,81.33,3
8541,268.07,18.47,50.59,Voltage Swell,Substation,SS-04,Medium,83.58,3
8542,247.79,10.4,50.25,Voltage Swell,Substation,SS-04,Medium,82.32,3
8543,263.28,13.53,50.13,Voltage Swell,Substation,SS-04,Medium,81.59,3
8544,249.07,17.01,50.17,Voltage Swell,Substation,SS-04,Medium,82.24,3
8545,262.34,10.74,50.08,Voltage Swell,Substation,SS-04,Medium,83.45,3
8546,246.36,15.05,50.75,Voltage Swell,Substation,SS-04,Medium,79.94,3
8547,257.21,19.15,50.47,Voltage Swell,Substation,SS-04,Medium,89.95,3
8548,248.93,16.51,50.65,Voltage Swell,Substation,SS-04,Medium,88.08,3
8549,247.31,11.36,50.13,Voltage Swell,Substation,SS-04,Medium,89.0,3
8550,255.67,18.92,50.29,Voltage Swell,Substation,SS-04,Medium,76.9,3
8551,252.41,15.17,50.85,Voltage Swell,Substation,SS-04,Medium,80.78,3
8552,267.87,10.93,50.69,Voltage Swell,Substation,SS-04,Medium,86.04,3
8553,251.85,8.32,50.37,Voltage Swell,Substation,SS-04,Medium,75.68,3
8554,267.52,19.44,50.74,Voltage Swell,Substation,SS-04,Medium,85.9,3
8555,251.02,8.89,50.8,Voltage Swell,Substation,SS-04,Medium,83.39,3
8556,262.04,17.36,50.41,Voltage Swell,Substation,SS-04,Medium,77.17,3
8557,264.88,13.45,50.83,Voltage Swell,Substation,SS-04,Medium,81.57,3
8558,250.43,10.05,50.74,Voltage Swell,Substation,SS-04,Medium,83.62,3
8559,255.12,13.91,50.55,Voltage Swell,Substation,SS-04,Medium,78.59,3
8560,254.45,11.51,50.39,Voltage Swell,Substation,SS-04,Medium,82.51,3
8561,249.33,12.72,50.39,Voltage Swell,Substation,SS-04,Medium,79.29,3
8562,269.96,8.88,50.64,Voltage Swell,Substation,SS-04,Medium,77.62,3
8563,265.99,18.97,50.4,Voltage Swell,Substation,SS-04,Medium,87.35,3
8564,251.25,9.68,50.32,Voltage Swell,Substation,SS-04,Medium,80.13,3
8565,254.93,12.48,50.41,Voltage Swell,Substation,SS-04,Medium,85.65,3
8566,251.14,8.22,50.49,Voltage Swell,Substation,SS-04,Medium,81.72,3
8567,246.5,9.61,50.51,Voltage Swell,Substation,SS-04,Medium,78.52,3
8568,266.94,10.08,50.02,Voltage Swell,Substation,SS-04,Medium,81.71,3
8569,269.65,15.61,50.35,Voltage Swell,Substation,SS-04,Medium,75.25,3
8570,257.12,10.48,50.65,Voltage Swell,Substation,SS-04,Medium,83.75,3
8571,251.63,8.83,50.76,Voltage Swell,Substation,SS-04,Medium,83.78,3
8572,266.05,11.12,50.65,Voltage Swell,Substation,SS-04,Medium,76.78,3
8573,252.3,15.88,50.83,Voltage Swell,Substation,SS-04,Medium,79.81,3
8574,264.97,16.13,50.35,Voltage Swell,Substation,SS-04,Medium,88.15,3
8575,257.73,15.78,50.5,Voltage Swell,Substation,SS-04,Medium,81.79,3
8576,266.2,11.54,50.04,Voltage Swell,Substation,SS-04,Medium,88.2,3
8577,265.63,12.4,50.19,Voltage Swell,Substation,SS-04,Medium,85.13,3
8578,246.97,13.09,50.09,Voltage Swell,Substation,SS-04,Medium,83.97,3
8579,245.68,15.55,50.67,Voltage Swell,Substation,SS-04,Medium,82.31,3
8580,249.38,9.22,50.31,Voltage Swell,Substation,SS-04,Medium,81.98,3
8581,261.06,8.02,50.71,Voltage Swell,Substation,SS-04,Medium,85.69,3
8582,256.11,12.12,50.84,Voltage Swell,Substation,SS-04,Medium,86.77,3
8583,269.58,12.46,50.91,Voltage Swell,Substation,SS-04,Medium,76.31,3
8584,255.29,13.58,50.44,Voltage Swell,Substation,SS-04,Medium,84.38,3
8585,249.26,18.4,50.55,Voltage Swell,Substation,SS-04,Medium,88.56,3
8586,245.07,15.56,50.41,Voltage Swell,Substation,SS-04,Medium,82.58,3
8587,263.6,10.73,50.2,Voltage Swell,Substation,SS-04,Medium,85.55,3
8588,258.03,10.8,50.48,Voltage Swell,Substation,SS-04,Medium,81.89,3
8589,262.29,8.03,50.59,Voltage Swell,Substation,SS-04,Medium,84.09,3
8590,263.64,18.67,50.44,Voltage Swell,Substation,SS-04,Medium,80.14,3
8591,247.56,12.04,50.07,Voltage Swell,Substation,SS-04,Medium,87.04,3
8592,265.18,13.01,50.26,Voltage Swell,Substation,SS-04,Medium,76.77,3
8593,266.28,18.53,50.27,Voltage Swell,Substation,SS-04,Medium,84.33,3
8594,251.47,10.7,50.02,Voltage Swell,Substation,SS-04,Medium,83.66,3
8595,248.75,8.15,50.1,Voltage Swell,Substation,SS-04,Medium,79.71,3
8596,261.73,10.43,50.89,Voltage Swell,Substation,SS-04,Medium,79.33,3
8597,253.28,10.62,50.25,Voltage Swell,Substation,SS-04,Medium,76.11,3
8598,252.37,18.32,50.69,Voltage Swell,Substation,SS-04,Medium,88.13,3
8599,247.62,13.47,50.23,Voltage Swell,Substation,SS-04,Medium,85.82,3
8600,269.26,17.78,50.04,Voltage Swell,Substation,SS-04,Medium,79.75,3
8601,245.71,8.48,50.08,Voltage Swell,Substation,SS-04,Medium,79.14,3
8602,252.61,12.81,50.4,Voltage Swell,Substation,SS-04,Medium,86.57,3
8603,248.54,9.89,50.63,Voltage Swell,Substation,SS-04,Medium,83.58,3
8604,248.85,18.23,50.33,Voltage Swell,Substation,SS-04,Medium,80.5,3
8605,255.51,11.87,50.56,Voltage Swell,Substation,SS-04,Medium,80.83,3
8606,251.49,18.85,50.31,Voltage Swell,Substation,SS-04,Medium,85.48,3
8607,253.68,13.22,50.24,Voltage Swell,Substation,SS-04,Medium,86.28,3
8608,263.43,8.27,50.06,Voltage Swell,Substation,SS-04,Medium,88.84,3
8609,267.22,14.07,50.49,Voltage Swell,Substation,SS-04,Medium,87.19,3
8610,248.46,15.84,50.48,Voltage Swell,Substation,SS-04,Medium,86.15,3
8611,245.75,15.11,50.56,Voltage Swell,Substation,SS-04,Medium,87.61,3
8612,261.92,18.56,50.89,Voltage Swell,Substation,SS-04,Medium,81.12,3
8613,248.44,15.56,50.87,Voltage Swell,Substation,SS-04,Medium,76.12,3
8614,258.95,9.38,50.03,Voltage Swell,Substation,SS-04,Medium,85.19,3
8615,262.05,15.21,50.86,Voltage Swell,Substation,SS-04,Medium,76.21,3
8616,247.63,18.37,50.5,Voltage Swell,Substation,SS-04,Medium,79.1,3
8617,263.45,18.73,50.69,Voltage Swell,Substation,SS-04,Medium,86.88,3
8618,252.06,11.47,50.86,Voltage Swell,Substation,SS-04,Medium,84.22,3
8619,250.85,14.29,50.69,Voltage Swell,Substation,SS-04,Medium,78.28,3
8620,261.37,8.51,50.3,Voltage Swell,Substation,SS-04,Medium,85.11,3
8621,248.73,10.67,50.88,Voltage Swell,Substation,SS-04,Medium,85.11,3
8622,257.47,10.53,50.34,Voltage Swell,Substation,SS-04,Medium,83.61,3
8623,248.88,13.78,50.41,Voltage Swell,Substation,SS-04,Medium,82.15,3
8624,247.64,9.28,50.96,Voltage Swell,Substation,SS-04,Medium,89.69,3
8625,255.65,17.47,50.66,Voltage Swell,Substation,SS-04,Medium,76.75,3
8626,252.42,11.76,50.6,Voltage Swell,Substation,SS-04,Medium,83.7,3
8627,268.09,17.48,50.86,Voltage Swell,Substation,SS-04,Medium,88.37,3
8628,265.03,11.99,50.22,Voltage Swell,Substation,SS-04,Medium,83.58,3
8629,262.24,12.64,50.85,Voltage Swell,Substation,SS-04,Medium,89.41,3
8630,259.23,13.48,50.84,Voltage Swell,Substation,SS-04,Medium,75.36,3
8631,248.23,18.15,50.73,Voltage Swell,Substation,SS-04,Medium,81.24,3
8632,267.22,12.22,50.63,Voltage Swell,Substation,SS-04,Medium,84.52,3
8633,249.61,11.42,50.92,Voltage Swell,Substation,SS-04,Medium,77.75,3
8634,249.34,13.76,50.09,Voltage Swell,Substation,SS-04,Medium,88.42,3
8635,247.5,15.4,50.34,Voltage Swell,Substation,SS-04,Medium,87.06,3
8636,259.75,12.66,50.98,Voltage Swell,Substation,SS-04,Medium,75.99,3
8637,259.44,19.87,50.69,Voltage Swell,Substation,SS-04,Medium,86.1,3
8638,245.8,8.26,50.04,Voltage Swell,Substation,SS-04,Medium,89.88,3
8639,269.49,12.01,50.29,Voltage Swell,Substation,SS-04,Medium,77.19,3
8640,253.23,12.44,50.75,Voltage Swell,Substation,SS-04,Medium,87.99,3
8641,263.67,15.76,50.77,Voltage Swell,Substation,SS-04,Medium,86.08,3
8642,256.89,12.03,50.28,Voltage Swell,Substation,SS-04,Medium,85.19,3
8643,268.98,14.97,50.91,Voltage Swell,Substation,SS-04,Medium,75.21,3
8644,264.86,18.24,50.63,Voltage Swell,Substation,SS-04,Medium,89.01,3
8645,259.75,10.89,50.22,Voltage Swell,Substation,SS-04,Medium,83.34,3
8646,267.66,8.87,50.6,Voltage Swell,Substation,SS-04,Medium,86.55,3
8647,247.89,9.4,50.37,Voltage Swell,Substation,SS-04,Medium,79.11,3
8648,249.96,10.38,50.13,Voltage Swell,Substation,SS-04,Medium,84.16,3
8649,262.2,16.44,50.53,Voltage Swell,Substation,SS-04,Medium,89.29,3
8650,267.01,19.49,50.39,Voltage Swell,Substation,SS-04,Medium,88.17,3
8651,264.07,12.08,50.11,Voltage Swell,Substation,SS-04,Medium,85.24,3
8652,248.41,11.53,50.5,Voltage Swell,Substation,SS-04,Medium,85.2,3
8653,268.16,15.12,50.67,Voltage Swell,Substation,SS-04,Medium,79.65,3
8654,262.18,13.25,50.86,Voltage Swell,Substation,SS-04,Medium,80.89,3
8655,256.71,13.19,50.81,Voltage Swell,Substation,SS-04,Medium,89.31,3
8656,253.18,13.7,50.71,Voltage Swell,Substation,SS-04,Medium,88.43,3
8657,257.34,9.31,50.37,Voltage Swell,Substation,SS-04,Medium,83.26,3
8658,255.44,10.24,50.04,Voltage Swell,Substation,SS-04,Medium,85.31,3
8659,269.82,19.03,50.68,Voltage Swell,Substation,SS-04,Medium,87.62,3
8660,251.39,15.47,50.06,Voltage Swell,Substation,SS-04,Medium,85.61,3
8661,269.25,18.33,50.53,Voltage Swell,Substation,SS-04,Medium,86.83,3
8662,268.6,10.59,50.79,Voltage Swell,Substation,SS-04,Medium,79.05,3
8663,266.92,9.18,50.18,Voltage Swell,Substation,SS-04,Medium,85.81,3
8664,249.37,9.9,50.56,Voltage Swell,Substation,SS-04,Medium,87.52,3
8665,251.71,18.09,50.81,Voltage Swell,Substation,SS-04,Medium,83.69,3
8666,261.16,8.49,50.37,Voltage Swell,Substation,SS-04,Medium,78.95,3
8667,248.75,12.68,50.35,Voltage Swell,Substation,SS-04,Medium,85.93,3
8668,259.95,18.96,50.15,Voltage Swell,Substation,SS-04,Medium,75.9,3
8669,258.37,8.01,50.79,Voltage Swell,Substation,SS-04,Medium,82.59,3
8670,257.2,12.35,50.37,Voltage Swell,Substation,SS-04,Medium,81.47,3
8671,245.4,9.0,50.51,Voltage Swell,Substation,SS-04,Medium,77.25,3
8672,264.47,11.29,50.1,Voltage Swell,Substation,SS-04,Medium,78.53,3
8673,253.93,8.42,50.14,Voltage Swell,Substation,SS-04,Medium,79.86,3
8674,252.76,17.6,50.84,Voltage Swell,Substation,SS-04,Medium,77.9,3
8675,248.1,15.61,50.8,Voltage Swell,Substation,SS-04,Medium,89.46,3
8676,245.17,12.96,50.73,Voltage Swell,Substation,SS-04,Medium,87.43,3
8677,246.56,16.17,50.29,Voltage Swell,Substation,SS-04,Medium,76.12,3
8678,257.23,9.9,50.74,Voltage Swell,Substation,SS-04,Medium,86.12,3
8679,266.05,12.53,50.01,Voltage Swell,Substation,SS-04,Medium,78.9,3
8680,256.7,16.33,50.38,Voltage Swell,Substation,SS-04,Medium,83.04,3
8681,258.11,9.98,50.62,Voltage Swell,Substation,SS-04,Medium,81.59,3
8682,265.2,16.29,50.11,Voltage Swell,Substation,SS-04,Medium,82.33,3
8683,262.56,9.04,50.79,Voltage Swell,Substation,SS-04,Medium,78.33,3
8684,257.58,19.29,50.57,Voltage Swell,Substation,SS-04,Medium,81.36,3
8685,245.17,9.6,50.58,Voltage Swell,Substation,SS-04,Medium,82.41,3
8686,254.1,19.08,50.33,Voltage Swell,Substation,SS-04,Medium,83.06,3
8687,259.22,14.33,50.48,Voltage Swell,Substation,SS-04,Medium,80.06,3
8688,267.72,13.41,50.53,Voltage Swell,Substation,SS-04,Medium,84.85,3
8689,246.69,17.38,50.51,Voltage Swell,Substation,SS-04,Medium,84.86,3
8690,264.3,18.49,50.39,Voltage Swell,Substation,SS-04,Medium,87.17,3
8691,251.47,15.92,50.1,Voltage Swell,Substation,SS-04,Medium,75.3,3
8692,247.39,11.83,50.03,Voltage Swell,Substation,SS-04,Medium,84.46,3
8693,252.91,16.84,50.05,Voltage Swell,Substation,SS-04,Medium,78.25,3
8694,255.2,12.59,50.13,Voltage Swell,Substation,SS-04,Medium,89.91,3
8695,252.11,16.65,50.22,Voltage Swell,Substation,SS-04,Medium,88.17,3
8696,254.69,18.81,50.34,Voltage Swell,Substation,SS-04,Medium,75.13,3
8697,257.93,14.3,50.12,Voltage Swell,Substation,SS-04,Medium,78.52,3
8698,264.59,8.44,50.49,Voltage Swell,Substation,SS-04,Medium,82.96,3
8699,262.22,8.45,50.59,Voltage Swell,Substation,SS-04,Medium,75.05,3
8700,251.63,14.0,50.91,Voltage Swell,Substation,SS-04,Medium,76.9,3
8701,249.23,16.03,50.37,Voltage Swell,Substation,SS-04,Medium,84.35,3
8702,269.94,19.84,50.35,Voltage Swell,Substation,SS-04,Medium,82.56,3
8703,267.62,9.11,50.45,Voltage Swell,Substation,SS-04,Medium,80.66,3
8704,252.37,19.93,50.73,Voltage Swell,Substation,SS-04,Medium,80.83,3
8705,265.73,13.88,50.87,Voltage Swell,Substation,SS-04,Medium,79.0,3
8706,250.59,10.97,50.54,Voltage Swell,Substation,SS-04,Medium,79.37,3
8707,248.68,19.94,50.9,Voltage Swell,Substation,SS-04,Medium,84.53,3
8708,267.29,19.23,50.68,Voltage Swell,Substation,SS-04,Medium,82.78,3
8709,267.05,14.81,50.13,Voltage Swell,Substation,SS-04,Medium,80.5,3
8710,256.15,19.22,50.66,Voltage Swell,Substation,SS-04,Medium,88.13,3
8711,263.94,11.72,50.72,Voltage Swell,Substation,SS-04,Medium,77.93,3
8712,255.2,17.67,50.61,Voltage Swell,Substation,SS-04,Medium,87.38,3
8713,251.37,17.0,50.2,Voltage Swell,Substation,SS-04,Medium,83.18,3
8714,255.84,14.68,50.14,Voltage Swell,Substation,SS-04,Medium,80.42,3
8715,261.67,14.7,50.55,Voltage Swell,Substation,SS-04,Medium,82.66,3
8716,268.6,19.21,50.36,Voltage Swell,Substation,SS-04,Medium,80.28,3
8717,258.87,9.15,50.3,Voltage Swell,Substation,SS-04,Medium,78.46,3
8718,250.58,15.66,50.38,Voltage Swell,Substation,SS-04,Medium,77.57,3
8719,267.19,18.49,50.86,Voltage Swell,Substation,SS-04,Medium,80.86,3
8720,246.42,9.28,50.28,Voltage Swell,Substation,SS-04,Medium,78.3,3
8721,266.85,19.84,50.82,Voltage Swell,Substation,SS-04,Medium,85.95,3
8722,259.72,17.24,50.95,Voltage Swell,Substation,SS-04,Medium,84.02,3
8723,248.87,9.97,50.58,Voltage Swell,Substation,SS-04,Medium,80.0,3
8724,267.76,15.34,50.68,Voltage Swell,Substation,SS-04,Medium,75.09,3
8725,257.47,13.17,50.71,Voltage Swell,Substation,SS-04,Medium,80.74,3
8726,269.41,16.04,50.66,Voltage Swell,Substation,SS-04,Medium,88.79,3
8727,269.88,10.37,50.81,Voltage Swell,Substation,SS-04,Medium,77.43,3
8728,256.43,9.2,50.62,Voltage Swell,Substation,SS-04,Medium,82.03,3
8729,260.72,16.14,50.62,Voltage Swell,Substation,SS-04,Medium,79.41,3
8730,265.92,14.62,50.49,Voltage Swell,Substation,SS-04,Medium,89.81,3
8731,252.09,14.34,50.68,Voltage Swell,Substation,SS-04,Medium,76.88,3
8732,253.86,17.62,50.24,Voltage Swell,Substation,SS-04,Medium,82.4,3
8733,260.77,16.05,50.73,Voltage Swell,Substation,SS-04,Medium,87.99,3
8734,254.82,16.48,50.73,Voltage Swell,Substation,SS-04,Medium,79.5,3
8735,269.2,18.38,50.29,Voltage Swell,Substation,SS-04,Medium,85.13,3
8736,262.95,13.18,50.86,Voltage Swell,Substation,SS-04,Medium,85.35,3
8737,261.45,10.65,50.41,Voltage Swell,Substation,SS-04,Medium,81.51,3
8738,263.34,15.42,50.09,Voltage Swell,Substation,SS-04,Medium,79.62,3
8739,256.83,16.84,50.74,Voltage Swell,Substation,SS-04,Medium,82.36,3
8740,247.92,11.51,50.25,Voltage Swell,Substation,SS-04,Medium,86.72,3
8741,249.5,13.58,50.67,Voltage Swell,Substation,SS-04,Medium,89.47,3
8742,269.98,19.44,50.72,Voltage Swell,Substation,SS-04,Medium,86.2,3
8743,263.98,18.35,50.95,Voltage Swell,Substation,SS-04,Medium,81.69,3
8744,255.41,13.53,50.66,Voltage Swell,Substation,SS-04,Medium,86.63,3
8745,266.76,13.47,50.36,Voltage Swell,Substation,SS-04,Medium,89.75,3
8746,250.8,10.66,50.72,Voltage Swell,Substation,SS-04,Medium,77.69,3
8747,254.99,11.51,50.17,Voltage Swell,Substation,SS-04,Medium,83.7,3
8748,254.34,13.55,50.2,Voltage Swell,Substation,SS-04,Medium,86.52,3
8749,252.87,12.11,50.25,Voltage Swell,Substation,SS-04,Medium,81.52,3
8750,256.59,14.36,50.97,Voltage Swell,Substation,SS-04,Medium,88.57,3
8751,260.23,8.47,50.61,Voltage Swell,Substation,SS-04,Medium,76.35,3
8752,262.76,12.68,50.84,Voltage Swell,Substation,SS-04,Medium,89.14,3
8753,255.43,13.53,50.59,Voltage Swell,Substation,SS-04,Medium,77.96,3
8754,268.18,13.2,50.17,Voltage Swell,Substation,SS-04,Medium,86.44,3
8755,250.48,9.72,50.56,Voltage Swell,Substation,SS-04,Medium,85.07,3
8756,259.24,15.88,50.12,Voltage Swell,Substation,SS-04,Medium,82.14,3
8757,253.93,19.68,50.05,Voltage Swell,Substation,SS-04,Medium,79.47,3
8758,268.55,19.8,50.82,Voltage Swell,Substation,SS-04,Medium,76.14,3
8759,259.03,12.8,50.81,Voltage Swell,Substation,SS-04,Medium,75.83,3
8760,249.93,13.87,50.16,Voltage Swell,Substation,SS-04,Medium,85.39,3
8761,265.52,16.45,50.44,Voltage Swell,Substation,SS-04,Medium,88.18,3
8762,248.44,11.12,50.49,Voltage Swell,Substation,SS-04,Medium,75.92,3
8763,247.39,12.77,50.94,Voltage Swell,Substation,SS-04,Medium,88.63,3
8764,256.65,9.71,50.18,Voltage Swell,Substation,SS-04,Medium,80.66,3
8765,250.25,9.0,50.67,Voltage Swell,Substation,SS-04,Medium,83.72,3
8766,252.28,17.35,50.78,Voltage Swell,Substation,SS-04,Medium,82.37,3
8767,247.41,19.02,50.67,Voltage Swell,Substation,SS-04,Medium,78.71,3
8768,260.26,12.86,50.64,Voltage Swell,Substation,SS-04,Medium,82.11,3
8769,257.14,16.83,50.61,Voltage Swell,Substation,SS-04,Medium,76.2,3
8770,246.63,11.66,50.43,Voltage Swell,Substation,SS-04,Medium,79.13,3
8771,261.29,10.34,50.7,Voltage Swell,Substation,SS-04,Medium,86.6,3
8772,248.11,15.81,50.96,Voltage Swell,Substation,SS-04,Medium,77.89,3
8773,267.73,15.27,50.59,Voltage Swell,Substation,SS-04,Medium,75.78,3
8774,263.71,13.74,50.72,Voltage Swell,Substation,SS-04,Medium,87.14,3
8775,258.09,11.16,50.14,Voltage Swell,Substation,SS-04,Medium,77.41,3
8776,266.67,9.48,50.38,Voltage Swell,Substation,SS-04,Medium,80.01,3
8777,266.64,13.73,51.0,Voltage Swell,Substation,SS-04,Medium,86.06,3
8778,266.27,9.18,50.25,Voltage Swell,Substation,SS-04,Medium,77.03,3
8779,256.59,16.62,50.17,Voltage Swell,Substation,SS-04,Medium,76.95,3
8780,260.37,10.76,50.48,Voltage Swell,Substation,SS-04,Medium,75.77,3
8781,262.02,14.5,50.65,Voltage Swell,Substation,SS-04,Medium,79.13,3
8782,251.97,17.62,50.72,Voltage Swell,Substation,SS-04,Medium,83.7,3
8783,260.7,9.13,50.86,Voltage Swell,Substation,SS-04,Medium,86.55,3
8784,259.76,19.02,50.17,Voltage Swell,Substation,SS-04,Medium,85.3,3
8785,269.07,11.72,50.02,Voltage Swell,Substation,SS-04,Medium,86.02,3
8786,245.17,18.47,50.06,Voltage Swell,Substation,SS-04,Medium,84.79,3
8787,254.43,10.44,50.9,Voltage Swell,Substation,SS-04,Medium,86.19,3
8788,253.51,11.41,50.74,Voltage Swell,Substation,SS-04,Medium,87.55,3
8789,262.9,15.68,50.23,Voltage Swell,Substation,SS-04,Medium,87.79,3
8790,263.74,14.21,50.51,Voltage Swell,Substation,SS-04,Medium,83.54,3
8791,265.71,16.91,50.86,Voltage Swell,Substation,SS-04,Medium,82.61,3
8792,260.62,18.25,50.23,Voltage Swell,Substation,SS-04,Medium,81.66,3
8793,260.52,18.98,50.02,Voltage Swell,Substation,SS-04,Medium,78.19,3
8794,250.86,11.92,50.28,Voltage Swell,Substation,SS-04,Medium,83.85,3
8795,267.14,15.64,50.24,Voltage Swell,Substation,SS-04,Medium,87.96,3
8796,260.8,10.63,50.36,Voltage Swell,Substation,SS-04,Medium,86.85,3
8797,263.47,14.92,50.14,Voltage Swell,Substation,SS-04,Medium,87.05,3
8798,252.69,17.26,50.65,Voltage Swell,Substation,SS-04,Medium,78.96,3
8799,250.31,9.57,50.24,Voltage Swell,Substation,SS-04,Medium,77.37,3
8800,260.43,15.19,50.59,Voltage Swell,Substation,SS-04,Medium,84.63,3
8801,265.37,18.96,50.23,Voltage Swell,Substation,SS-04,Medium,83.82,3
8802,246.96,9.44,50.65,Voltage Swell,Substation,SS-04,Medium,82.3,3
8803,263.96,13.11,50.13,Voltage Swell,Substation,SS-04,Medium,88.08,3
8804,247.07,10.27,50.28,Voltage Swell,Substation,SS-04,Medium,89.93,3
8805,255.42,14.02,50.77,Voltage Swell,Substation,SS-04,Medium,84.55,3
8806,266.04,13.84,50.97,Voltage Swell,Substation,SS-04,Medium,86.95,3
8807,255.03,12.58,50.93,Voltage Swell,Substation,SS-04,Medium,85.27,3
8808,260.54,17.09,50.56,Voltage Swell,Substation,SS-04,Medium,77.39,3
8809,252.98,14.7,50.02,Voltage Swell,Substation,SS-04,Medium,81.56,3
8810,263.9,9.97,50.06,Voltage Swell,Substation,SS-04,Medium,87.54,3
8811,260.43,10.12,50.81,Voltage Swell,Substation,SS-04,Medium,84.87,3
8812,253.35,12.51,50.16,Voltage Swell,Substation,SS-04,Medium,87.53,3
8813,257.73,14.68,50.88,Voltage Swell,Substation,SS-04,Medium,75.24,3
8814,246.67,9.94,50.03,Voltage Swell,Substation,SS-04,Medium,84.87,3
8815,260.85,10.53,50.15,Voltage Swell,Substation,SS-04,Medium,77.19,3
8816,268.83,16.32,50.59,Voltage Swell,Substation,SS-04,Medium,79.84,3
8817,255.83,9.07,51.0,Voltage Swell,Substation,SS-04,Medium,86.33,3
8818,260.54,15.05,50.5,Voltage Swell,Substation,SS-04,Medium,78.86,3
8819,250.66,14.59,50.07,Voltage Swell,Substation,SS-04,Medium,76.12,3
8820,259.02,19.04,50.91,Voltage Swell,Substation,SS-04,Medium,75.16,3
8821,247.68,15.0,50.85,Voltage Swell,Substation,SS-04,Medium,89.32,3
8822,266.51,16.13,50.2,Voltage Swell,Substation,SS-04,Medium,76.09,3
8823,246.19,15.34,50.04,Voltage Swell,Substation,SS-04,Medium,86.09,3
8824,262.81,8.96,50.91,Voltage Swell,Substation,SS-04,Medium,82.83,3
8825,267.61,18.82,50.2,Voltage Swell,Substation,SS-04,Medium,80.71,3
8826,248.37,17.3,50.5,Voltage Swell,Substation,SS-04,Medium,88.93,3
8827,250.21,16.26,50.99,Voltage Swell,Substation,SS-04,Medium,84.98,3
8828,246.72,15.06,50.18,Voltage Swell,Substation,SS-04,Medium,75.46,3
8829,253.37,11.19,50.79,Voltage Swell,Substation,SS-04,Medium,80.61,3
8830,263.32,8.19,50.01,Voltage Swell,Substation,SS-04,Medium,75.44,3
8831,250.48,12.49,50.61,Voltage Swell,Substation,SS-04,Medium,89.79,3
8832,253.86,8.67,50.19,Voltage Swell,Substation,SS-04,Medium,88.47,3
8833,262.48,17.48,50.12,Voltage Swell,Substation,SS-04,Medium,77.02,3
8834,247.81,18.29,50.21,Voltage Swell,Substation,SS-04,Medium,84.65,3
8835,257.9,14.53,50.2,Voltage Swell,Substation,SS-04,Medium,84.53,3
8836,246.08,19.92,50.03,Voltage Swell,Substation,SS-04,Medium,75.75,3
8837,253.12,17.98,50.26,Voltage Swell,Substation,SS-04,Medium,82.08,3
8838,245.45,8.95,50.61,Voltage Swell,Substation,SS-04,Medium,77.92,3
8839,262.36,17.42,50.85,Voltage Swell,Substation,SS-04,Medium,77.01,3
8840,256.39,19.36,50.77,Voltage Swell,Substation,SS-04,Medium,76.75,3
8841,257.56,19.07,50.44,Voltage Swell,Substation,SS-04,Medium,87.56,3
8842,257.4,9.28,50.15,Voltage Swell,Substation,SS-04,Medium,75.7,3
8843,249.88,18.72,50.65,Voltage Swell,Substation,SS-04,Medium,86.08,3
8844,260.54,12.64,50.22,Voltage Swell,Substation,SS-04,Medium,88.88,3
8845,257.87,13.77,51.0,Voltage Swell,Substation,SS-04,Medium,80.76,3
8846,266.35,18.35,50.23,Voltage Swell,Substation,SS-04,Medium,76.42,3
8847,269.39,13.11,50.0,Voltage Swell,Substation,SS-04,Medium,82.49,3
8848,260.48,17.31,50.94,Voltage Swell,Substation,SS-04,Medium,88.73,3
8849,268.5,8.39,50.71,Voltage Swell,Substation,SS-04,Medium,78.39,3
8850,249.69,17.6,50.42,Voltage Swell,Substation,SS-04,Medium,88.75,3
8851,246.06,17.63,50.14,Voltage Swell,Substation,SS-04,Medium,77.65,3
8852,256.93,12.75,50.49,Voltage Swell,Substation,SS-04,Medium,89.1,3
8853,261.43,11.48,50.17,Voltage Swell,Substation,SS-04,Medium,81.3,3
8854,256.29,15.22,50.27,Voltage Swell,Substation,SS-04,Medium,86.51,3
8855,247.46,14.73,50.62,Voltage Swell,Substation,SS-04,Medium,78.1,3
8856,265.65,15.39,50.65,Voltage Swell,Substation,SS-04,Medium,82.47,3
8857,267.74,16.33,50.38,Voltage Swell,Substation,SS-04,Medium,78.58,3
8858,246.78,9.98,50.99,Voltage Swell,Substation,SS-04,Medium,81.1,3
8859,267.47,10.05,50.43,Voltage Swell,Substation,SS-04,Medium,89.41,3
8860,247.28,15.13,50.92,Voltage Swell,Substation,SS-04,Medium,89.25,3
8861,266.15,18.27,50.65,Voltage Swell,Substation,SS-04,Medium,78.31,3
8862,263.27,19.74,50.53,Voltage Swell,Substation,SS-04,Medium,78.91,3
8863,259.34,16.29,50.21,Voltage Swell,Substation,SS-04,Medium,85.79,3
8864,259.69,15.35,50.31,Voltage Swell,Substation,SS-04,Medium,77.33,3
8865,260.59,15.03,50.34,Voltage Swell,Substation,SS-04,Medium,79.44,3
8866,253.68,13.88,50.97,Voltage Swell,Substation,SS-04,Medium,86.45,3
8867,266.29,14.07,50.53,Voltage Swell,Substation,SS-04,Medium,78.06,3
8868,263.03,13.06,50.74,Voltage Swell,Substation,SS-04,Medium,81.14,3
8869,247.71,10.08,50.81,Voltage Swell,Substation,SS-04,Medium,78.88,3
8870,251.61,19.15,50.66,Voltage Swell,Substation,SS-04,Medium,76.71,3
8871,248.59,11.27,50.59,Voltage Swell,Substation,SS-04,Medium,86.29,3
8872,251.86,18.45,50.11,Voltage Swell,Substation,SS-04,Medium,78.11,3
8873,269.26,9.62,50.89,Voltage Swell,Substation,SS-04,Medium,85.56,3
8874,246.83,13.8,50.52,Voltage Swell,Substation,SS-04,Medium,88.98,3
8875,255.53,13.36,50.11,Voltage Swell,Substation,SS-04,Medium,84.59,3
8876,250.27,8.93,51.0,Voltage Swell,Substation,SS-04,Medium,79.04,3
8877,248.53,16.39,50.82,Voltage Swell,Substation,SS-04,Medium,75.96,3
8878,247.63,9.08,50.05,Voltage Swell,Substation,SS-04,Medium,84.89,3
8879,259.71,15.95,50.51,Voltage Swell,Substation,SS-04,Medium,87.26,3
8880,258.67,19.02,50.49,Voltage Swell,Substation,SS-04,Medium,86.86,3
8881,255.18,13.22,50.85,Voltage Swell,Substation,SS-04,Medium,76.61,3
8882,259.12,16.72,50.75,Voltage Swell,Substation,SS-04,Medium,83.87,3
8883,256.2,11.13,50.91,Voltage Swell,Substation,SS-04,Medium,80.55,3
8884,264.97,8.38,50.23,Voltage Swell,Substation,SS-04,Medium,80.18,3
8885,261.79,11.83,50.04,Voltage Swell,Substation,SS-04,Medium,77.61,3
8886,251.48,10.11,50.2,Voltage Swell,Substation,SS-04,Medium,86.53,3
8887,255.3,12.86,50.97,Voltage Swell,Substation,SS-04,Medium,81.7,3
8888,268.19,11.59,50.4,Voltage Swell,Substation,SS-04,Medium,80.94,3
8889,258.65,15.01,50.25,Voltage Swell,Substation,SS-04,Medium,86.9,3
8890,257.41,8.08,50.59,Voltage Swell,Substation,SS-04,Medium,86.97,3
8891,251.26,8.45,50.81,Voltage Swell,Substation,SS-04,Medium,89.64,3
8892,246.91,19.26,50.36,Voltage Swell,Substation,SS-04,Medium,89.12,3
8893,261.22,18.68,50.79,Voltage Swell,Substation,SS-04,Medium,75.42,3
8894,246.64,14.31,50.13,Voltage Swell,Substation,SS-04,Medium,81.92,3
8895,268.87,11.54,50.49,Voltage Swell,Substation,SS-04,Medium,80.76,3
8896,260.75,10.33,50.26,Voltage Swell,Substation,SS-04,Medium,87.88,3
8897,265.28,17.47,50.77,Voltage Swell,Substation,SS-04,Medium,81.89,3
8898,263.22,12.65,50.1,Voltage Swell,Substation,SS-04,Medium,80.9,3
8899,248.97,12.69,50.3,Voltage Swell,Substation,SS-04,Medium,83.99,3
8900,254.04,16.47,50.51,Voltage Swell,Substation,SS-04,Medium,88.79,3
8901,247.28,16.25,50.67,Voltage Swell,Substation,SS-04,Medium,89.26,3
8902,254.29,11.67,50.17,Voltage Swell,Substation,SS-04,Medium,78.98,3
8903,257.55,18.05,50.28,Voltage Swell,Substation,SS-04,Medium,77.37,3
8904,251.8,9.21,50.93,Voltage Swell,Substation,SS-04,Medium,88.09,3
8905,252.71,10.96,50.91,Voltage Swell,Substation,SS-04,Medium,75.03,3
8906,260.01,18.99,50.51,Voltage Swell,Substation,SS-04,Medium,75.04,3
8907,250.47,19.07,50.02,Voltage Swell,Substation,SS-04,Medium,80.92,3
8908,264.74,18.06,50.48,Voltage Swell,Substation,SS-04,Medium,78.49,3
8909,259.99,11.17,50.26,Voltage Swell,Substation,SS-04,Medium,87.11,3
8910,248.86,8.07,50.34,Voltage Swell,Substation,SS-04,Medium,82.36,3
8911,262.63,17.37,50.66,Voltage Swell,Substation,SS-04,Medium,84.4,3
8912,261.64,11.26,50.38,Voltage Swell,Substation,SS-04,Medium,84.25,3
8913,246.64,11.54,50.41,Voltage Swell,Substation,SS-04,Medium,83.0,3
8914,257.16,16.62,50.47,Voltage Swell,Substation,SS-04,Medium,88.56,3
8915,254.51,14.3,50.0,Voltage Swell,Substation,SS-04,Medium,79.66,3
8916,266.66,12.0,50.25,Voltage Swell,Substation,SS-04,Medium,83.15,3
8917,246.97,14.38,50.3,Voltage Swell,Substation,SS-04,Medium,80.75,3
8918,264.78,15.94,50.45,Voltage Swell,Substation,SS-04,Medium,83.66,3
8919,264.17,16.95,50.19,Voltage Swell,Substation,SS-04,Medium,79.51,3
8920,253.71,10.25,50.01,Voltage Swell,Substation,SS-04,Medium,77.61,3
8921,265.21,14.55,50.34,Voltage Swell,Substation,SS-04,Medium,84.13,3
8922,263.5,12.25,50.47,Voltage Swell,Substation,SS-04,Medium,75.96,3
8923,259.93,12.28,50.43,Voltage Swell,Substation,SS-04,Medium,81.34,3
8924,260.81,14.87,50.42,Voltage Swell,Substation,SS-04,Medium,75.25,3
8925,260.52,18.55,50.77,Voltage Swell,Substation,SS-04,Medium,89.72,3
8926,248.48,10.67,50.54,Voltage Swell,Substation,SS-04,Medium,78.54,3
8927,245.86,12.83,50.29,Voltage Swell,Substation,SS-04,Medium,78.96,3
8928,268.83,10.86,50.13,Voltage Swell,Substation,SS-04,Medium,76.88,3
8929,265.16,16.58,50.13,Voltage Swell,Substation,SS-04,Medium,78.3,3
8930,263.68,11.3,50.98,Voltage Swell,Substation,SS-04,Medium,83.11,3
8931,249.8,18.31,50.32,Voltage Swell,Substation,SS-04,Medium,79.33,3
8932,253.19,17.22,50.17,Voltage Swell,Substation,SS-04,Medium,80.73,3
8933,245.77,17.92,50.34,Voltage Swell,Substation,SS-04,Medium,78.72,3
8934,259.5,16.46,50.81,Voltage Swell,Substation,SS-04,Medium,80.22,3
8935,265.31,13.58,50.1,Voltage Swell,Substation,SS-04,Medium,87.69,3
8936,258.69,15.23,50.94,Voltage Swell,Substation,SS-04,Medium,83.39,3
8937,245.14,18.45,50.28,Voltage Swell,Substation,SS-04,Medium,82.53,3
8938,250.12,11.56,50.69,Voltage Swell,Substation,SS-04,Medium,81.44,3
8939,260.68,17.88,50.34,Voltage Swell,Substation,SS-04,Medium,83.53,3
8940,264.44,16.58,50.54,Voltage Swell,Substation,SS-04,Medium,80.75,3
8941,255.19,13.2,50.35,Voltage Swell,Substation,SS-04,Medium,85.49,3
8942,248.14,19.61,50.78,Voltage Swell,Substation,SS-04,Medium,79.47,3
8943,246.06,16.54,50.73,Voltage Swell,Substation,SS-04,Medium,89.45,3
8944,251.34,8.99,50.92,Voltage Swell,Substation,SS-04,Medium,78.88,3
8945,263.04,8.73,50.76,Voltage Swell,Substation,SS-04,Medium,76.91,3
8946,262.39,14.39,50.96,Voltage Swell,Substation,SS-04,Medium,75.55,3
8947,252.3,8.83,50.88,Voltage Swell,Substation,SS-04,Medium,83.91,3
8948,258.37,9.58,50.49,Voltage Swell,Substation,SS-04,Medium,80.98,3
8949,252.89,17.27,50.06,Voltage Swell,Substation,SS-04,Medium,84.7,3
8950,265.57,18.89,50.75,Voltage Swell,Substation,SS-04,Medium,79.24,3
8951,260.01,9.7,50.12,Voltage Swell,Substation,SS-04,Medium,84.58,3
8952,266.28,8.81,50.11,Voltage Swell,Substation,SS-04,Medium,83.48,3
8953,250.46,15.34,50.21,Voltage Swell,Substation,SS-04,Medium,76.75,3
8954,258.64,18.35,50.69,Voltage Swell,Substation,SS-04,Medium,87.28,3
8955,251.66,18.63,50.38,Voltage Swell,Substation,SS-04,Medium,87.79,3
8956,256.78,11.21,50.26,Voltage Swell,Substation,SS-04,Medium,83.52,3
8957,246.98,19.16,50.27,Voltage Swell,Substation,SS-04,Medium,80.03,3
8958,250.83,8.04,50.69,Voltage Swell,Substation,SS-04,Medium,83.86,3
8959,265.24,8.49,50.93,Voltage Swell,Substation,SS-04,Medium,79.96,3
8960,267.83,9.29,50.74,Voltage Swell,Substation,SS-04,Medium,83.69,3
8961,253.95,8.95,50.6,Voltage Swell,Substation,SS-04,Medium,75.4,3
8962,257.53,15.25,50.73,Voltage Swell,Substation,SS-04,Medium,89.87,3
8963,251.5,11.87,50.34,Voltage Swell,Substation,SS-04,Medium,85.97,3
8964,268.3,19.69,50.95,Voltage Swell,Substation,SS-04,Medium,88.19,3
8965,269.77,12.51,50.95,Voltage Swell,Substation,SS-04,Medium,86.42,3
8966,249.21,8.55,50.21,Voltage Swell,Substation,SS-04,Medium,86.68,3
8967,260.79,10.69,50.74,Voltage Swell,Substation,SS-04,Medium,77.12,3
8968,265.55,17.53,50.97,Voltage Swell,Substation,SS-04,Medium,77.25,3
8969,267.67,12.09,50.42,Voltage Swell,Substation,SS-04,Medium,82.03,3
8970,260.67,19.94,50.6,Voltage Swell,Substation,SS-04,Medium,88.9,3
8971,251.38,12.78,50.5,Voltage Swell,Substation,SS-04,Medium,79.84,3
8972,269.42,16.71,50.48,Voltage Swell,Substation,SS-04,Medium,86.27,3
8973,256.69,8.21,50.54,Voltage Swell,Substation,SS-04,Medium,84.38,3
8974,269.53,8.49,50.51,Voltage Swell,Substation,SS-04,Medium,76.47,3
8975,248.72,15.33,50.23,Voltage Swell,Substation,SS-04,Medium,86.24,3
8976,257.85,10.62,50.49,Voltage Swell,Substation,SS-04,Medium,75.01,3
8977,266.57,8.15,50.01,Voltage Swell,Substation,SS-04,Medium,84.17,3
8978,269.34,18.27,50.25,Voltage Swell,Substation,SS-04,Medium,77.95,3
8979,260.65,17.87,50.36,Voltage Swell,Substation,SS-04,Medium,81.49,3
8980,247.89,9.83,50.57,Voltage Swell,Substation,SS-04,Medium,76.54,3
8981,250.05,10.82,50.44,Voltage Swell,Substation,SS-04,Medium,75.68,3
8982,257.49,19.14,50.02,Voltage Swell,Substation,SS-04,Medium,84.46,3
8983,265.9,11.75,50.13,Voltage Swell,Substation,SS-04,Medium,75.65,3
8984,261.1,14.63,50.23,Voltage Swell,Substation,SS-04,Medium,87.47,3
8985,263.39,11.32,50.75,Voltage Swell,Substation,SS-04,Medium,78.67,3
8986,261.88,9.42,50.69,Voltage Swell,Substation,SS-04,Medium,78.58,3
8987,259.31,10.07,50.73,Voltage Swell,Substation,SS-04,Medium,75.91,3
8988,249.14,10.21,50.04,Voltage Swell,Substation,SS-04,Medium,86.18,3
8989,269.52,17.34,50.86,Voltage Swell,Substation,SS-04,Medium,75.09,3
8990,247.95,14.71,50.98,Voltage Swell,Substation,SS-04,Medium,84.91,3
8991,254.35,9.75,50.15,Voltage Swell,Substation,SS-04,Medium,80.44,3
8992,262.85,8.38,50.85,Voltage Swell,Substation,SS-04,Medium,89.12,3
8993,267.22,18.96,50.02,Voltage Swell,Substation,SS-04,Medium,89.67,3
8994,254.16,18.43,50.19,Voltage Swell,Substation,SS-04,Medium,81.7,3
8995,246.1,8.48,50.94,Voltage Swell,Substation,SS-04,Medium,87.16,3
8996,258.25,14.31,50.75,Voltage Swell,Substation,SS-04,Medium,80.13,3
8997,264.05,13.82,50.64,Voltage Swell,Substation,SS-04,Medium,89.47,3
8998,256.78,13.02,50.91,Voltage Swell,Substation,SS-04,Medium,88.54,3
8999,269.81,14.61,50.34,Voltage Swell,Substation,SS-04,Medium,78.61,3
9000,245.85,16.72,50.23,Voltage Swell,Substation,SS-04,Medium,84.1,3
9001,267.91,19.4,50.0,Voltage Swell,Substation,SS-04,Medium,79.76,3
9002,265.93,14.44,50.81,Voltage Swell,Substation,SS-04,Medium,87.8,3
9003,256.07,12.31,50.46,Voltage Swell,Substation,SS-04,Medium,84.79,3
9004,254.18,17.3,50.9,Voltage Swell,Substation,SS-04,Medium,79.23,3
9005,269.12,15.47,50.88,Voltage Swell,Substation,SS-04,Medium,76.56,3
9006,251.29,11.85,50.3,Voltage Swell,Substation,SS-04,Medium,77.58,3
9007,266.71,13.02,50.96,Voltage Swell,Substation,SS-04,Medium,83.75,3
9008,248.46,14.55,50.99,Voltage Swell,Substation,SS-04,Medium,83.48,3
9009,245.05,19.2,50.23,Voltage Swell,Substation,SS-04,Medium,85.33,3
9010,257.88,11.91,50.28,Voltage Swell,Substation,SS-04,Medium,88.93,3
9011,267.8,14.16,50.26,Voltage Swell,Substation,SS-04,Medium,76.54,3
9012,248.91,14.27,50.31,Voltage Swell,Substation,SS-04,Medium,75.63,3
9013,256.38,16.95,50.89,Voltage Swell,Substation,SS-04,Medium,83.78,3
9014,263.08,12.37,50.5,Voltage Swell,Substation,SS-04,Medium,85.94,3
9015,263.19,13.09,50.54,Voltage Swell,Substation,SS-04,Medium,88.86,3
9016,260.8,15.71,50.78,Voltage Swell,Substation,SS-04,Medium,76.73,3
9017,258.07,19.51,50.36,Voltage Swell,Substation,SS-04,Medium,79.42,3
9018,260.03,10.65,50.56,Voltage Swell,Substation,SS-04,Medium,77.33,3
9019,259.49,15.23,50.42,Voltage Swell,Substation,SS-04,Medium,80.74,3
9020,251.14,11.97,50.5,Voltage Swell,Substation,SS-04,Medium,78.71,3
9021,264.57,16.51,50.27,Voltage Swell,Substation,SS-04,Medium,76.46,3
9022,245.0,15.16,50.21,Voltage Swell,Substation,SS-04,Medium,75.19,3
9023,253.98,19.54,50.69,Voltage Swell,Substation,SS-04,Medium,87.87,3
9024,248.62,8.88,50.01,Voltage Swell,Substation,SS-04,Medium,89.33,3
9025,252.51,13.51,50.39,Voltage Swell,Substation,SS-04,Medium,85.96,3
9026,252.75,14.43,51.0,Voltage Swell,Substation,SS-04,Medium,81.66,3
9027,258.78,14.03,50.8,Voltage Swell,Substation,SS-04,Medium,79.0,3
9028,249.26,17.05,50.42,Voltage Swell,Substation,SS-04,Medium,88.71,3
9029,261.1,14.77,50.07,Voltage Swell,Substation,SS-04,Medium,85.96,3
9030,262.15,15.68,50.27,Voltage Swell,Substation,SS-04,Medium,89.2,3
9031,253.04,9.83,50.99,Voltage Swell,Substation,SS-04,Medium,86.19,3
9032,255.37,19.23,50.09,Voltage Swell,Substation,SS-04,Medium,76.31,3
9033,262.06,10.14,50.92,Voltage Swell,Substation,SS-04,Medium,87.61,3
9034,252.66,18.67,50.04,Voltage Swell,Substation,SS-04,Medium,83.23,3
9035,268.39,18.26,50.36,Voltage Swell,Substation,SS-04,Medium,77.74,3
9036,250.26,14.17,50.6,Voltage Swell,Substation,SS-04,Medium,75.49,3
9037,255.34,17.96,50.44,Voltage Swell,Substation,SS-04,Medium,77.54,3
9038,268.87,11.2,50.8,Voltage Swell,Substation,SS-04,Medium,77.91,3
9039,255.58,13.89,50.5,Voltage Swell,Substation,SS-04,Medium,82.75,3
9040,250.62,14.19,50.48,Voltage Swell,Substation,SS-04,Medium,78.13,3
9041,269.7,18.39,50.89,Voltage Swell,Substation,SS-04,Medium,85.28,3
9042,249.0,14.82,50.82,Voltage Swell,Substation,SS-04,Medium,75.58,3
9043,257.4,12.75,50.21,Voltage Swell,Substation,SS-04,Medium,80.67,3
9044,269.59,16.68,50.3,Voltage Swell,Substation,SS-04,Medium,84.08,3
9045,251.17,15.33,50.9,Voltage Swell,Substation,SS-04,Medium,83.35,3
9046,263.33,13.44,50.52,Voltage Swell,Substation,SS-04,Medium,85.43,3
9047,265.31,15.91,50.98,Voltage Swell,Substation,SS-04,Medium,87.3,3
9048,264.43,18.14,50.28,Voltage Swell,Substation,SS-04,Medium,81.48,3
9049,259.11,13.55,50.85,Voltage Swell,Substation,SS-04,Medium,75.41,3
9050,250.23,18.58,50.06,Voltage Swell,Substation,SS-04,Medium,78.4,3
9051,253.78,17.01,50.56,Voltage Swell,Substation,SS-04,Medium,89.32,3
9052,250.7,18.47,50.28,Voltage Swell,Substation,SS-04,Medium,78.68,3
9053,257.46,8.85,50.38,Voltage Swell,Substation,SS-04,Medium,80.34,3
9054,249.0,18.33,50.39,Voltage Swell,Substation,SS-04,Medium,89.73,3
9055,267.49,10.34,50.51,Voltage Swell,Substation,SS-04,Medium,84.03,3
9056,265.47,18.63,50.62,Voltage Swell,Substation,SS-04,Medium,75.53,3
9057,257.03,18.62,50.71,Voltage Swell,Substation,SS-04,Medium,88.05,3
9058,261.85,8.53,50.97,Voltage Swell,Substation,SS-04,Medium,88.77,3
9059,248.16,9.35,50.54,Voltage Swell,Substation,SS-04,Medium,86.36,3
9060,254.55,9.64,50.51,Voltage Swell,Substation,SS-04,Medium,80.06,3
9061,253.79,15.74,50.89,Voltage Swell,Substation,SS-04,Medium,83.38,3
9062,262.19,15.92,50.55,Voltage Swell,Substation,SS-04,Medium,79.66,3
9063,254.44,11.79,50.92,Voltage Swell,Substation,SS-04,Medium,87.4,3
9064,259.48,18.95,50.89,Voltage Swell,Substation,SS-04,Medium,88.92,3
9065,250.54,16.61,50.61,Voltage Swell,Substation,SS-04,Medium,86.01,3
9066,251.58,16.34,50.41,Voltage Swell,Substation,SS-04,Medium,87.51,3
9067,264.88,10.54,50.18,Voltage Swell,Substation,SS-04,Medium,85.77,3
9068,258.76,14.69,50.75,Voltage Swell,Substation,SS-04,Medium,87.82,3
9069,250.97,14.67,50.83,Voltage Swell,Substation,SS-04,Medium,88.09,3
9070,252.19,9.25,50.23,Voltage Swell,Substation,SS-04,Medium,89.18,3
9071,256.56,13.02,50.01,Voltage Swell,Substation,SS-04,Medium,75.77,3
9072,261.72,15.08,50.58,Voltage Swell,Substation,SS-04,Medium,76.65,3
9073,253.8,17.75,50.17,Voltage Swell,Substation,SS-04,Medium,88.24,3
9074,248.04,10.03,50.48,Voltage Swell,Substation,SS-04,Medium,89.18,3
9075,253.24,15.9,50.59,Voltage Swell,Substation,SS-04,Medium,77.24,3
9076,251.2,19.16,50.18,Voltage Swell,Substation,SS-04,Medium,85.43,3
9077,269.12,9.43,50.4,Voltage Swell,Substation,SS-04,Medium,78.36,3
9078,250.54,9.43,50.65,Voltage Swell,Substation,SS-04,Medium,86.2,3
9079,261.92,19.1,50.15,Voltage Swell,Substation,SS-04,Medium,79.8,3
9080,253.61,10.78,50.14,Voltage Swell,Substation,SS-04,Medium,82.3,3
9081,265.86,19.45,50.13,Voltage Swell,Substation,SS-04,Medium,87.35,3
9082,265.61,12.67,50.11,Voltage Swell,Substation,SS-04,Medium,89.85,3
9083,261.39,19.79,50.48,Voltage Swell,Substation,SS-04,Medium,80.93,3
9084,251.18,19.8,50.25,Voltage Swell,Substation,SS-04,Medium,75.36,3
9085,257.81,12.52,50.26,Voltage Swell,Substation,SS-04,Medium,84.52,3
9086,254.11,12.83,50.02,Voltage Swell,Substation,SS-04,Medium,83.84,3
9087,248.05,10.57,50.72,Voltage Swell,Substation,SS-04,Medium,79.7,3
9088,249.08,14.93,50.21,Voltage Swell,Substation,SS-04,Medium,79.06,3
9089,260.53,16.88,50.74,Voltage Swell,Substation,SS-04,Medium,82.23,3
9090,256.36,17.45,50.19,Voltage Swell,Substation,SS-04,Medium,77.28,3
9091,261.62,12.91,50.71,Voltage Swell,Substation,SS-04,Medium,78.85,3
9092,253.12,18.76,50.42,Voltage Swell,Substation,SS-04,Medium,83.86,3
9093,247.67,10.15,50.04,Voltage Swell,Substation,SS-04,Medium,81.37,3
9094,269.72,18.49,50.63,Voltage Swell,Substation,SS-04,Medium,87.92,3
9095,259.85,12.43,50.17,Voltage Swell,Substation,SS-04,Medium,84.8,3
9096,249.83,13.01,50.83,Voltage Swell,Substation,SS-04,Medium,76.94,3
9097,248.23,10.69,50.55,Voltage Swell,Substation,SS-04,Medium,78.78,3
9098,257.58,11.62,50.51,Voltage Swell,Substation,SS-04,Medium,79.16,3
9099,269.5,13.91,50.74,Voltage Swell,Substation,SS-04,Medium,85.51,3
9100,257.26,10.87,50.51,Voltage Swell,Substation,SS-04,Medium,85.21,3
9101,256.5,8.98,50.02,Voltage Swell,Substation,SS-04,Medium,79.92,3
9102,248.76,18.87,50.18,Voltage Swell,Substation,SS-04,Medium,80.91,3
9103,262.8,17.79,50.48,Voltage Swell,Substation,SS-04,Medium,77.72,3
9104,251.77,13.03,50.36,Voltage Swell,Substation,SS-04,Medium,80.23,3
9105,248.3,18.96,50.03,Voltage Swell,Substation,SS-04,Medium,81.6,3
9106,269.51,15.92,50.36,Voltage Swell,Substation,SS-04,Medium,77.19,3
9107,269.1,8.17,50.68,Voltage Swell,Substation,SS-04,Medium,88.2,3
9108,245.63,16.7,51.0,Voltage Swell,Substation,SS-04,Medium,84.59,3
9109,255.37,18.49,50.55,Voltage Swell,Substation,SS-04,Medium,86.24,3
9110,259.69,8.46,50.21,Voltage Swell,Substation,SS-04,Medium,76.18,3
9111,247.67,8.18,50.42,Voltage Swell,Substation,SS-04,Medium,77.68,3
9112,266.39,17.0,50.57,Voltage Swell,Substation,SS-04,Medium,82.34,3
9113,251.4,13.7,50.64,Voltage Swell,Substation,SS-04,Medium,86.73,3
9114,247.04,16.5,50.74,Voltage Swell,Substation,SS-04,Medium,83.38,3
9115,250.36,14.47,50.5,Voltage Swell,Substation,SS-04,Medium,82.14,3
9116,256.52,9.33,50.18,Voltage Swell,Substation,SS-04,Medium,76.46,3
9117,251.06,11.16,50.25,Voltage Swell,Substation,SS-04,Medium,78.16,3
9118,263.39,17.82,50.33,Voltage Swell,Substation,SS-04,Medium,79.58,3
9119,266.1,15.49,50.29,Voltage Swell,Substation,SS-04,Medium,85.7,3
9120,253.61,15.04,50.99,Voltage Swell,Substation,SS-04,Medium,79.52,3
9121,268.26,11.85,50.54,Voltage Swell,Substation,SS-04,Medium,81.9,3
9122,264.58,8.73,50.63,Voltage Swell,Substation,SS-04,Medium,86.41,3
9123,256.8,9.26,50.24,Voltage Swell,Substation,SS-04,Medium,85.2,3
9124,267.39,13.06,50.56,Voltage Swell,Substation,SS-04,Medium,78.43,3
9125,255.31,12.04,50.66,Voltage Swell,Substation,SS-04,Medium,89.77,3
9126,265.33,10.31,50.58,Voltage Swell,Substation,SS-04,Medium,76.0,3
9127,251.17,10.07,50.34,Voltage Swell,Substation,SS-04,Medium,85.18,3
9128,257.48,19.19,50.21,Voltage Swell,Substation,SS-04,Medium,80.46,3
9129,253.25,10.83,50.99,Voltage Swell,Substation,SS-04,Medium,80.81,3
9130,268.51,12.69,50.2,Voltage Swell,Substation,SS-04,Medium,76.79,3
9131,266.39,8.39,50.96,Voltage Swell,Substation,SS-04,Medium,81.27,3
9132,251.18,15.41,50.13,Voltage Swell,Substation,SS-04,Medium,76.08,3
9133,265.69,13.1,50.52,Voltage Swell,Substation,SS-04,Medium,77.65,3
9134,246.54,12.41,50.51,Voltage Swell,Substation,SS-04,Medium,86.48,3
9135,257.53,17.39,50.12,Voltage Swell,Substation,SS-04,Medium,75.96,3
9136,248.97,17.26,50.76,Voltage Swell,Substation,SS-04,Medium,77.12,3
9137,245.77,16.22,50.86,Voltage Swell,Substation,SS-04,Medium,86.31,3
9138,250.07,15.01,50.76,Voltage Swell,Substation,SS-04,Medium,78.84,3
9139,258.19,11.77,50.23,Voltage Swell,Substation,SS-04,Medium,89.54,3
9140,267.81,13.35,50.14,Voltage Swell,Substation,SS-04,Medium,85.92,3
9141,251.39,10.02,50.38,Voltage Swell,Substation,SS-04,Medium,82.95,3
9142,247.44,14.86,50.02,Voltage Swell,Substation,SS-04,Medium,88.38,3
9143,268.02,16.8,50.47,Voltage Swell,Substation,SS-04,Medium,78.82,3
9144,263.6,19.18,50.16,Voltage Swell,Substation,SS-04,Medium,81.99,3
9145,252.88,12.28,50.41,Voltage Swell,Substation,SS-04,Medium,89.28,3
9146,251.47,13.91,50.95,Voltage Swell,Substation,SS-04,Medium,82.14,3
9147,266.59,8.71,50.95,Voltage Swell,Substation,SS-04,Medium,77.81,3
9148,269.5,10.11,50.44,Voltage Swell,Substation,SS-04,Medium,79.63,3
9149,255.83,11.01,50.97,Voltage Swell,Substation,SS-04,Medium,79.59,3
9150,261.33,9.65,50.82,Voltage Swell,Substation,SS-04,Medium,83.14,3
9151,269.49,13.08,50.2,Voltage Swell,Substation,SS-04,Medium,80.19,3
9152,263.42,15.91,50.78,Voltage Swell,Substation,SS-04,Medium,76.1,3
9153,259.51,19.19,50.11,Voltage Swell,Substation,SS-04,Medium,76.42,3
9154,262.92,11.78,50.66,Voltage Swell,Substation,SS-04,Medium,83.18,3
9155,269.65,18.67,50.68,Voltage Swell,Substation,SS-04,Medium,78.93,3
9156,251.55,18.59,50.59,Voltage Swell,Substation,SS-04,Medium,86.84,3
9157,256.25,9.24,50.33,Voltage Swell,Substation,SS-04,Medium,77.42,3
9158,264.55,16.41,50.09,Voltage Swell,Substation,SS-04,Medium,84.32,3
9159,266.85,16.37,50.51,Voltage Swell,Substation,SS-04,Medium,79.68,3
9160,267.18,13.07,50.86,Voltage Swell,Substation,SS-04,Medium,86.74,3
9161,265.41,19.88,50.75,Voltage Swell,Substation,SS-04,Medium,75.51,3
9162,250.14,8.42,50.19,Voltage Swell,Substation,SS-04,Medium,75.92,3
9163,257.54,8.34,50.47,Voltage Swell,Substation,SS-04,Medium,88.48,3
9164,263.71,19.33,50.23,Voltage Swell,Substation,SS-04,Medium,82.97,3
9165,252.96,13.93,50.56,Voltage Swell,Substation,SS-04,Medium,75.54,3
9166,250.83,16.46,50.77,Voltage Swell,Substation,SS-04,Medium,83.54,3
9167,251.77,12.86,50.1,Voltage Swell,Substation,SS-04,Medium,89.3,3
9168,266.72,8.79,50.17,Voltage Swell,Substation,SS-04,Medium,83.72,3
9169,250.81,19.21,50.76,Voltage Swell,Substation,SS-04,Medium,79.1,3
9170,245.15,17.59,50.42,Voltage Swell,Substation,SS-04,Medium,84.64,3
9171,252.17,9.71,50.68,Voltage Swell,Substation,SS-04,Medium,81.75,3
9172,250.88,9.65,50.58,Voltage Swell,Substation,SS-04,Medium,85.88,3
9173,252.1,16.82,50.18,Voltage Swell,Substation,SS-04,Medium,80.08,3
9174,263.62,15.92,50.27,Voltage Swell,Substation,SS-04,Medium,76.83,3
9175,246.06,18.05,50.08,Voltage Swell,Substation,SS-04,Medium,76.72,3
9176,250.94,13.35,50.79,Voltage Swell,Substation,SS-04,Medium,78.71,3
9177,258.59,9.08,50.46,Voltage Swell,Substation,SS-04,Medium,77.66,3
9178,250.28,12.4,50.76,Voltage Swell,Substation,SS-04,Medium,86.16,3
9179,255.37,9.42,50.28,Voltage Swell,Substation,SS-04,Medium,82.58,3
9180,266.74,19.62,50.64,Voltage Swell,Substation,SS-04,Medium,80.26,3
9181,262.34,12.03,50.63,Voltage Swell,Substation,SS-04,Medium,78.66,3
9182,251.67,8.9,50.42,Voltage Swell,Substation,SS-04,Medium,84.27,3
9183,264.72,17.72,50.99,Voltage Swell,Substation,SS-04,Medium,76.32,3
9184,257.33,14.26,50.8,Voltage Swell,Substation,SS-04,Medium,79.0,3
9185,246.73,11.77,50.98,Voltage Swell,Substation,SS-04,Medium,88.49,3
9186,254.88,18.52,50.03,Voltage Swell,Substation,SS-04,Medium,79.71,3
9187,263.17,10.66,50.2,Voltage Swell,Substation,SS-04,Medium,87.93,3
9188,260.4,19.87,50.13,Voltage Swell,Substation,SS-04,Medium,80.34,3
9189,252.78,18.56,50.26,Voltage Swell,Substation,SS-04,Medium,80.3,3
9190,248.57,17.3,50.24,Voltage Swell,Substation,SS-04,Medium,76.02,3
9191,255.88,12.7,50.18,Voltage Swell,Substation,SS-04,Medium,77.0,3
9192,267.41,8.81,50.1,Voltage Swell,Substation,SS-04,Medium,78.68,3
9193,268.82,9.02,50.82,Voltage Swell,Substation,SS-04,Medium,88.38,3
9194,254.45,11.53,50.68,Voltage Swell,Substation,SS-04,Medium,85.54,3
9195,264.5,17.97,50.27,Voltage Swell,Substation,SS-04,Medium,85.3,3
9196,248.37,14.13,50.61,Voltage Swell,Substation,SS-04,Medium,77.43,3
9197,246.91,10.34,50.42,Voltage Swell,Substation,SS-04,Medium,88.32,3
9198,258.3,16.98,50.17,Voltage Swell,Substation,SS-04,Medium,76.59,3
9199,250.99,11.77,50.55,Voltage Swell,Substation,SS-04,Medium,88.22,3
9200,255.65,14.23,50.0,Voltage Swell,Substation,SS-04,Medium,75.5,3
9201,247.09,16.39,50.49,Voltage Swell,Substation,SS-04,Medium,77.89,3
9202,259.81,14.54,50.09,Voltage Swell,Substation,SS-04,Medium,84.61,3
9203,264.18,11.44,50.69,Voltage Swell,Substation,SS-04,Medium,78.0,3
9204,263.92,18.94,50.44,Voltage Swell,Substation,SS-04,Medium,78.67,3
9205,254.98,11.0,50.0,Voltage Swell,Substation,SS-04,Medium,84.76,3
9206,246.06,10.52,50.72,Voltage Swell,Substation,SS-04,Medium,84.99,3
9207,246.83,15.92,50.93,Voltage Swell,Substation,SS-04,Medium,76.12,3
9208,255.39,16.75,50.67,Voltage Swell,Substation,SS-04,Medium,78.4,3
9209,249.08,17.41,50.96,Voltage Swell,Substation,SS-04,Medium,86.51,3
9210,269.08,15.26,50.93,Voltage Swell,Substation,SS-04,Medium,85.36,3
9211,267.72,9.94,50.82,Voltage Swell,Substation,SS-04,Medium,77.95,3
9212,245.69,14.21,50.32,Voltage Swell,Substation,SS-04,Medium,75.65,3
9213,269.51,16.0,50.9,Voltage Swell,Substation,SS-04,Medium,89.99,3
9214,254.8,11.06,50.18,Voltage Swell,Substation,SS-04,Medium,82.73,3
9215,260.15,13.67,50.39,Voltage Swell,Substation,SS-04,Medium,77.52,3
9216,256.05,9.02,50.87,Voltage Swell,Substation,SS-04,Medium,75.7,3
9217,254.52,9.2,50.77,Voltage Swell,Substation,SS-04,Medium,79.69,3
9218,247.83,14.38,50.92,Voltage Swell,Substation,SS-04,Medium,88.63,3
9219,251.24,16.64,50.03,Voltage Swell,Substation,SS-04,Medium,76.98,3
9220,257.49,10.75,50.8,Voltage Swell,Substation,SS-04,Medium,88.97,3
9221,245.11,10.79,50.44,Voltage Swell,Substation,SS-04,Medium,83.45,3
9222,267.9,18.7,50.64,Voltage Swell,Substation,SS-04,Medium,78.86,3
9223,264.58,10.43,50.97,Voltage Swell,Substation,SS-04,Medium,75.09,3
9224,259.24,9.06,50.41,Voltage Swell,Substation,SS-04,Medium,84.52,3
9225,262.24,17.43,50.59,Voltage Swell,Substation,SS-04,Medium,78.77,3
9226,267.23,17.73,50.16,Voltage Swell,Substation,SS-04,Medium,87.4,3
9227,269.32,15.65,50.28,Voltage Swell,Substation,SS-04,Medium,84.1,3
9228,253.56,16.11,50.54,Voltage Swell,Substation,SS-04,Medium,88.94,3
9229,260.45,10.57,50.73,Voltage Swell,Substation,SS-04,Medium,79.51,3
9230,251.81,12.7,50.01,Voltage Swell,Substation,SS-04,Medium,89.54,3
9231,258.31,17.28,50.26,Voltage Swell,Substation,SS-04,Medium,86.2,3
9232,259.18,13.09,50.97,Voltage Swell,Substation,SS-04,Medium,82.41,3
9233,261.44,8.18,50.3,Voltage Swell,Substation,SS-04,Medium,88.33,3
9234,263.97,14.44,50.9,Voltage Swell,Substation,SS-04,Medium,82.29,3
9235,259.16,12.59,50.62,Voltage Swell,Substation,SS-04,Medium,79.79,3
9236,254.64,19.6,50.11,Voltage Swell,Substation,SS-04,Medium,76.58,3
9237,246.08,11.84,50.4,Voltage Swell,Substation,SS-04,Medium,76.42,3
9238,258.73,15.0,50.75,Voltage Swell,Substation,SS-04,Medium,89.64,3
9239,260.48,9.34,50.09,Voltage Swell,Substation,SS-04,Medium,86.66,3
9240,261.26,9.94,50.25,Voltage Swell,Substation,SS-04,Medium,86.25,3
9241,259.15,15.02,50.21,Voltage Swell,Substation,SS-04,Medium,84.44,3
9242,264.27,18.62,50.74,Voltage Swell,Substation,SS-04,Medium,83.65,3
9243,261.83,13.82,50.23,Voltage Swell,Substation,SS-04,Medium,88.23,3
9244,258.32,15.13,50.99,Voltage Swell,Substation,SS-04,Medium,89.78,3
9245,259.66,8.41,50.4,Voltage Swell,Substation,SS-04,Medium,89.06,3
9246,252.21,19.99,50.08,Voltage Swell,Substation,SS-04,Medium,83.52,3
9247,257.89,11.06,50.95,Voltage Swell,Substation,SS-04,Medium,84.29,3
9248,250.76,12.61,50.72,Voltage Swell,Substation,SS-04,Medium,79.47,3
9249,266.99,9.99,50.26,Voltage Swell,Substation,SS-04,Medium,77.17,3
9250,247.6,11.6,51.0,Voltage Swell,Substation,SS-04,Medium,76.41,3
9251,250.33,11.26,50.62,Voltage Swell,Substation,SS-04,Medium,86.18,3
9252,263.8,8.1,50.65,Voltage Swell,Substation,SS-04,Medium,84.46,3
9253,257.94,12.55,50.8,Voltage Swell,Substation,SS-04,Medium,80.16,3
9254,250.75,11.72,50.44,Voltage Swell,Substation,SS-04,Medium,78.21,3
9255,260.19,18.61,50.6,Voltage Swell,Substation,SS-04,Medium,81.7,3
9256,264.92,16.98,50.37,Voltage Swell,Substation,SS-04,Medium,84.06,3
9257,263.25,10.95,50.37,Voltage Swell,Substation,SS-04,Medium,76.59,3
9258,269.69,9.03,50.17,Voltage Swell,Substation,SS-04,Medium,82.2,3
9259,266.63,12.27,50.77,Voltage Swell,Substation,SS-04,Medium,85.14,3
9260,260.97,18.14,50.01,Voltage Swell,Substation,SS-04,Medium,88.94,3
9261,265.73,19.25,50.79,Voltage Swell,Substation,SS-04,Medium,88.18,3
9262,250.08,11.83,50.32,Voltage Swell,Substation,SS-04,Medium,76.64,3
9263,263.24,9.63,50.05,Voltage Swell,Substation,SS-04,Medium,86.63,3
9264,267.62,17.17,50.83,Voltage Swell,Substation,SS-04,Medium,83.93,3
9265,267.19,13.96,50.99,Voltage Swell,Substation,SS-04,Medium,76.55,3
9266,265.23,15.7,50.58,Voltage Swell,Substation,SS-04,Medium,85.89,3
9267,266.01,18.35,50.18,Voltage Swell,Substation,SS-04,Medium,77.96,3
9268,245.4,9.58,50.26,Voltage Swell,Substation,SS-04,Medium,85.82,3
9269,256.89,17.09,50.49,Voltage Swell,Substation,SS-04,Medium,83.33,3
9270,247.78,17.32,50.76,Voltage Swell,Substation,SS-04,Medium,79.61,3
9271,253.21,10.64,50.81,Voltage Swell,Substation,SS-04,Medium,86.21,3
9272,260.23,10.87,50.17,Voltage Swell,Substation,SS-04,Medium,75.75,3
9273,246.14,10.25,50.1,Voltage Swell,Substation,SS-04,Medium,83.34,3
9274,253.95,13.34,50.59,Voltage Swell,Substation,SS-04,Medium,84.89,3
9275,261.21,11.13,50.81,Voltage Swell,Substation,SS-04,Medium,88.77,3
9276,252.9,8.2,50.9,Voltage Swell,Substation,SS-04,Medium,88.85,3
9277,246.27,8.06,50.82,Voltage Swell,Substation,SS-04,Medium,79.52,3
9278,267.86,10.6,50.86,Voltage Swell,Substation,SS-04,Medium,76.03,3
9279,251.52,19.68,50.23,Voltage Swell,Substation,SS-04,Medium,77.0,3
9280,266.43,9.41,50.1,Voltage Swell,Substation,SS-04,Medium,79.85,3
9281,260.88,16.53,50.88,Voltage Swell,Substation,SS-04,Medium,83.11,3
9282,254.84,12.31,50.85,Voltage Swell,Substation,SS-04,Medium,85.86,3
9283,267.64,19.57,50.3,Voltage Swell,Substation,SS-04,Medium,82.95,3
9284,260.8,9.97,50.05,Voltage Swell,Substation,SS-04,Medium,88.02,3
9285,258.39,14.85,50.55,Voltage Swell,Substation,SS-04,Medium,86.32,3
9286,248.64,15.37,50.47,Voltage Swell,Substation,SS-04,Medium,88.45,3
9287,257.99,19.32,50.35,Voltage Swell,Substation,SS-04,Medium,89.5,3
9288,266.88,15.01,50.35,Voltage Swell,Substation,SS-04,Medium,80.64,3
9289,264.32,14.97,50.4,Voltage Swell,Substation,SS-04,Medium,84.54,3
9290,263.33,8.27,50.09,Voltage Swell,Substation,SS-04,Medium,76.42,3
9291,250.8,13.12,50.8,Voltage Swell,Substation,SS-04,Medium,80.27,3
9292,245.44,13.8,51.0,Voltage Swell,Substation,SS-04,Medium,80.24,3
9293,269.03,9.22,50.17,Voltage Swell,Substation,SS-04,Medium,85.86,3
9294,257.53,17.18,50.86,Voltage Swell,Substation,SS-04,Medium,78.77,3
9295,262.07,15.29,50.86,Voltage Swell,Substation,SS-04,Medium,81.45,3
9296,246.3,14.89,50.96,Voltage Swell,Substation,SS-04,Medium,75.22,3
9297,251.01,11.79,50.77,Voltage Swell,Substation,SS-04,Medium,79.85,3
9298,250.98,15.78,50.05,Voltage Swell,Substation,SS-04,Medium,77.56,3
9299,255.2,12.27,50.35,Voltage Swell,Substation,SS-04,Medium,76.63,3
9300,254.02,17.58,50.41,Voltage Swell,Substation,SS-04,Medium,83.79,3
9301,249.09,8.84,50.88,Voltage Swell,Substation,SS-04,Medium,79.97,3
9302,253.76,18.53,50.71,Voltage Swell,Substation,SS-04,Medium,86.34,3
9303,262.05,9.27,50.96,Voltage Swell,Substation,SS-04,Medium,88.64,3
9304,250.91,17.65,50.41,Voltage Swell,Substation,SS-04,Medium,85.26,3
9305,249.14,14.46,50.13,Voltage Swell,Substation,SS-04,Medium,83.04,3
9306,251.09,13.43,50.67,Voltage Swell,Substation,SS-04,Medium,88.16,3
9307,249.13,18.72,50.39,Voltage Swell,Substation,SS-04,Medium,87.66,3
9308,257.81,18.35,50.66,Voltage Swell,Substation,SS-04,Medium,82.63,3
9309,252.81,19.63,50.8,Voltage Swell,Substation,SS-04,Medium,80.72,3
9310,249.17,17.35,50.99,Voltage Swell,Substation,SS-04,Medium,79.18,3
9311,267.9,9.5,50.95,Voltage Swell,Substation,SS-04,Medium,86.18,3
9312,253.66,11.66,50.64,Voltage Swell,Substation,SS-04,Medium,83.9,3
9313,267.97,17.19,50.54,Voltage Swell,Substation,SS-04,Medium,88.91,3
9314,259.82,18.2,50.84,Voltage Swell,Substation,SS-04,Medium,88.79,3
9315,246.69,15.01,50.47,Voltage Swell,Substation,SS-04,Medium,82.36,3
9316,256.5,18.05,50.32,Voltage Swell,Substation,SS-04,Medium,81.94,3
9317,250.02,11.02,50.66,Voltage Swell,Substation,SS-04,Medium,76.75,3
9318,249.7,14.34,50.04,Voltage Swell,Substation,SS-04,Medium,76.9,3
9319,266.58,18.15,50.35,Voltage Swell,Substation,SS-04,Medium,80.22,3
9320,268.41,8.31,50.58,Voltage Swell,Substation,SS-04,Medium,83.96,3
9321,264.7,19.42,50.36,Voltage Swell,Substation,SS-04,Medium,81.57,3
9322,261.78,19.61,50.89,Voltage Swell,Substation,SS-04,Medium,85.01,3
9323,266.42,9.02,50.38,Voltage Swell,Substation,SS-04,Medium,75.2,3
9324,249.44,15.57,50.89,Voltage Swell,Substation,SS-04,Medium,84.49,3
9325,261.6,9.25,50.66,Voltage Swell,Substation,SS-04,Medium,81.82,3
9326,261.29,11.91,50.58,Voltage Swell,Substation,SS-04,Medium,81.36,3
9327,258.97,9.77,50.4,Voltage Swell,Substation,SS-04,Medium,80.61,3
9328,263.41,16.48,50.91,Voltage Swell,Substation,SS-04,Medium,84.48,3
9329,252.86,17.4,50.5,Voltage Swell,Substation,SS-04,Medium,77.9,3
9330,263.69,9.59,50.18,Voltage Swell,Substation,SS-04,Medium,86.38,3
9331,264.25,17.49,50.29,Voltage Swell,Substation,SS-04,Medium,88.0,3
9332,263.07,18.01,50.71,Voltage Swell,Substation,SS-04,Medium,83.69,3
9333,247.73,16.53,50.69,Voltage Swell,Substation,SS-04,Medium,79.69,3
9334,263.4,14.61,50.56,Voltage Swell,Substation,SS-04,Medium,80.51,3
9335,247.92,10.6,50.77,Voltage Swell,Substation,SS-04,Medium,79.07,3
9336,245.06,19.96,50.21,Voltage Swell,Substation,SS-04,Medium,84.83,3
9337,268.17,15.2,50.8,Voltage Swell,Substation,SS-04,Medium,89.65,3
9338,266.51,14.69,50.36,Voltage Swell,Substation,SS-04,Medium,82.24,3
9339,266.05,18.24,50.85,Voltage Swell,Substation,SS-04,Medium,83.96,3
9340,256.92,11.74,50.0,Voltage Swell,Substation,SS-04,Medium,86.47,3
9341,251.92,11.96,50.84,Voltage Swell,Substation,SS-04,Medium,75.78,3
9342,268.19,8.02,50.94,Voltage Swell,Substation,SS-04,Medium,81.82,3
9343,247.55,16.09,50.9,Voltage Swell,Substation,SS-04,Medium,81.57,3
9344,262.28,19.75,50.24,Voltage Swell,Substation,SS-04,Medium,87.31,3
9345,252.38,13.12,50.28,Voltage Swell,Substation,SS-04,Medium,81.69,3
9346,245.13,11.64,50.45,Voltage Swell,Substation,SS-04,Medium,84.48,3
9347,260.93,15.01,50.29,Voltage Swell,Substation,SS-04,Medium,89.21,3
9348,254.8,10.6,50.55,Voltage Swell,Substation,SS-04,Medium,86.23,3
9349,245.31,11.32,50.82,Voltage Swell,Substation,SS-04,Medium,82.61,3
9350,255.21,19.17,50.09,Voltage Swell,Substation,SS-04,Medium,84.23,3
9351,253.55,8.85,50.21,Voltage Swell,Substation,SS-04,Medium,84.42,3
9352,245.71,15.11,50.96,Voltage Swell,Substation,SS-04,Medium,86.93,3
9353,253.64,9.66,50.47,Voltage Swell,Substation,SS-04,Medium,80.89,3
9354,269.29,19.88,50.41,Voltage Swell,Substation,SS-04,Medium,77.23,3
9355,267.77,17.52,50.51,Voltage Swell,Substation,SS-04,Medium,80.48,3
9356,256.2,18.82,50.18,Voltage Swell,Substation,SS-04,Medium,87.1,3
9357,245.45,19.05,50.5,Voltage Swell,Substation,SS-04,Medium,78.4,3
9358,245.07,14.71,50.24,Voltage Swell,Substation,SS-04,Medium,84.47,3
9359,252.03,9.06,50.51,Voltage Swell,Substation,SS-04,Medium,83.47,3
9360,256.31,13.5,50.59,Voltage Swell,Substation,SS-04,Medium,82.9,3
9361,248.31,10.37,50.14,Voltage Swell,Substation,SS-04,Medium,85.4,3
9362,258.21,13.16,50.8,Voltage Swell,Substation,SS-04,Medium,79.89,3
9363,259.2,8.89,50.74,Voltage Swell,Substation,SS-04,Medium,85.43,3
9364,265.06,18.61,50.76,Voltage Swell,Substation,SS-04,Medium,87.67,3
9365,253.64,12.12,50.94,Voltage Swell,Substation,SS-04,Medium,88.72,3
9366,258.71,12.4,50.87,Voltage Swell,Substation,SS-04,Medium,79.85,3
9367,248.84,15.67,50.04,Voltage Swell,Substation,SS-04,Medium,80.69,3
9368,265.19,11.54,50.93,Voltage Swell,Substation,SS-04,Medium,89.34,3
9369,265.4,19.85,50.53,Voltage Swell,Substation,SS-04,Medium,83.54,3
9370,265.9,13.91,50.41,Voltage Swell,Substation,SS-04,Medium,84.22,3
9371,261.44,17.01,50.67,Voltage Swell,Substation,SS-04,Medium,86.19,3
9372,261.86,13.77,50.13,Voltage Swell,Substation,SS-04,Medium,86.78,3
9373,245.77,19.91,50.83,Voltage Swell,Substation,SS-04,Medium,85.06,3
9374,269.17,15.35,50.06,Voltage Swell,Substation,SS-04,Medium,83.39,3
9375,251.93,12.43,50.46,Voltage Swell,Substation,SS-04,Medium,86.62,3
9376,257.57,13.7,50.3,Voltage Swell,Substation,SS-04,Medium,83.1,3
9377,251.21,11.13,50.76,Voltage Swell,Substation,SS-04,Medium,80.14,3
9378,246.28,12.12,50.64,Voltage Swell,Substation,SS-04,Medium,87.21,3
9379,269.05,16.95,50.43,Voltage Swell,Substation,SS-04,Medium,79.49,3
9380,248.24,15.53,50.51,Voltage Swell,Substation,SS-04,Medium,85.17,3
9381,250.93,11.88,50.29,Voltage Swell,Substation,SS-04,Medium,86.96,3
9382,249.28,15.3,50.05,Voltage Swell,Substation,SS-04,Medium,83.24,3
9383,246.6,10.11,50.11,Voltage Swell,Substation,SS-04,Medium,80.2,3
9384,253.59,17.92,50.23,Voltage Swell,Substation,SS-04,Medium,76.3,3
9385,260.09,16.25,50.29,Voltage Swell,Substation,SS-04,Medium,84.04,3
9386,264.4,12.17,50.53,Voltage Swell,Substation,SS-04,Medium,77.2,3
9387,245.59,19.78,50.3,Voltage Swell,Substation,SS-04,Medium,79.18,3
9388,269.33,16.74,50.59,Voltage Swell,Substation,SS-04,Medium,85.49,3
9389,262.75,17.16,50.07,Voltage Swell,Substation,SS-04,Medium,81.19,3
9390,252.38,8.85,50.41,Voltage Swell,Substation,SS-04,Medium,84.24,3
9391,249.46,11.66,50.64,Voltage Swell,Substation,SS-04,Medium,83.69,3
9392,266.72,17.49,50.97,Voltage Swell,Substation,SS-04,Medium,83.96,3
9393,262.46,18.33,50.84,Voltage Swell,Substation,SS-04,Medium,85.78,3
9394,257.51,11.28,50.88,Voltage Swell,Substation,SS-04,Medium,86.65,3
9395,265.95,9.69,50.31,Voltage Swell,Substation,SS-04,Medium,81.37,3
9396,265.96,18.71,50.28,Voltage Swell,Substation,SS-04,Medium,85.3,3
9397,246.95,12.91,50.49,Voltage Swell,Substation,SS-04,Medium,86.48,3
9398,267.3,12.05,50.53,Voltage Swell,Substation,SS-04,Medium,84.71,3
9399,253.22,19.83,50.88,Voltage Swell,Substation,SS-04,Medium,79.45,3
9400,257.7,10.77,50.51,Voltage Swell,Substation,SS-04,Medium,85.25,3
9401,247.14,18.44,50.59,Voltage Swell,Substation,SS-04,Medium,89.84,3
9402,245.64,17.98,50.79,Voltage Swell,Substation,SS-04,Medium,76.99,3
9403,253.38,18.62,50.52,Voltage Swell,Substation,SS-04,Medium,81.02,3
9404,267.64,9.12,50.47,Voltage Swell,Substation,SS-04,Medium,84.79,3
9405,260.21,11.17,50.56,Voltage Swell,Substation,SS-04,Medium,85.63,3
9406,259.62,16.21,50.26,Voltage Swell,Substation,SS-04,Medium,87.49,3
9407,256.24,19.85,50.02,Voltage Swell,Substation,SS-04,Medium,80.7,3
9408,249.51,14.67,50.24,Voltage Swell,Substation,SS-04,Medium,86.06,3
9409,267.05,10.53,50.16,Voltage Swell,Substation,SS-04,Medium,88.13,3
9410,254.03,13.22,50.22,Voltage Swell,Substation,SS-04,Medium,81.38,3
9411,250.78,15.99,50.5,Voltage Swell,Substation,SS-04,Medium,86.82,3
9412,252.82,14.07,50.26,Voltage Swell,Substation,SS-04,Medium,89.02,3
9413,258.05,10.08,50.27,Voltage Swell,Substation,SS-04,Medium,76.24,3
9414,245.7,14.31,50.34,Voltage Swell,Substation,SS-04,Medium,89.46,3
9415,249.28,17.53,50.32,Voltage Swell,Substation,SS-04,Medium,78.35,3
9416,269.24,17.63,50.63,Voltage Swell,Substation,SS-04,Medium,85.46,3
9417,269.78,15.12,50.1,Voltage Swell,Substation,SS-04,Medium,75.97,3
9418,261.67,15.89,50.75,Voltage Swell,Substation,SS-04,Medium,76.63,3
9419,268.62,14.61,50.65,Voltage Swell,Substation,SS-04,Medium,75.52,3
9420,269.02,14.75,50.56,Voltage Swell,Substation,SS-04,Medium,89.15,3
9421,268.23,10.64,50.93,Voltage Swell,Substation,SS-04,Medium,86.05,3
9422,245.47,10.88,50.41,Voltage Swell,Substation,SS-04,Medium,83.74,3
9423,262.53,10.52,50.84,Voltage Swell,Substation,SS-04,Medium,87.69,3
9424,260.87,19.05,50.81,Voltage Swell,Substation,SS-04,Medium,78.32,3
9425,264.97,19.44,50.14,Voltage Swell,Substation,SS-04,Medium,89.68,3
9426,245.62,14.27,50.77,Voltage Swell,Substation,SS-04,Medium,86.86,3
9427,263.37,14.35,50.65,Voltage Swell,Substation,SS-04,Medium,85.5,3
9428,257.36,15.15,50.85,Voltage Swell,Substation,SS-04,Medium,79.69,3
9429,258.08,8.1,50.69,Voltage Swell,Substation,SS-04,Medium,77.93,3
9430,257.03,10.52,50.02,Voltage Swell,Substation,SS-04,Medium,82.25,3
9431,255.62,13.1,50.21,Voltage Swell,Substation,SS-04,Medium,89.21,3
9432,245.09,18.7,50.74,Voltage Swell,Substation,SS-04,Medium,77.58,3
9433,256.8,19.87,50.64,Voltage Swell,Substation,SS-04,Medium,76.91,3
9434,256.44,13.62,50.8,Voltage Swell,Substation,SS-04,Medium,88.74,3
9435,247.06,11.77,50.3,Voltage Swell,Substation,SS-04,Medium,89.94,3
9436,258.98,18.56,50.43,Voltage Swell,Substation,SS-04,Medium,85.84,3
9437,252.16,18.94,50.46,Voltage Swell,Substation,SS-04,Medium,87.06,3
9438,251.4,16.32,50.41,Voltage Swell,Substation,SS-04,Medium,75.47,3
9439,255.33,14.6,50.15,Voltage Swell,Substation,SS-04,Medium,77.76,3
9440,256.62,12.11,50.44,Voltage Swell,Substation,SS-04,Medium,81.91,3
9441,248.5,10.17,50.85,Voltage Swell,Substation,SS-04,Medium,77.44,3
9442,261.65,13.02,50.97,Voltage Swell,Substation,SS-04,Medium,75.99,3
9443,265.76,13.9,50.01,Voltage Swell,Substation,SS-04,Medium,78.95,3
9444,255.19,11.77,50.36,Voltage Swell,Substation,SS-04,Medium,88.75,3
9445,254.02,13.03,50.76,Voltage Swell,Substation,SS-04,Medium,86.91,3
9446,247.1,16.45,50.48,Voltage Swell,Substation,SS-04,Medium,77.01,3
9447,251.62,8.54,50.36,Voltage Swell,Substation,SS-04,Medium,78.83,3
9448,254.55,14.96,50.73,Voltage Swell,Substation,SS-04,Medium,84.08,3
9449,261.96,18.39,50.87,Voltage Swell,Substation,SS-04,Medium,87.91,3
9450,248.83,11.01,50.5,Voltage Swell,Substation,SS-04,Medium,80.38,3
9451,248.29,11.45,50.98,Voltage Swell,Substation,SS-04,Medium,80.2,3
9452,255.47,8.08,50.72,Voltage Swell,Substation,SS-04,Medium,81.2,3
9453,247.58,19.62,50.78,Voltage Swell,Substation,SS-04,Medium,85.89,3
9454,268.95,12.89,50.72,Voltage Swell,Substation,SS-04,Medium,78.09,3
9455,262.43,8.17,50.13,Voltage Swell,Substation,SS-04,Medium,81.38,3
9456,245.3,13.54,50.52,Voltage Swell,Substation,SS-04,Medium,84.32,3
9457,247.51,10.17,50.61,Voltage Swell,Substation,SS-04,Medium,84.87,3
9458,245.65,14.48,50.78,Voltage Swell,Substation,SS-04,Medium,76.04,3
9459,255.33,11.92,50.91,Voltage Swell,Substation,SS-04,Medium,77.79,3
9460,252.96,18.78,50.33,Voltage Swell,Substation,SS-04,Medium,82.97,3
9461,245.83,19.82,50.82,Voltage Swell,Substation,SS-04,Medium,84.52,3
9462,246.52,8.9,50.54,Voltage Swell,Substation,SS-04,Medium,79.28,3
9463,260.57,15.18,50.84,Voltage Swell,Substation,SS-04,Medium,79.22,3
9464,259.45,17.33,50.49,Voltage Swell,Substation,SS-04,Medium,87.46,3
9465,248.28,16.81,50.94,Voltage Swell,Substation,SS-04,Medium,79.98,3
9466,254.16,9.0,50.64,Voltage Swell,Substation,SS-04,Medium,83.29,3
9467,246.01,17.03,50.83,Voltage Swell,Substation,SS-04,Medium,88.61,3
9468,258.64,13.43,50.88,Voltage Swell,Substation,SS-04,Medium,80.98,3
9469,261.39,15.38,50.37,Voltage Swell,Substation,SS-04,Medium,76.3,3
9470,245.54,13.14,50.48,Voltage Swell,Substation,SS-04,Medium,87.34,3
9471,255.36,11.37,50.46,Voltage Swell,Substation,SS-04,Medium,78.57,3
9472,247.28,9.36,50.32,Voltage Swell,Substation,SS-04,Medium,75.19,3
9473,250.51,17.45,50.23,Voltage Swell,Substation,SS-04,Medium,76.66,3
9474,268.73,15.47,50.06,Voltage Swell,Substation,SS-04,Medium,75.93,3
9475,260.3,14.48,50.07,Voltage Swell,Substation,SS-04,Medium,78.36,3
9476,268.23,14.86,50.44,Voltage Swell,Substation,SS-04,Medium,78.75,3
9477,248.34,12.83,50.92,Voltage Swell,Substation,SS-04,Medium,75.73,3
9478,269.77,10.49,50.41,Voltage Swell,Substation,SS-04,Medium,75.68,3
9479,259.62,13.8,50.67,Voltage Swell,Substation,SS-04,Medium,83.14,3
9480,254.95,16.85,50.03,Voltage Swell,Substation,SS-04,Medium,83.12,3
9481,247.85,13.23,50.79,Voltage Swell,Substation,SS-04,Medium,77.14,3
9482,268.4,18.66,50.41,Voltage Swell,Substation,SS-04,Medium,75.09,3
9483,264.74,18.57,50.17,Voltage Swell,Substation,SS-04,Medium,88.74,3
9484,267.85,13.66,50.8,Voltage Swell,Substation,SS-04,Medium,81.67,3
9485,259.1,11.84,50.16,Voltage Swell,Substation,SS-04,Medium,86.2,3
9486,245.03,14.95,50.86,Voltage Swell,Substation,SS-04,Medium,78.32,3
9487,253.32,15.05,50.25,Voltage Swell,Substation,SS-04,Medium,87.71,3
9488,254.17,14.98,50.23,Voltage Swell,Substation,SS-04,Medium,75.62,3
9489,249.34,8.55,50.47,Voltage Swell,Substation,SS-04,Medium,83.8,3
9490,246.12,9.09,50.49,Voltage Swell,Substation,SS-04,Medium,86.99,3
9491,260.7,9.26,50.89,Voltage Swell,Substation,SS-04,Medium,88.76,3
9492,253.12,15.39,50.49,Voltage Swell,Substation,SS-04,Medium,89.13,3
9493,257.72,19.52,50.2,Voltage Swell,Substation,SS-04,Medium,80.18,3
9494,264.53,17.4,50.73,Voltage Swell,Substation,SS-04,Medium,87.89,3
9495,262.56,15.63,50.46,Voltage Swell,Substation,SS-04,Medium,82.01,3
9496,255.15,15.44,50.41,Voltage Swell,Substation,SS-04,Medium,77.21,3
9497,247.66,19.09,50.02,Voltage Swell,Substation,SS-04,Medium,76.58,3
9498,256.13,11.16,50.41,Voltage Swell,Substation,SS-04,Medium,76.76,3
9499,248.27,17.61,50.76,Voltage Swell,Substation,SS-04,Medium,76.56,3
9500,261.69,15.31,50.71,Voltage Swell,Substation,SS-04,Medium,82.12,3
9501,251.75,15.96,50.37,Voltage Swell,Substation,SS-04,Medium,78.28,3
9502,255.22,17.16,50.48,Voltage Swell,Substation,SS-04,Medium,79.5,3
9503,265.8,18.58,50.43,Voltage Swell,Substation,SS-04,Medium,80.62,3
9504,260.32,8.7,50.69,Voltage Swell,Substation,SS-04,Medium,86.73,3
9505,254.94,10.1,50.03,Voltage Swell,Substation,SS-04,Medium,84.56,3
9506,251.72,13.57,50.39,Voltage Swell,Substation,SS-04,Medium,77.62,3
9507,257.71,13.52,50.62,Voltage Swell,Substation,SS-04,Medium,78.78,3
9508,250.37,17.77,50.7,Voltage Swell,Substation,SS-04,Medium,86.58,3
9509,248.08,10.69,50.58,Voltage Swell,Substation,SS-04,Medium,87.86,3
9510,267.3,17.98,50.04,Voltage Swell,Substation,SS-04,Medium,87.31,3
9511,267.48,8.68,50.42,Voltage Swell,Substation,SS-04,Medium,83.05,3
9512,250.82,14.2,50.89,Voltage Swell,Substation,SS-04,Medium,88.0,3
9513,268.5,13.81,50.41,Voltage Swell,Substation,SS-04,Medium,84.99,3
9514,255.42,8.5,50.72,Voltage Swell,Substation,SS-04,Medium,79.21,3
9515,246.23,8.25,50.93,Voltage Swell,Substation,SS-04,Medium,78.78,3
9516,256.2,19.41,50.47,Voltage Swell,Substation,SS-04,Medium,76.18,3
9517,258.8,9.06,50.1,Voltage Swell,Substation,SS-04,Medium,87.77,3
9518,252.24,16.14,50.51,Voltage Swell,Substation,SS-04,Medium,78.33,3
9519,257.95,8.83,50.35,Voltage Swell,Substation,SS-04,Medium,82.84,3
9520,250.71,15.92,50.05,Voltage Swell,Substation,SS-04,Medium,82.27,3
9521,262.87,13.16,50.87,Voltage Swell,Substation,SS-04,Medium,84.48,3
9522,268.96,11.41,50.94,Voltage Swell,Substation,SS-04,Medium,84.1,3
9523,263.63,18.83,50.55,Voltage Swell,Substation,SS-04,Medium,87.93,3
9524,258.54,15.19,50.45,Voltage Swell,Substation,SS-04,Medium,77.18,3
9525,258.84,19.73,50.79,Voltage Swell,Substation,SS-04,Medium,86.21,3
9526,261.08,12.17,50.17,Voltage Swell,Substation,SS-04,Medium,78.37,3
9527,245.16,16.08,50.81,Voltage Swell,Substation,SS-04,Medium,79.03,3
9528,247.3,12.03,50.29,Voltage Swell,Substation,SS-04,Medium,81.76,3
9529,251.6,12.08,50.91,Voltage Swell,Substation,SS-04,Medium,80.02,3
9530,264.64,15.51,50.34,Voltage Swell,Substation,SS-04,Medium,87.27,3
9531,259.88,8.1,50.07,Voltage Swell,Substation,SS-04,Medium,86.29,3
9532,256.16,12.87,50.15,Voltage Swell,Substation,SS-04,Medium,77.36,3
9533,264.94,17.95,50.56,Voltage Swell,Substation,SS-04,Medium,79.43,3
9534,268.32,15.49,50.8,Voltage Swell,Substation,SS-04,Medium,75.05,3
9535,256.26,18.45,50.34,Voltage Swell,Substation,SS-04,Medium,85.9,3
9536,261.44,9.83,50.77,Voltage Swell,Substation,SS-04,Medium,76.69,3
9537,263.2,19.89,50.96,Voltage Swell,Substation,SS-04,Medium,87.0,3
9538,258.36,16.1,50.73,Voltage Swell,Substation,SS-04,Medium,75.13,3
9539,247.56,15.16,50.01,Voltage Swell,Substation,SS-04,Medium,88.63,3
9540,257.24,11.09,50.39,Voltage Swell,Substation,SS-04,Medium,87.76,3
9541,268.18,9.39,50.78,Voltage Swell,Substation,SS-04,Medium,83.67,3
9542,259.64,17.35,50.22,Voltage Swell,Substation,SS-04,Medium,82.97,3
9543,252.98,9.13,50.11,Voltage Swell,Substation,SS-04,Medium,77.05,3
9544,260.37,9.27,50.57,Voltage Swell,Substation,SS-04,Medium,83.82,3
9545,267.6,15.52,50.99,Voltage Swell,Substation,SS-04,Medium,75.46,3
9546,262.6,8.32,50.73,Voltage Swell,Substation,SS-04,Medium,80.79,3
9547,260.28,11.71,50.16,Voltage Swell,Substation,SS-04,Medium,85.85,3
9548,267.62,10.2,50.92,Voltage Swell,Substation,SS-04,Medium,77.1,3
9549,263.39,19.51,50.15,Voltage Swell,Substation,SS-04,Medium,81.53,3
9550,253.44,12.66,50.75,Voltage Swell,Substation,SS-04,Medium,84.92,3
9551,269.22,10.23,50.54,Voltage Swell,Substation,SS-04,Medium,81.74,3
9552,267.97,8.13,50.99,Voltage Swell,Substation,SS-04,Medium,82.2,3
9553,260.64,12.32,50.85,Voltage Swell,Substation,SS-04,Medium,83.43,3
9554,261.57,15.79,50.36,Voltage Swell,Substation,SS-04,Medium,76.14,3
9555,265.19,11.48,50.85,Voltage Swell,Substation,SS-04,Medium,84.13,3
9556,253.84,15.13,50.65,Voltage Swell,Substation,SS-04,Medium,85.6,3
9557,265.56,9.92,50.94,Voltage Swell,Substation,SS-04,Medium,81.16,3
9558,266.51,10.65,50.03,Voltage Swell,Substation,SS-04,Medium,83.6,3
9559,253.12,19.81,50.1,Voltage Swell,Substation,SS-04,Medium,75.71,3
9560,246.13,10.6,50.58,Voltage Swell,Substation,SS-04,Medium,82.58,3
9561,253.75,9.07,50.23,Voltage Swell,Substation,SS-04,Medium,77.76,3
9562,263.64,17.36,50.78,Voltage Swell,Substation,SS-04,Medium,89.54,3
9563,267.11,13.97,50.41,Voltage Swell,Substation,SS-04,Medium,88.74,3
9564,260.28,11.53,50.56,Voltage Swell,Substation,SS-04,Medium,89.88,3
9565,266.24,11.38,50.95,Voltage Swell,Substation,SS-04,Medium,89.72,3
9566,250.78,18.75,50.88,Voltage Swell,Substation,SS-04,Medium,75.6,3
9567,261.74,11.66,50.67,Voltage Swell,Substation,SS-04,Medium,88.7,3
9568,257.47,12.97,50.92,Voltage Swell,Substation,SS-04,Medium,89.61,3
9569,246.56,19.07,50.08,Voltage Swell,Substation,SS-04,Medium,80.06,3
9570,264.06,17.32,50.73,Voltage Swell,Substation,SS-04,Medium,75.59,3
9571,248.32,19.23,50.08,Voltage Swell,Substation,SS-04,Medium,76.18,3
9572,265.89,15.7,50.35,Voltage Swell,Substation,SS-04,Medium,77.49,3
9573,267.1,19.86,50.05,Voltage Swell,Substation,SS-04,Medium,83.31,3
9574,251.53,17.99,50.35,Voltage Swell,Substation,SS-04,Medium,85.72,3
9575,258.49,14.5,50.86,Voltage Swell,Substation,SS-04,Medium,82.06,3
9576,266.14,12.36,50.17,Voltage Swell,Substation,SS-04,Medium,81.83,3
9577,257.46,13.74,50.81,Voltage Swell,Substation,SS-04,Medium,83.47,3
9578,267.21,14.17,50.22,Voltage Swell,Substation,SS-04,Medium,76.94,3
9579,266.71,8.67,50.12,Voltage Swell,Substation,SS-04,Medium,75.95,3
9580,255.59,14.39,50.02,Voltage Swell,Substation,SS-04,Medium,82.73,3
9581,254.84,17.28,50.83,Voltage Swell,Substation,SS-04,Medium,85.27,3
9582,256.84,10.59,50.85,Voltage Swell,Substation,SS-04,Medium,80.13,3
9583,253.91,18.99,50.98,Voltage Swell,Substation,SS-04,Medium,88.47,3
9584,269.96,18.43,50.7,Voltage Swell,Substation,SS-04,Medium,79.41,3
9585,268.82,18.52,50.24,Voltage Swell,Substation,SS-04,Medium,82.34,3
9586,246.75,19.44,50.57,Voltage Swell,Substation,SS-04,Medium,78.68,3
9587,252.31,19.77,50.62,Voltage Swell,Substation,SS-04,Medium,81.31,3
9588,257.5,9.18,50.08,Voltage Swell,Substation,SS-04,Medium,83.89,3
9589,257.8,12.31,50.57,Voltage Swell,Substation,SS-04,Medium,76.09,3
9590,268.6,11.52,50.07,Voltage Swell,Substation,SS-04,Medium,77.54,3
9591,247.39,10.14,50.42,Voltage Swell,Substation,SS-04,Medium,86.07,3
9592,251.81,13.23,50.93,Voltage Swell,Substation,SS-04,Medium,79.44,3
9593,264.87,9.89,50.18,Voltage Swell,Substation,SS-04,Medium,81.84,3
9594,250.85,18.84,50.05,Voltage Swell,Substation,SS-04,Medium,83.96,3
9595,260.11,8.79,50.73,Voltage Swell,Substation,SS-04,Medium,82.03,3
9596,263.08,17.92,50.32,Voltage Swell,Substation,SS-04,Medium,82.27,3
9597,251.52,10.42,50.0,Voltage Swell,Substation,SS-04,Medium,89.45,3
9598,256.02,8.16,50.01,Voltage Swell,Substation,SS-04,Medium,79.33,3
9599,245.35,12.49,50.06,Voltage Swell,Substation,SS-04,Medium,75.59,3
9600,261.73,18.88,50.41,Voltage Swell,Substation,SS-04,Medium,87.55,3
9601,245.73,17.33,50.06,Voltage Swell,Substation,SS-04,Medium,87.58,3
9602,267.06,17.43,50.82,Voltage Swell,Substation,SS-04,Medium,83.42,3
9603,251.62,15.72,50.44,Voltage Swell,Substation,SS-04,Medium,75.08,3
9604,256.92,15.81,50.01,Voltage Swell,Substation,SS-04,Medium,84.32,3
9605,261.31,9.9,50.43,Voltage Swell,Substation,SS-04,Medium,89.46,3
9606,267.1,12.93,50.35,Voltage Swell,Substation,SS-04,Medium,76.86,3
9607,245.88,11.57,50.94,Voltage Swell,Substation,SS-04,Medium,89.38,3
9608,265.31,12.21,50.14,Voltage Swell,Substation,SS-04,Medium,83.93,3
9609,261.16,13.09,50.69,Voltage Swell,Substation,SS-04,Medium,86.2,3
9610,264.58,14.03,50.79,Voltage Swell,Substation,SS-04,Medium,75.38,3
9611,262.01,10.83,50.27,Voltage Swell,Substation,SS-04,Medium,76.37,3
9612,249.81,19.9,50.42,Voltage Swell,Substation,SS-04,Medium,88.92,3
9613,249.07,10.45,50.56,Voltage Swell,Substation,SS-04,Medium,80.24,3
9614,261.1,13.06,50.81,Voltage Swell,Substation,SS-04,Medium,81.47,3
9615,259.31,11.85,50.7,Voltage Swell,Substation,SS-04,Medium,84.82,3
9616,254.93,11.31,50.61,Voltage Swell,Substation,SS-04,Medium,89.15,3
9617,248.32,17.59,50.54,Voltage Swell,Substation,SS-04,Medium,82.88,3
9618,269.04,15.27,50.83,Voltage Swell,Substation,SS-04,Medium,82.72,3
9619,251.25,16.33,50.92,Voltage Swell,Substation,SS-04,Medium,87.62,3
9620,249.96,11.8,50.52,Voltage Swell,Substation,SS-04,Medium,83.57,3
9621,249.85,10.76,50.76,Voltage Swell,Substation,SS-04,Medium,85.95,3
9622,265.98,19.2,50.31,Voltage Swell,Substation,SS-04,Medium,87.89,3
9623,261.65,19.49,50.27,Voltage Swell,Substation,SS-04,Medium,79.05,3
9624,262.61,19.14,50.82,Voltage Swell,Substation,SS-04,Medium,85.91,3
9625,254.68,16.61,50.8,Voltage Swell,Substation,SS-04,Medium,86.3,3
9626,261.92,8.57,50.66,Voltage Swell,Substation,SS-04,Medium,82.17,3
9627,269.04,15.29,50.61,Voltage Swell,Substation,SS-04,Medium,89.91,3
9628,247.34,11.32,50.66,Voltage Swell,Substation,SS-04,Medium,79.73,3
9629,253.65,18.71,50.58,Voltage Swell,Substation,SS-04,Medium,76.54,3
9630,252.77,8.91,50.56,Voltage Swell,Substation,SS-04,Medium,77.6,3
9631,266.43,14.93,50.06,Voltage Swell,Substation,SS-04,Medium,79.51,3
9632,260.41,12.03,50.51,Voltage Swell,Substation,SS-04,Medium,88.64,3
9633,253.75,12.03,50.82,Voltage Swell,Substation,SS-04,Medium,79.78,3
9634,246.95,10.17,50.95,Voltage Swell,Substation,SS-04,Medium,89.0,3
9635,250.62,14.64,50.14,Voltage Swell,Substation,SS-04,Medium,85.12,3
9636,249.63,8.6,50.82,Voltage Swell,Substation,SS-04,Medium,79.88,3
9637,247.71,18.01,50.76,Voltage Swell,Substation,SS-04,Medium,85.26,3
9638,267.78,13.87,50.13,Voltage Swell,Substation,SS-04,Medium,75.92,3
9639,252.96,9.04,50.54,Voltage Swell,Substation,SS-04,Medium,75.22,3
9640,256.09,10.14,50.37,Voltage Swell,Substation,SS-04,Medium,85.13,3
9641,253.77,12.1,50.99,Voltage Swell,Substation,SS-04,Medium,85.78,3
9642,257.85,14.95,50.62,Voltage Swell,Substation,SS-04,Medium,75.37,3
9643,247.01,15.79,50.36,Voltage Swell,Substation,SS-04,Medium,75.83,3
9644,252.44,9.56,50.92,Voltage Swell,Substation,SS-04,Medium,78.04,3
9645,248.59,15.51,50.52,Voltage Swell,Substation,SS-04,Medium,83.64,3
9646,255.9,13.61,50.78,Voltage Swell,Substation,SS-04,Medium,78.3,3
9647,254.91,19.49,50.19,Voltage Swell,Substation,SS-04,Medium,79.41,3
9648,249.79,8.25,50.27,Voltage Swell,Substation,SS-04,Medium,75.7,3
9649,248.87,12.35,50.02,Voltage Swell,Substation,SS-04,Medium,86.29,3
9650,264.89,12.94,50.98,Voltage Swell,Substation,SS-04,Medium,85.18,3
9651,263.59,10.31,50.84,Voltage Swell,Substation,SS-04,Medium,89.18,3
9652,250.91,16.24,50.75,Voltage Swell,Substation,SS-04,Medium,79.58,3
9653,256.88,9.17,50.17,Voltage Swell,Substation,SS-04,Medium,75.92,3
9654,259.0,15.5,50.92,Voltage Swell,Substation,SS-04,Medium,83.13,3
9655,251.52,8.71,50.88,Voltage Swell,Substation,SS-04,Medium,82.18,3
9656,263.43,8.18,50.49,Voltage Swell,Substation,SS-04,Medium,79.89,3
9657,245.76,17.31,50.51,Voltage Swell,Substation,SS-04,Medium,80.0,3
9658,265.14,13.36,50.0,Voltage Swell,Substation,SS-04,Medium,89.17,3
9659,251.39,17.97,50.82,Voltage Swell,Substation,SS-04,Medium,77.44,3
9660,256.85,8.48,50.35,Voltage Swell,Substation,SS-04,Medium,85.96,3
9661,250.93,9.41,50.51,Voltage Swell,Substation,SS-04,Medium,83.05,3
9662,261.9,17.11,50.7,Voltage Swell,Substation,SS-04,Medium,87.68,3
9663,250.57,14.84,50.36,Voltage Swell,Substation,SS-04,Medium,89.43,3
9664,256.01,19.52,50.77,Voltage Swell,Substation,SS-04,Medium,85.78,3
9665,257.29,13.32,50.53,Voltage Swell,Substation,SS-04,Medium,79.4,3
9666,267.61,17.53,50.8,Voltage Swell,Substation,SS-04,Medium,81.5,3
9667,246.78,16.2,50.37,Voltage Swell,Substation,SS-04,Medium,88.06,3
9668,264.51,9.74,50.6,Voltage Swell,Substation,SS-04,Medium,85.38,3
9669,259.2,14.17,50.23,Voltage Swell,Substation,SS-04,Medium,78.54,3
9670,264.2,8.22,50.78,Voltage Swell,Substation,SS-04,Medium,82.9,3
9671,268.41,19.97,50.66,Voltage Swell,Substation,SS-04,Medium,81.18,3
9672,256.88,10.45,50.1,Voltage Swell,Substation,SS-04,Medium,83.68,3
9673,265.14,11.14,50.42,Voltage Swell,Substation,SS-04,Medium,83.32,3
9674,267.7,9.66,50.24,Voltage Swell,Substation,SS-04,Medium,88.78,3
9675,245.99,15.87,50.64,Voltage Swell,Substation,SS-04,Medium,80.75,3
9676,256.7,18.26,50.16,Voltage Swell,Substation,SS-04,Medium,78.47,3
9677,257.81,12.92,50.57,Voltage Swell,Substation,SS-04,Medium,88.81,3
9678,267.93,10.76,50.3,Voltage Swell,Substation,SS-04,Medium,77.43,3
9679,268.19,12.77,50.45,Voltage Swell,Substation,SS-04,Medium,87.04,3
9680,257.82,9.44,50.44,Voltage Swell,Substation,SS-04,Medium,84.46,3
9681,262.98,15.74,50.12,Voltage Swell,Substation,SS-04,Medium,79.57,3
9682,263.34,18.56,50.05,Voltage Swell,Substation,SS-04,Medium,75.63,3
9683,261.09,14.58,50.16,Voltage Swell,Substation,SS-04,Medium,83.22,3
9684,269.36,15.57,50.45,Voltage Swell,Substation,SS-04,Medium,87.41,3
9685,250.32,12.97,50.53,Voltage Swell,Substation,SS-04,Medium,82.57,3
9686,268.02,11.51,50.06,Voltage Swell,Substation,SS-04,Medium,88.75,3
9687,250.43,12.55,50.53,Voltage Swell,Substation,SS-04,Medium,89.64,3
9688,258.38,13.37,50.58,Voltage Swell,Substation,SS-04,Medium,89.56,3
9689,265.45,10.03,50.8,Voltage Swell,Substation,SS-04,Medium,87.62,3
9690,262.27,15.89,50.44,Voltage Swell,Substation,SS-04,Medium,84.63,3
9691,263.44,9.47,50.26,Voltage Swell,Substation,SS-04,Medium,77.91,3
9692,266.03,16.16,50.45,Voltage Swell,Substation,SS-04,Medium,87.39,3
9693,262.92,18.96,50.08,Voltage Swell,Substation,SS-04,Medium,82.64,3
9694,262.67,10.49,50.33,Voltage Swell,Substation,SS-04,Medium,81.28,3
9695,264.86,13.92,50.49,Voltage Swell,Substation,SS-04,Medium,81.46,3
9696,250.71,19.08,50.32,Voltage Swell,Substation,SS-04,Medium,83.51,3
9697,248.72,13.21,50.9,Voltage Swell,Substation,SS-04,Medium,89.93,3
9698,254.04,9.85,50.31,Voltage Swell,Substation,SS-04,Medium,79.91,3
9699,261.11,13.95,50.77,Voltage Swell,Substation,SS-04,Medium,85.52,3
9700,251.28,17.41,50.85,Voltage Swell,Substation,SS-04,Medium,83.98,3
9701,268.19,17.4,50.6,Voltage Swell,Substation,SS-04,Medium,88.59,3
9702,260.01,14.25,50.36,Voltage Swell,Substation,SS-04,Medium,88.24,3
9703,248.07,13.68,50.54,Voltage Swell,Substation,SS-04,Medium,83.32,3
9704,261.3,14.07,50.26,Voltage Swell,Substation,SS-04,Medium,87.85,3
9705,261.44,18.3,50.28,Voltage Swell,Substation,SS-04,Medium,84.56,3
9706,262.85,12.6,50.81,Voltage Swell,Substation,SS-04,Medium,75.04,3
9707,259.87,15.36,50.53,Voltage Swell,Substation,SS-04,Medium,84.45,3
9708,249.18,16.22,50.34,Voltage Swell,Substation,SS-04,Medium,81.78,3
9709,253.33,13.69,50.62,Voltage Swell,Substation,SS-04,Medium,87.58,3
9710,257.09,11.88,50.49,Voltage Swell,Substation,SS-04,Medium,85.33,3
9711,253.67,12.97,50.56,Voltage Swell,Substation,SS-04,Medium,79.41,3
9712,250.23,9.68,50.35,Voltage Swell,Substation,SS-04,Medium,75.73,3
9713,259.59,10.11,50.38,Voltage Swell,Substation,SS-04,Medium,79.04,3
9714,260.76,18.2,50.63,Voltage Swell,Substation,SS-04,Medium,83.14,3
9715,261.73,8.36,50.12,Voltage Swell,Substation,SS-04,Medium,76.42,3
9716,247.45,11.13,50.53,Voltage Swell,Substation,SS-04,Medium,76.72,3
9717,268.38,18.25,50.97,Voltage Swell,Substation,SS-04,Medium,75.64,3
9718,266.29,17.64,50.9,Voltage Swell,Substation,SS-04,Medium,82.92,3
9719,264.7,8.62,50.08,Voltage Swell,Substation,SS-04,Medium,76.78,3
9720,267.87,8.73,50.1,Voltage Swell,Substation,SS-04,Medium,88.96,3
9721,247.68,18.44,50.79,Voltage Swell,Substation,SS-04,Medium,75.6,3
9722,245.55,14.41,51.0,Voltage Swell,Substation,SS-04,Medium,88.18,3
9723,252.75,12.64,50.39,Voltage Swell,Substation,SS-04,Medium,86.01,3
9724,253.53,9.77,50.75,Voltage Swell,Substation,SS-04,Medium,81.87,3
9725,246.92,17.48,50.59,Voltage Swell,Substation,SS-04,Medium,82.34,3
9726,261.83,14.06,50.65,Voltage Swell,Substation,SS-04,Medium,88.01,3
9727,260.34,15.92,50.61,Voltage Swell,Substation,SS-04,Medium,82.97,3
9728,249.3,12.03,50.69,Voltage Swell,Substation,SS-04,Medium,81.38,3
9729,255.15,17.11,50.01,Voltage Swell,Substation,SS-04,Medium,85.18,3
9730,257.23,12.52,50.34,Voltage Swell,Substation,SS-04,Medium,77.59,3
9731,253.36,12.7,50.44,Voltage Swell,Substation,SS-04,Medium,85.08,3
9732,256.34,17.56,50.64,Voltage Swell,Substation,SS-04,Medium,77.84,3
9733,251.93,8.95,50.95,Voltage Swell,Substation,SS-04,Medium,88.3,3
9734,247.12,14.89,50.96,Voltage Swell,Substation,SS-04,Medium,86.21,3
9735,257.3,10.89,50.28,Voltage Swell,Substation,SS-04,Medium,86.04,3
9736,264.51,14.34,50.12,Voltage Swell,Substation,SS-04,Medium,89.01,3
9737,266.12,9.69,50.06,Voltage Swell,Substation,SS-04,Medium,83.04,3
9738,252.1,11.4,50.09,Voltage Swell,Substation,SS-04,Medium,89.3,3
9739,265.75,9.37,50.88,Voltage Swell,Substation,SS-04,Medium,85.24,3
9740,253.14,18.46,50.6,Voltage Swell,Substation,SS-04,Medium,87.73,3
9741,256.73,14.01,50.29,Voltage Swell,Substation,SS-04,Medium,80.82,3
9742,259.19,19.36,50.6,Voltage Swell,Substation,SS-04,Medium,77.21,3
9743,245.17,18.21,50.36,Voltage Swell,Substation,SS-04,Medium,79.72,3
9744,265.02,19.34,50.75,Voltage Swell,Substation,SS-04,Medium,77.61,3
9745,254.78,17.11,50.91,Voltage Swell,Substation,SS-04,Medium,89.98,3
9746,257.79,17.87,50.05,Voltage Swell,Substation,SS-04,Medium,79.29,3
9747,254.29,19.71,50.0,Voltage Swell,Substation,SS-04,Medium,79.62,3
9748,268.26,11.68,50.23,Voltage Swell,Substation,SS-04,Medium,85.95,3
9749,263.63,13.67,50.95,Voltage Swell,Substation,SS-04,Medium,78.04,3
9750,267.84,17.07,50.37,Voltage Swell,Substation,SS-04,Medium,87.1,3
9751,248.33,9.57,50.93,Voltage Swell,Substation,SS-04,Medium,76.42,3
9752,245.1,12.67,50.1,Voltage Swell,Substation,SS-04,Medium,87.95,3
9753,268.07,13.79,50.43,Voltage Swell,Substation,SS-04,Medium,83.09,3
9754,250.65,11.58,50.1,Voltage Swell,Substation,SS-04,Medium,81.7,3
9755,260.29,19.16,50.74,Voltage Swell,Substation,SS-04,Medium,85.85,3
9756,252.7,18.66,50.95,Voltage Swell,Substation,SS-04,Medium,88.98,3
9757,245.97,15.25,50.64,Voltage Swell,Substation,SS-04,Medium,79.43,3
9758,269.81,11.49,50.22,Voltage Swell,Substation,SS-04,Medium,82.26,3
9759,253.08,19.09,50.44,Voltage Swell,Substation,SS-04,Medium,81.15,3
9760,260.65,8.97,50.76,Voltage Swell,Substation,SS-04,Medium,86.53,3
9761,256.85,19.47,50.58,Voltage Swell,Substation,SS-04,Medium,85.43,3
9762,268.11,16.0,50.43,Voltage Swell,Substation,SS-04,Medium,75.37,3
9763,263.21,19.58,50.47,Voltage Swell,Substation,SS-04,Medium,80.1,3
9764,257.98,16.74,50.0,Voltage Swell,Substation,SS-04,Medium,88.31,3
9765,267.16,14.5,50.12,Voltage Swell,Substation,SS-04,Medium,85.08,3
9766,248.45,14.09,50.09,Voltage Swell,Substation,SS-04,Medium,83.84,3
9767,252.95,17.97,50.8,Voltage Swell,Substation,SS-04,Medium,89.98,3
9768,251.44,8.74,50.44,Voltage Swell,Substation,SS-04,Medium,76.25,3
9769,249.46,15.17,50.59,Voltage Swell,Substation,SS-04,Medium,75.65,3
9770,256.07,14.36,50.27,Voltage Swell,Substation,SS-04,Medium,88.08,3
9771,249.03,11.05,50.16,Voltage Swell,Substation,SS-04,Medium,76.75,3
9772,266.97,11.33,50.72,Voltage Swell,Substation,SS-04,Medium,81.42,3
9773,260.9,19.14,50.84,Voltage Swell,Substation,SS-04,Medium,76.03,3
9774,266.13,13.42,50.35,Voltage Swell,Substation,SS-04,Medium,85.09,3
9775,268.76,9.13,50.77,Voltage Swell,Substation,SS-04,Medium,78.05,3
9776,254.5,18.49,50.55,Voltage Swell,Substation,SS-04,Medium,76.01,3
9777,257.7,17.48,50.53,Voltage Swell,Substation,SS-04,Medium,77.5,3
9778,256.13,19.09,50.66,Voltage Swell,Substation,SS-04,Medium,85.95,3
9779,264.65,9.09,50.58,Voltage Swell,Substation,SS-04,Medium,80.64,3
9780,248.48,10.43,50.78,Voltage Swell,Substation,SS-04,Medium,77.42,3
9781,252.81,11.42,50.05,Voltage Swell,Substation,SS-04,Medium,81.93,3
9782,264.15,8.27,50.11,Voltage Swell,Substation,SS-04,Medium,85.8,3
9783,259.84,16.58,50.23,Voltage Swell,Substation,SS-04,Medium,87.06,3
9784,257.0,15.32,50.09,Voltage Swell,Substation,SS-04,Medium,78.08,3
9785,264.33,10.69,50.09,Voltage Swell,Substation,SS-04,Medium,83.96,3
9786,258.7,15.29,50.62,Voltage Swell,Substation,SS-04,Medium,82.5,3
9787,257.34,19.09,50.53,Voltage Swell,Substation,SS-04,Medium,84.26,3
9788,251.67,18.45,50.02,Voltage Swell,Substation,SS-04,Medium,83.36,3
9789,254.6,15.25,50.36,Voltage Swell,Substation,SS-04,Medium,85.77,3
9790,245.51,12.87,50.83,Voltage Swell,Substation,SS-04,Medium,78.75,3
9791,246.32,13.96,50.98,Voltage Swell,Substation,SS-04,Medium,75.96,3
9792,246.75,15.14,50.25,Voltage Swell,Substation,SS-04,Medium,81.15,3
9793,265.76,10.39,50.72,Voltage Swell,Substation,SS-04,Medium,82.57,3
9794,267.62,19.68,50.48,Voltage Swell,Substation,SS-04,Medium,83.77,3
9795,263.65,11.82,50.23,Voltage Swell,Substation,SS-04,Medium,89.47,3
9796,255.82,8.02,50.84,Voltage Swell,Substation,SS-04,Medium,83.99,3
9797,249.21,8.36,50.29,Voltage Swell,Substation,SS-04,Medium,88.92,3
9798,268.34,11.73,50.84,Voltage Swell,Substation,SS-04,Medium,81.63,3
9799,261.36,12.01,50.52,Voltage Swell,Substation,SS-04,Medium,79.41,3
9800,246.53,9.67,50.29,Voltage Swell,Substation,SS-04,Medium,89.64,3
9801,269.14,17.93,50.23,Voltage Swell,Substation,SS-04,Medium,81.62,3
9802,255.99,12.64,50.04,Voltage Swell,Substation,SS-04,Medium,83.02,3
9803,246.82,17.62,50.69,Voltage Swell,Substation,SS-04,Medium,80.29,3
9804,261.18,10.8,50.27,Voltage Swell,Substation,SS-04,Medium,79.71,3
9805,264.93,10.53,50.56,Voltage Swell,Substation,SS-04,Medium,78.01,3
9806,252.13,10.83,50.65,Voltage Swell,Substation,SS-04,Medium,82.9,3
9807,263.03,10.64,50.01,Voltage Swell,Substation,SS-04,Medium,85.21,3
9808,247.87,10.96,50.31,Voltage Swell,Substation,SS-04,Medium,86.2,3
9809,260.65,10.21,50.6,Voltage Swell,Substation,SS-04,Medium,85.62,3
9810,254.72,10.95,50.68,Voltage Swell,Substation,SS-04,Medium,84.16,3
9811,246.95,16.0,50.49,Voltage Swell,Substation,SS-04,Medium,86.3,3
9812,249.77,11.1,50.54,Voltage Swell,Substation,SS-04,Medium,82.23,3
9813,254.66,16.95,50.56,Voltage Swell,Substation,SS-04,Medium,85.65,3
9814,248.83,16.75,50.46,Voltage Swell,Substation,SS-04,Medium,75.51,3
9815,250.86,8.31,50.46,Voltage Swell,Substation,SS-04,Medium,79.89,3
9816,269.69,18.42,50.83,Voltage Swell,Substation,SS-04,Medium,82.52,3
9817,265.18,11.2,50.56,Voltage Swell,Substation,SS-04,Medium,80.89,3
9818,249.28,8.87,50.56,Voltage Swell,Substation,SS-04,Medium,76.46,3
9819,262.95,19.06,50.16,Voltage Swell,Substation,SS-04,Medium,82.06,3
9820,263.47,11.44,50.92,Voltage Swell,Substation,SS-04,Medium,88.33,3
9821,247.59,8.33,50.98,Voltage Swell,Substation,SS-04,Medium,89.35,3
9822,255.56,8.61,50.62,Voltage Swell,Substation,SS-04,Medium,79.4,3
9823,268.42,17.54,50.65,Voltage Swell,Substation,SS-04,Medium,79.27,3
9824,262.53,11.47,50.04,Voltage Swell,Substation,SS-04,Medium,82.63,3
9825,257.22,17.16,50.87,Voltage Swell,Substation,SS-04,Medium,80.32,3
9826,256.24,13.64,50.32,Voltage Swell,Substation,SS-04,Medium,86.15,3
9827,258.05,18.97,50.65,Voltage Swell,Substation,SS-04,Medium,78.18,3
9828,249.12,12.47,50.35,Voltage Swell,Substation,SS-04,Medium,81.11,3
9829,249.59,19.74,50.15,Voltage Swell,Substation,SS-04,Medium,84.79,3
9830,245.33,12.88,50.31,Voltage Swell,Substation,SS-04,Medium,80.73,3
9831,257.45,15.2,50.58,Voltage Swell,Substation,SS-04,Medium,84.46,3
9832,266.11,18.64,50.74,Voltage Swell,Substation,SS-04,Medium,76.18,3
9833,269.03,19.37,50.71,Voltage Swell,Substation,SS-04,Medium,82.76,3
9834,251.27,17.08,50.88,Voltage Swell,Substation,SS-04,Medium,84.98,3
9835,260.73,10.32,50.36,Voltage Swell,Substation,SS-04,Medium,85.85,3
9836,245.42,15.7,50.77,Voltage Swell,Substation,SS-04,Medium,80.02,3
9837,246.9,17.83,50.14,Voltage Swell,Substation,SS-04,Medium,80.56,3
9838,262.68,17.8,50.86,Voltage Swell,Substation,SS-04,Medium,82.96,3
9839,256.9,18.18,50.56,Voltage Swell,Substation,SS-04,Medium,83.68,3
9840,255.85,12.47,50.48,Voltage Swell,Substation,SS-04,Medium,80.47,3
9841,253.59,19.92,50.34,Voltage Swell,Substation,SS-04,Medium,78.85,3
9842,253.85,15.09,50.91,Voltage Swell,Substation,SS-04,Medium,86.82,3
9843,266.06,18.31,50.92,Voltage Swell,Substation,SS-04,Medium,78.53,3
9844,256.46,12.62,50.38,Voltage Swell,Substation,SS-04,Medium,84.78,3
9845,255.05,15.4,50.38,Voltage Swell,Substation,SS-04,Medium,79.67,3
9846,253.83,17.65,50.6,Voltage Swell,Substation,SS-04,Medium,89.61,3
9847,265.82,13.83,50.24,Voltage Swell,Substation,SS-04,Medium,85.11,3
9848,263.17,13.57,50.23,Voltage Swell,Substation,SS-04,Medium,83.36,3
9849,251.35,19.28,50.63,Voltage Swell,Substation,SS-04,Medium,79.38,3
9850,250.39,16.6,50.71,Voltage Swell,Substation,SS-04,Medium,83.96,3
9851,260.36,15.25,50.36,Voltage Swell,Substation,SS-04,Medium,89.06,3
9852,256.98,8.24,50.35,Voltage Swell,Substation,SS-04,Medium,76.95,3
9853,254.08,15.3,50.02,Voltage Swell,Substation,SS-04,Medium,88.05,3
9854,260.26,11.54,50.31,Voltage Swell,Substation,SS-04,Medium,81.99,3
9855,251.2,8.05,50.03,Voltage Swell,Substation,SS-04,Medium,80.37,3
9856,248.11,8.27,50.86,Voltage Swell,Substation,SS-04,Medium,79.11,3
9857,257.58,10.15,50.05,Voltage Swell,Substation,SS-04,Medium,86.17,3
9858,248.12,8.31,50.59,Voltage Swell,Substation,SS-04,Medium,75.2,3
9859,255.91,11.47,50.32,Voltage Swell,Substation,SS-04,Medium,75.06,3
9860,269.11,14.2,50.57,Voltage Swell,Substation,SS-04,Medium,84.99,3
9861,264.94,15.29,50.76,Voltage Swell,Substation,SS-04,Medium,81.73,3
9862,254.28,17.88,50.87,Voltage Swell,Substation,SS-04,Medium,77.07,3
9863,258.57,16.2,50.08,Voltage Swell,Substation,SS-04,Medium,88.94,3
9864,258.0,15.75,50.18,Voltage Swell,Substation,SS-04,Medium,78.97,3
9865,248.03,11.17,50.49,Voltage Swell,Substation,SS-04,Medium,87.5,3
9866,258.34,10.93,50.04,Voltage Swell,Substation,SS-04,Medium,84.33,3
9867,255.5,19.81,50.78,Voltage Swell,Substation,SS-04,Medium,87.13,3
9868,245.31,17.33,50.19,Voltage Swell,Substation,SS-04,Medium,83.79,3
9869,256.19,14.86,50.13,Voltage Swell,Substation,SS-04,Medium,81.85,3
9870,245.92,8.49,50.66,Voltage Swell,Substation,SS-04,Medium,89.28,3
9871,264.43,13.63,50.06,Voltage Swell,Substation,SS-04,Medium,75.68,3
9872,248.95,19.71,50.4,Voltage Swell,Substation,SS-04,Medium,87.65,3
9873,262.63,15.27,50.95,Voltage Swell,Substation,SS-04,Medium,78.46,3
9874,256.37,18.38,50.55,Voltage Swell,Substation,SS-04,Medium,78.7,3
9875,250.22,17.03,50.01,Voltage Swell,Substation,SS-04,Medium,88.71,3
9876,245.46,15.57,50.6,Voltage Swell,Substation,SS-04,Medium,83.68,3
9877,256.86,18.23,50.66,Voltage Swell,Substation,SS-04,Medium,86.73,3
9878,247.89,8.6,50.03,Voltage Swell,Substation,SS-04,Medium,77.21,3
9879,261.68,13.93,50.75,Voltage Swell,Substation,SS-04,Medium,77.88,3
9880,254.17,18.66,50.94,Voltage Swell,Substation,SS-04,Medium,88.83,3
9881,265.46,16.26,50.91,Voltage Swell,Substation,SS-04,Medium,85.71,3
9882,268.85,8.3,50.92,Voltage Swell,Substation,SS-04,Medium,83.34,3
9883,247.79,10.58,50.85,Voltage Swell,Substation,SS-04,Medium,82.59,3
9884,269.57,9.41,50.41,Voltage Swell,Substation,SS-04,Medium,79.98,3
9885,257.9,15.6,50.66,Voltage Swell,Substation,SS-04,Medium,75.02,3
9886,247.22,8.42,50.86,Voltage Swell,Substation,SS-04,Medium,79.7,3
9887,254.18,13.4,50.85,Voltage Swell,Substation,SS-04,Medium,75.21,3
9888,247.97,16.22,50.96,Voltage Swell,Substation,SS-04,Medium,84.64,3
9889,251.53,14.24,50.97,Voltage Swell,Substation,SS-04,Medium,82.92,3
9890,254.34,12.6,50.97,Voltage Swell,Substation,SS-04,Medium,85.78,3
9891,262.18,10.78,50.56,Voltage Swell,Substation,SS-04,Medium,80.35,3
9892,251.01,18.75,50.38,Voltage Swell,Substation,SS-04,Medium,79.24,3
9893,268.29,10.37,50.75,Voltage Swell,Substation,SS-04,Medium,84.79,3
9894,268.01,17.98,50.71,Voltage Swell,Substation,SS-04,Medium,79.72,3
9895,257.39,19.33,50.02,Voltage Swell,Substation,SS-04,Medium,86.91,3
9896,251.3,10.22,50.23,Voltage Swell,Substation,SS-04,Medium,75.9,3
9897,269.8,18.44,50.52,Voltage Swell,Substation,SS-04,Medium,85.73,3
9898,258.91,17.74,50.84,Voltage Swell,Substation,SS-04,Medium,78.49,3
9899,256.49,15.62,50.98,Voltage Swell,Substation,SS-04,Medium,85.24,3
9900,267.44,18.15,50.58,Voltage Swell,Substation,SS-04,Medium,88.4,3
9901,254.44,12.55,50.78,Voltage Swell,Substation,SS-04,Medium,77.02,3
9902,252.65,15.3,50.42,Voltage Swell,Substation,SS-04,Medium,89.11,3
9903,268.96,14.03,50.54,Voltage Swell,Substation,SS-04,Medium,85.87,3
9904,256.43,10.28,50.75,Voltage Swell,Substation,SS-04,Medium,86.07,3
9905,251.12,17.99,50.61,Voltage Swell,Substation,SS-04,Medium,78.54,3
9906,261.3,10.8,50.27,Voltage Swell,Substation,SS-04,Medium,87.72,3
9907,268.24,11.08,50.93,Voltage Swell,Substation,SS-04,Medium,78.58,3
9908,247.93,8.7,50.24,Voltage Swell,Substation,SS-04,Medium,80.78,3
9909,268.19,10.91,50.37,Voltage Swell,Substation,SS-04,Medium,86.01,3
9910,252.55,16.21,50.43,Voltage Swell,Substation,SS-04,Medium,77.95,3
9911,263.35,8.32,50.29,Voltage Swell,Substation,SS-04,Medium,80.34,3
9912,256.46,16.16,50.46,Voltage Swell,Substation,SS-04,Medium,83.91,3
9913,259.89,12.48,50.93,Voltage Swell,Substation,SS-04,Medium,89.34,3
9914,259.55,8.86,50.49,Voltage Swell,Substation,SS-04,Medium,77.77,3
9915,257.08,10.26,50.7,Voltage Swell,Substation,SS-04,Medium,76.21,3
9916,268.83,10.34,50.66,Voltage Swell,Substation,SS-04,Medium,88.75,3
9917,251.2,19.21,50.39,Voltage Swell,Substation,SS-04,Medium,89.41,3
9918,269.28,10.26,50.83,Voltage Swell,Substation,SS-04,Medium,77.9,3
9919,250.66,9.01,50.16,Voltage Swell,Substation,SS-04,Medium,84.48,3
9920,256.23,17.49,50.33,Voltage Swell,Substation,SS-04,Medium,89.53,3
9921,246.25,8.76,50.7,Voltage Swell,Substation,SS-04,Medium,88.31,3
9922,264.89,13.88,50.27,Voltage Swell,Substation,SS-04,Medium,75.2,3
9923,257.74,13.71,50.34,Voltage Swell,Substation,SS-04,Medium,83.67,3
9924,263.22,16.41,50.26,Voltage Swell,Substation,SS-04,Medium,83.78,3
9925,248.72,9.46,50.79,Voltage Swell,Substation,SS-04,Medium,85.41,3
9926,264.2,9.83,50.91,Voltage Swell,Substation,SS-04,Medium,77.0,3
9927,266.75,12.23,50.11,Voltage Swell,Substation,SS-04,Medium,79.3,3
9928,249.54,13.89,50.95,Voltage Swell,Substation,SS-04,Medium,79.92,3
9929,260.3,18.7,50.63,Voltage Swell,Substation,SS-04,Medium,80.43,3
9930,269.77,10.25,50.52,Voltage Swell,Substation,SS-04,Medium,86.95,3
9931,245.02,16.42,50.27,Voltage Swell,Substation,SS-04,Medium,77.55,3
9932,251.85,19.6,50.89,Voltage Swell,Substation,SS-04,Medium,78.21,3
9933,247.93,12.37,50.59,Voltage Swell,Substation,SS-04,Medium,88.01,3
9934,269.15,17.01,50.6,Voltage Swell,Substation,SS-04,Medium,77.13,3
9935,246.85,15.15,50.54,Voltage Swell,Substation,SS-04,Medium,87.69,3
9936,253.07,8.48,50.42,Voltage Swell,Substation,SS-04,Medium,89.54,3
9937,264.89,8.41,50.87,Voltage Swell,Substation,SS-04,Medium,82.08,3
9938,254.12,12.16,50.6,Voltage Swell,Substation,SS-04,Medium,82.96,3
9939,261.42,14.88,50.14,Voltage Swell,Substation,SS-04,Medium,78.86,3
9940,266.03,15.96,50.45,Voltage Swell,Substation,SS-04,Medium,77.74,3
9941,245.19,11.74,50.05,Voltage Swell,Substation,SS-04,Medium,82.23,3
9942,265.55,11.42,50.85,Voltage Swell,Substation,SS-04,Medium,85.57,3
9943,248.13,15.73,50.15,Voltage Swell,Substation,SS-04,Medium,84.82,3
9944,248.57,12.71,50.57,Voltage Swell,Substation,SS-04,Medium,75.76,3
9945,248.83,11.84,50.46,Voltage Swell,Substation,SS-04,Medium,87.88,3
9946,249.68,12.17,50.48,Voltage Swell,Substation,SS-04,Medium,79.44,3
9947,260.64,11.08,50.77,Voltage Swell,Substation,SS-04,Medium,82.58,3
9948,247.16,15.52,50.57,Voltage Swell,Substation,SS-04,Medium,80.08,3
9949,245.28,10.41,50.41,Voltage Swell,Substation,SS-04,Medium,78.0,3
9950,259.44,16.55,50.86,Voltage Swell,Substation,SS-04,Medium,84.7,3
9951,262.23,15.3,50.99,Voltage Swell,Substation,SS-04,Medium,78.92,3
9952,251.66,9.52,50.49,Voltage Swell,Substation,SS-04,Medium,76.44,3
9953,251.75,13.79,50.96,Voltage Swell,Substation,SS-04,Medium,89.46,3
9954,263.59,12.67,50.87,Voltage Swell,Substation,SS-04,Medium,88.13,3
9955,267.75,15.68,50.2,Voltage Swell,Substation,SS-04,Medium,76.37,3
9956,267.87,8.67,50.3,Voltage Swell,Substation,SS-04,Medium,82.3,3
9957,245.55,18.88,50.29,Voltage Swell,Substation,SS-04,Medium,75.43,3
9958,269.84,11.74,50.88,Voltage Swell,Substation,SS-04,Medium,81.8,3
9959,261.58,10.89,50.5,Voltage Swell,Substation,SS-04,Medium,78.86,3
9960,268.78,8.73,50.27,Voltage Swell,Substation,SS-04,Medium,88.4,3
9961,257.0,15.2,50.65,Voltage Swell,Substation,SS-04,Medium,76.06,3
9962,245.44,19.25,50.27,Voltage Swell,Substation,SS-04,Medium,80.7,3
9963,262.05,10.84,50.73,Voltage Swell,Substation,SS-04,Medium,81.87,3
9964,266.42,11.34,50.2,Voltage Swell,Substation,SS-04,Medium,87.48,3
9965,253.16,12.94,50.79,Voltage Swell,Substation,SS-04,Medium,84.53,3
9966,256.04,11.0,50.76,Voltage Swell,Substation,SS-04,Medium,77.71,3
9967,268.21,9.8,50.8,Voltage Swell,Substation,SS-04,Medium,81.36,3
9968,249.65,12.83,50.22,Voltage Swell,Substation,SS-04,Medium,77.04,3
9969,250.98,18.41,50.11,Voltage Swell,Substation,SS-04,Medium,89.59,3
9970,245.12,15.9,50.86,Voltage Swell,Substation,SS-04,Medium,89.01,3
9971,248.6,16.38,50.11,Voltage Swell,Substation,SS-04,Medium,80.29,3
9972,263.3,12.15,50.31,Voltage Swell,Substation,SS-04,Medium,76.74,3
9973,246.66,9.38,50.88,Voltage Swell,Substation,SS-04,Medium,75.17,3
9974,262.32,17.22,50.57,Voltage Swell,Substation,SS-04,Medium,85.96,3
9975,261.31,13.47,50.38,Voltage Swell,Substation,SS-04,Medium,89.12,3
9976,269.3,15.82,50.2,Voltage Swell,Substation,SS-04,Medium,81.72,3
9977,257.41,17.1,50.67,Voltage Swell,Substation,SS-04,Medium,82.72,3
9978,262.01,8.29,50.78,Voltage Swell,Substation,SS-04,Medium,78.17,3
9979,261.41,9.37,50.11,Voltage Swell,Substation,SS-04,Medium,75.53,3
9980,267.76,15.25,50.36,Voltage Swell,Substation,SS-04,Medium,86.82,3
9981,260.65,15.44,50.49,Voltage Swell,Substation,SS-04,Medium,75.12,3
9982,251.46,9.31,50.66,Voltage Swell,Substation,SS-04,Medium,78.73,3
9983,256.25,12.24,50.14,Voltage Swell,Substation,SS-04,Medium,89.38,3
9984,268.34,9.02,50.83,Voltage Swell,Substation,SS-04,Medium,82.33,3
9985,264.34,9.81,50.13,Voltage Swell,Substation,SS-04,Medium,88.36,3
9986,267.45,13.59,50.87,Voltage Swell,Substation,SS-04,Medium,85.01,3
9987,249.63,11.95,50.14,Voltage Swell,Substation,SS-04,Medium,86.61,3
9988,269.63,14.56,50.66,Voltage Swell,Substation,SS-04,Medium,86.19,3
9989,250.61,12.03,50.41,Voltage Swell,Substation,SS-04,Medium,83.92,3
9990,266.26,11.05,50.47,Voltage Swell,Substation,SS-04,Medium,86.27,3
9991,247.18,14.15,50.14,Voltage Swell,Substation,SS-04,Medium,83.09,3
9992,264.2,10.84,50.85,Voltage Swell,Substation,SS-04,Medium,80.02,3
9993,249.77,13.58,50.88,Voltage Swell,Substation,SS-04,Medium,76.03,3
9994,253.19,15.84,50.36,Voltage Swell,Substation,SS-04,Medium,76.06,3
9995,253.3,17.85,50.97,Voltage Swell,Substation,SS-04,Medium,75.6,3
9996,259.23,9.26,50.68,Voltage Swell,Substation,SS-04,Medium,75.12,3
9997,245.37,17.32,50.07,Voltage Swell,Substation,SS-04,Medium,79.58,3
9998,268.95,19.82,50.16,Voltage Swell,Substation,SS-04,Medium,83.41,3
9999,258.98,13.43,50.92,Voltage Swell,Substation,SS-04,Medium,86.31,3
10000,264.11,11.23,50.43,Voltage Swell,Substation,SS-04,Medium,82.31,3
